order_item_id,order_id,product_id,quantity,unit_price,unit_cost,line_total,total_item_price,line_profit
ITM-000000001,ORD-00000001,PRD-00036,1,73.99,30.02,73.99,73.99,43.97
ITM-000000002,ORD-00000002,PRD-00064,2,24.99,6.91,49.98,49.98,36.16
ITM-000000003,ORD-00000003,PRD-00059,1,47.49,23.54,47.49,47.49,23.95
ITM-000000004,ORD-00000004,PRD-00094,1,245.99,110.0,245.99,245.99,135.99
ITM-000000005,ORD-00000005,PRD-00023,1,31.99,14.2,31.99,31.99,17.79
ITM-000000006,ORD-00000006,PRD-00090,2,232.99,113.86,465.98,465.98,238.26
ITM-000000007,ORD-00000006,PRD-00006,2,391.99,223.93,783.98,783.98,336.12
ITM-000000008,ORD-00000007,PRD-00060,1,176.49,84.75,176.49,176.49,91.74
ITM-000000009,ORD-00000008,PRD-00017,1,244.99,144.79,244.99,244.99,100.2
ITM-000000010,ORD-00000008,PRD-00007,1,316.99,172.8,316.99,316.99,144.19
ITM-000000011,ORD-00000009,PRD-00085,1,105.99,56.37,105.99,105.99,49.62
ITM-000000012,ORD-00000010,PRD-00090,1,232.99,113.86,232.99,232.99,119.13
ITM-000000013,ORD-00000011,PRD-00070,1,64.99,25.31,64.99,64.99,39.68
ITM-000000014,ORD-00000012,PRD-00050,1,173.99,93.04,173.99,173.99,80.95
ITM-000000015,ORD-00000013,PRD-00059,1,47.49,23.54,47.49,47.49,23.95
ITM-000000016,ORD-00000014,PRD-00076,1,62.99,25.51,62.99,62.99,37.48
ITM-000000017,ORD-00000015,PRD-00037,1,41.99,15.18,41.99,41.99,26.81
ITM-000000018,ORD-00000016,PRD-00093,2,227.99,111.71,455.98,455.98,232.56
ITM-000000019,ORD-00000016,PRD-00050,1,173.99,93.04,173.99,173.99,80.95
ITM-000000020,ORD-00000017,PRD-00070,1,64.99,25.31,64.99,64.99,39.68
ITM-000000021,ORD-00000018,PRD-00051,1,52.99,21.94,52.99,52.99,31.05
ITM-000000022,ORD-00000019,PRD-00090,1,232.99,113.86,232.99,232.99,119.13
ITM-000000023,ORD-00000020,PRD-00018,1,72.99,37.97,72.99,72.99,35.02
ITM-000000024,ORD-00000021,PRD-00026,1,94.99,41.91,94.99,94.99,53.08
ITM-000000025,ORD-00000022,PRD-00073,1,84.49,28.1,84.49,84.49,56.39
ITM-000000026,ORD-00000022,PRD-00055,1,74.99,31.61,74.99,74.99,43.38
ITM-000000027,ORD-00000023,PRD-00005,2,82.99,47.75,165.98,165.98,70.48
ITM-000000028,ORD-00000023,PRD-00012,3,374.49,207.75,1123.47,1123.47,500.22
ITM-000000029,ORD-00000024,PRD-00019,3,339.99,208.97,1019.97,1019.97,393.06
ITM-000000030,ORD-00000025,PRD-00001,1,320.99,176.63,320.99,320.99,144.36
ITM-000000031,ORD-00000025,PRD-00038,1,77.49,36.23,77.49,77.49,41.26
ITM-000000032,ORD-00000026,PRD-00080,1,87.99,32.75,87.99,87.99,55.24
ITM-000000033,ORD-00000027,PRD-00080,1,87.99,32.75,87.99,87.99,55.24
ITM-000000034,ORD-00000027,PRD-00079,2,46.49,15.84,92.98,92.98,61.3
ITM-000000035,ORD-00000028,PRD-00074,1,16.99,6.2,16.99,16.99,10.79
ITM-000000036,ORD-00000029,PRD-00051,2,52.99,21.94,105.98,105.98,62.1
ITM-000000037,ORD-00000030,PRD-00071,1,86.99,31.3,86.99,86.99,55.69
ITM-000000038,ORD-00000031,PRD-00017,1,244.99,144.79,244.99,244.99,100.2
ITM-000000039,ORD-00000032,PRD-00068,1,37.49,12.61,37.49,37.49,24.88
ITM-000000040,ORD-00000033,PRD-00089,3,31.99,18.14,95.97,95.97,41.55
ITM-000000041,ORD-00000034,PRD-00060,1,176.49,84.75,176.49,176.49,91.74
ITM-000000042,ORD-00000035,PRD-00066,2,84.99,33.73,169.98,169.98,102.52
ITM-000000043,ORD-00000036,PRD-00059,1,47.49,23.54,47.49,47.49,23.95
ITM-000000044,ORD-00000036,PRD-00071,1,86.99,31.3,86.99,86.99,55.69
ITM-000000045,ORD-00000036,PRD-00057,1,146.49,75.56,146.49,146.49,70.93
ITM-000000046,ORD-00000037,PRD-00068,1,37.49,12.61,37.49,37.49,24.88
ITM-000000047,ORD-00000037,PRD-00015,1,205.99,123.35,205.99,205.99,82.64
ITM-000000048,ORD-00000037,PRD-00046,1,113.49,52.53,113.49,113.49,60.96
ITM-000000049,ORD-00000038,PRD-00009,1,94.99,52.51,94.99,94.99,42.48
ITM-000000050,ORD-00000039,PRD-00038,1,77.49,36.23,77.49,77.49,41.26
ITM-000000051,ORD-00000040,PRD-00079,2,46.49,15.84,92.98,92.98,61.3
ITM-000000052,ORD-00000041,PRD-00016,1,129.99,78.72,129.99,129.99,51.27
ITM-000000053,ORD-00000042,PRD-00007,2,316.99,172.8,633.98,633.98,288.38
ITM-000000054,ORD-00000043,PRD-00025,1,55.99,23.35,55.99,55.99,32.64
ITM-000000055,ORD-00000044,PRD-00002,1,203.99,113.88,203.99,203.99,90.11
ITM-000000056,ORD-00000044,PRD-00020,3,271.99,147.22,815.97,815.97,374.31
ITM-000000057,ORD-00000044,PRD-00054,1,137.99,68.35,137.99,137.99,69.64
ITM-000000058,ORD-00000045,PRD-00062,1,68.49,27.5,68.49,68.49,40.99
ITM-000000059,ORD-00000046,PRD-00091,1,42.99,22.68,42.99,42.99,20.31
ITM-000000060,ORD-00000047,PRD-00034,1,34.99,12.79,34.99,34.99,22.2
ITM-000000061,ORD-00000048,PRD-00023,1,31.99,14.2,31.99,31.99,17.79
ITM-000000062,ORD-00000049,PRD-00088,1,211.99,101.84,211.99,211.99,110.15
ITM-000000063,ORD-00000049,PRD-00020,3,271.99,147.22,815.97,815.97,374.31
ITM-000000064,ORD-00000050,PRD-00051,1,52.99,21.94,52.99,52.99,31.05
ITM-000000065,ORD-00000051,PRD-00094,2,245.99,110.0,491.98,491.98,271.98
ITM-000000066,ORD-00000052,PRD-00055,1,74.99,31.61,74.99,74.99,43.38
ITM-000000067,ORD-00000052,PRD-00063,2,70.49,27.76,140.98,140.98,85.46
ITM-000000068,ORD-00000053,PRD-00074,1,16.99,6.2,16.99,16.99,10.79
ITM-000000069,ORD-00000053,PRD-00009,1,94.99,52.51,94.99,94.99,42.48
ITM-000000070,ORD-00000053,PRD-00012,1,374.49,207.75,374.49,374.49,166.74
ITM-000000071,ORD-00000054,PRD-00064,1,24.99,6.91,24.99,24.99,18.08
ITM-000000072,ORD-00000054,PRD-00094,1,245.99,110.0,245.99,245.99,135.99
ITM-000000073,ORD-00000054,PRD-00043,2,105.99,49.95,211.98,211.98,112.08
ITM-000000074,ORD-00000055,PRD-00062,1,68.49,27.5,68.49,68.49,40.99
ITM-000000075,ORD-00000056,PRD-00071,1,86.99,31.3,86.99,86.99,55.69
ITM-000000076,ORD-00000056,PRD-00033,1,27.99,11.51,27.99,27.99,16.48
ITM-000000077,ORD-00000057,PRD-00074,2,16.99,6.2,33.98,33.98,21.58
ITM-000000078,ORD-00000058,PRD-00007,1,316.99,172.8,316.99,316.99,144.19
ITM-000000079,ORD-00000059,PRD-00034,1,34.99,12.79,34.99,34.99,22.2
ITM-000000080,ORD-00000060,PRD-00054,1,137.99,68.35,137.99,137.99,69.64
ITM-000000081,ORD-00000061,PRD-00097,1,167.49,87.54,167.49,167.49,79.95
ITM-000000082,ORD-00000062,PRD-00085,1,105.99,56.37,105.99,105.99,49.62
ITM-000000083,ORD-00000063,PRD-00090,3,232.99,113.86,698.97,698.97,357.39
ITM-000000084,ORD-00000064,PRD-00032,1,42.49,17.54,42.49,42.49,24.95
ITM-000000085,ORD-00000065,PRD-00014,1,337.99,200.36,337.99,337.99,137.63
ITM-000000086,ORD-00000066,PRD-00081,1,77.99,39.19,77.99,77.99,38.8
ITM-000000087,ORD-00000067,PRD-00064,1,24.99,6.91,24.99,24.99,18.08
ITM-000000088,ORD-00000067,PRD-00056,1,135.49,71.03,135.49,135.49,64.46
ITM-000000089,ORD-00000068,PRD-00091,1,42.99,22.68,42.99,42.99,20.31
ITM-000000090,ORD-00000069,PRD-00032,1,42.49,17.54,42.49,42.49,24.95
ITM-000000091,ORD-00000070,PRD-00075,1,56.99,20.25,56.99,56.99,36.74
ITM-000000092,ORD-00000070,PRD-00065,1,24.99,5.84,24.99,24.99,19.15
ITM-000000093,ORD-00000071,PRD-00027,2,83.99,34.49,167.98,167.98,99.0
ITM-000000094,ORD-00000072,PRD-00086,1,140.99,72.94,140.99,140.99,68.05
ITM-000000095,ORD-00000073,PRD-00045,1,83.49,36.38,83.49,83.49,47.11
ITM-000000096,ORD-00000073,PRD-00009,1,94.99,52.51,94.99,94.99,42.48
ITM-000000097,ORD-00000074,PRD-00023,1,31.99,14.2,31.99,31.99,17.79
ITM-000000098,ORD-00000075,PRD-00093,1,227.99,111.71,227.99,227.99,116.28
ITM-000000099,ORD-00000075,PRD-00060,1,176.49,84.75,176.49,176.49,91.74
ITM-000000100,ORD-00000076,PRD-00030,1,67.99,29.21,67.99,67.99,38.78
ITM-000000101,ORD-00000077,PRD-00100,1,143.99,66.17,143.99,143.99,77.82
ITM-000000102,ORD-00000078,PRD-00024,2,54.99,26.28,109.98,109.98,57.42
ITM-000000103,ORD-00000079,PRD-00099,1,50.99,27.57,50.99,50.99,23.42
ITM-000000104,ORD-00000080,PRD-00079,1,46.49,15.84,46.49,46.49,30.65
ITM-000000105,ORD-00000080,PRD-00008,1,325.99,186.16,325.99,325.99,139.83
ITM-000000106,ORD-00000081,PRD-00045,1,83.49,36.38,83.49,83.49,47.11
ITM-000000107,ORD-00000082,PRD-00079,1,46.49,15.84,46.49,46.49,30.65
ITM-000000108,ORD-00000083,PRD-00037,1,41.99,15.18,41.99,41.99,26.81
ITM-000000109,ORD-00000083,PRD-00046,1,113.49,52.53,113.49,113.49,60.96
ITM-000000110,ORD-00000084,PRD-00025,1,55.99,23.35,55.99,55.99,32.64
ITM-000000111,ORD-00000085,PRD-00046,1,113.49,52.53,113.49,113.49,60.96
ITM-000000112,ORD-00000086,PRD-00056,1,135.49,71.03,135.49,135.49,64.46
ITM-000000113,ORD-00000087,PRD-00044,1,72.99,36.23,72.99,72.99,36.76
ITM-000000114,ORD-00000087,PRD-00084,1,31.99,15.58,31.99,31.99,16.41
ITM-000000115,ORD-00000088,PRD-00091,1,42.99,22.68,42.99,42.99,20.31
ITM-000000116,ORD-00000089,PRD-00017,1,244.99,144.79,244.99,244.99,100.2
ITM-000000117,ORD-00000090,PRD-00046,1,113.49,52.53,113.49,113.49,60.96
ITM-000000118,ORD-00000090,PRD-00047,1,100.99,42.27,100.99,100.99,58.72
ITM-000000119,ORD-00000091,PRD-00097,1,167.49,87.54,167.49,167.49,79.95
ITM-000000120,ORD-00000091,PRD-00041,1,180.99,84.81,180.99,180.99,96.18
ITM-000000121,ORD-00000092,PRD-00087,1,43.99,24.1,43.99,43.99,19.89
ITM-000000122,ORD-00000093,PRD-00026,1,94.99,41.91,94.99,94.99,53.08
ITM-000000123,ORD-00000094,PRD-00046,1,113.49,52.53,113.49,113.49,60.96
ITM-000000124,ORD-00000095,PRD-00061,1,75.99,20.12,75.99,75.99,55.87
ITM-000000125,ORD-00000096,PRD-00017,1,244.99,144.79,244.99,244.99,100.2
ITM-000000126,ORD-00000097,PRD-00010,1,207.99,120.07,207.99,207.99,87.92
ITM-000000127,ORD-00000098,PRD-00066,1,84.99,33.73,84.99,84.99,51.26
ITM-000000128,ORD-00000099,PRD-00084,1,31.99,15.58,31.99,31.99,16.41
ITM-000000129,ORD-00000100,PRD-00091,1,42.99,22.68,42.99,42.99,20.31
ITM-000000130,ORD-00000100,PRD-00047,1,100.99,42.27,100.99,100.99,58.72
ITM-000000131,ORD-00000101,PRD-00003,1,350.49,212.61,350.49,350.49,137.88
ITM-000000132,ORD-00000102,PRD-00082,1,151.49,68.21,151.49,151.49,83.28
ITM-000000133,ORD-00000103,PRD-00033,2,27.99,11.51,55.98,55.98,32.96
ITM-000000134,ORD-00000104,PRD-00071,1,86.99,31.3,86.99,86.99,55.69
ITM-000000135,ORD-00000104,PRD-00080,1,87.99,32.75,87.99,87.99,55.24
ITM-000000136,ORD-00000105,PRD-00056,1,135.49,71.03,135.49,135.49,64.46
ITM-000000137,ORD-00000106,PRD-00027,2,83.99,34.49,167.98,167.98,99.0
ITM-000000138,ORD-00000107,PRD-00043,1,105.99,49.95,105.99,105.99,56.04
ITM-000000139,ORD-00000107,PRD-00069,1,51.99,14.6,51.99,51.99,37.39
ITM-000000140,ORD-00000107,PRD-00026,1,94.99,41.91,94.99,94.99,53.08
ITM-000000141,ORD-00000108,PRD-00048,1,33.49,15.83,33.49,33.49,17.66
ITM-000000142,ORD-00000109,PRD-00032,2,42.49,17.54,84.98,84.98,49.9
ITM-000000143,ORD-00000110,PRD-00082,1,151.49,68.21,151.49,151.49,83.28
ITM-000000144,ORD-00000111,PRD-00035,1,100.99,39.04,100.99,100.99,61.95
ITM-000000145,ORD-00000112,PRD-00097,1,167.49,87.54,167.49,167.49,79.95
ITM-000000146,ORD-00000113,PRD-00070,2,64.99,25.31,129.98,129.98,79.36
ITM-000000147,ORD-00000114,PRD-00090,1,232.99,113.86,232.99,232.99,119.13
ITM-000000148,ORD-00000114,PRD-00049,1,162.99,86.22,162.99,162.99,76.77
ITM-000000149,ORD-00000114,PRD-00033,1,27.99,11.51,27.99,27.99,16.48
ITM-000000150,ORD-00000115,PRD-00043,1,105.99,49.95,105.99,105.99,56.04
ITM-000000151,ORD-00000115,PRD-00075,1,56.99,20.25,56.99,56.99,36.74
ITM-000000152,ORD-00000116,PRD-00020,1,271.99,147.22,271.99,271.99,124.77
ITM-000000153,ORD-00000117,PRD-00025,1,55.99,23.35,55.99,55.99,32.64
ITM-000000154,ORD-00000118,PRD-00075,1,56.99,20.25,56.99,56.99,36.74
ITM-000000155,ORD-00000118,PRD-00014,1,337.99,200.36,337.99,337.99,137.63
ITM-000000156,ORD-00000119,PRD-00081,1,77.99,39.19,77.99,77.99,38.8
ITM-000000157,ORD-00000120,PRD-00027,1,83.99,34.49,83.99,83.99,49.5
ITM-000000158,ORD-00000121,PRD-00058,1,152.99,69.5,152.99,152.99,83.49
ITM-000000159,ORD-00000122,PRD-00009,1,94.99,52.51,94.99,94.99,42.48
ITM-000000160,ORD-00000123,PRD-00003,1,350.49,212.61,350.49,350.49,137.88
ITM-000000161,ORD-00000124,PRD-00071,1,86.99,31.3,86.99,86.99,55.69
ITM-000000162,ORD-00000125,PRD-00096,1,199.99,116.57,199.99,199.99,83.42
ITM-000000163,ORD-00000126,PRD-00015,1,205.99,123.35,205.99,205.99,82.64
ITM-000000164,ORD-00000127,PRD-00038,1,77.49,36.23,77.49,77.49,41.26
ITM-000000165,ORD-00000127,PRD-00014,1,337.99,200.36,337.99,337.99,137.63
ITM-000000166,ORD-00000128,PRD-00074,1,16.99,6.2,16.99,16.99,10.79
ITM-000000167,ORD-00000129,PRD-00054,1,137.99,68.35,137.99,137.99,69.64
ITM-000000168,ORD-00000130,PRD-00079,1,46.49,15.84,46.49,46.49,30.65
ITM-000000169,ORD-00000130,PRD-00081,1,77.99,39.19,77.99,77.99,38.8
ITM-000000170,ORD-00000130,PRD-00023,1,31.99,14.2,31.99,31.99,17.79
ITM-000000171,ORD-00000131,PRD-00069,2,51.99,14.6,103.98,103.98,74.78
ITM-000000172,ORD-00000131,PRD-00041,2,180.99,84.81,361.98,361.98,192.36
ITM-000000173,ORD-00000131,PRD-00098,1,199.49,113.09,199.49,199.49,86.4
ITM-000000174,ORD-00000132,PRD-00066,1,84.99,33.73,84.99,84.99,51.26
ITM-000000175,ORD-00000133,PRD-00080,1,87.99,32.75,87.99,87.99,55.24
ITM-000000176,ORD-00000134,PRD-00050,1,173.99,93.04,173.99,173.99,80.95
ITM-000000177,ORD-00000134,PRD-00037,1,41.99,15.18,41.99,41.99,26.81
ITM-000000178,ORD-00000135,PRD-00085,1,105.99,56.37,105.99,105.99,49.62
ITM-000000179,ORD-00000136,PRD-00023,1,31.99,14.2,31.99,31.99,17.79
ITM-000000180,ORD-00000136,PRD-00009,1,94.99,52.51,94.99,94.99,42.48
ITM-000000181,ORD-00000137,PRD-00062,3,68.49,27.5,205.47,205.47,122.97
ITM-000000182,ORD-00000138,PRD-00065,1,24.99,5.84,24.99,24.99,19.15
ITM-000000183,ORD-00000138,PRD-00025,1,55.99,23.35,55.99,55.99,32.64
ITM-000000184,ORD-00000139,PRD-00007,1,316.99,172.8,316.99,316.99,144.19
ITM-000000185,ORD-00000139,PRD-00062,2,68.49,27.5,136.98,136.98,81.98
ITM-000000186,ORD-00000139,PRD-00061,1,75.99,20.12,75.99,75.99,55.87
ITM-000000187,ORD-00000140,PRD-00047,2,100.99,42.27,201.98,201.98,117.44
ITM-000000188,ORD-00000141,PRD-00088,1,211.99,101.84,211.99,211.99,110.15
ITM-000000189,ORD-00000141,PRD-00081,1,77.99,39.19,77.99,77.99,38.8
ITM-000000190,ORD-00000141,PRD-00090,1,232.99,113.86,232.99,232.99,119.13
ITM-000000191,ORD-00000142,PRD-00093,1,227.99,111.71,227.99,227.99,116.28
ITM-000000192,ORD-00000143,PRD-00028,1,107.49,45.05,107.49,107.49,62.44
ITM-000000193,ORD-00000144,PRD-00074,1,16.99,6.2,16.99,16.99,10.79
ITM-000000194,ORD-00000144,PRD-00095,1,204.99,100.6,204.99,204.99,104.39
ITM-000000195,ORD-00000145,PRD-00047,2,100.99,42.27,201.98,201.98,117.44
ITM-000000196,ORD-00000145,PRD-00080,1,87.99,32.75,87.99,87.99,55.24
ITM-000000197,ORD-00000146,PRD-00088,1,211.99,101.84,211.99,211.99,110.15
ITM-000000198,ORD-00000146,PRD-00016,1,129.99,78.72,129.99,129.99,51.27
ITM-000000199,ORD-00000147,PRD-00038,1,77.49,36.23,77.49,77.49,41.26
ITM-000000200,ORD-00000147,PRD-00077,1,22.99,8.27,22.99,22.99,14.72
ITM-000000201,ORD-00000147,PRD-00013,1,275.99,176.16,275.99,275.99,99.83
ITM-000000202,ORD-00000148,PRD-00098,1,199.49,113.09,199.49,199.49,86.4
ITM-000000203,ORD-00000148,PRD-00061,1,75.99,20.12,75.99,75.99,55.87
ITM-000000204,ORD-00000149,PRD-00001,1,320.99,176.63,320.99,320.99,144.36
ITM-000000205,ORD-00000149,PRD-00021,1,114.99,46.3,114.99,114.99,68.69
ITM-000000206,ORD-00000149,PRD-00061,1,75.99,20.12,75.99,75.99,55.87
ITM-000000207,ORD-00000150,PRD-00064,1,24.99,6.91,24.99,24.99,18.08
ITM-000000208,ORD-00000151,PRD-00040,3,98.99,45.24,296.97,296.97,161.25
ITM-000000209,ORD-00000152,PRD-00025,1,55.99,23.35,55.99,55.99,32.64
ITM-000000210,ORD-00000153,PRD-00062,1,68.49,27.5,68.49,68.49,40.99
ITM-000000211,ORD-00000153,PRD-00090,1,232.99,113.86,232.99,232.99,119.13
ITM-000000212,ORD-00000154,PRD-00094,1,245.99,110.0,245.99,245.99,135.99
ITM-000000213,ORD-00000154,PRD-00051,1,52.99,21.94,52.99,52.99,31.05
ITM-000000214,ORD-00000155,PRD-00032,1,42.49,17.54,42.49,42.49,24.95
ITM-000000215,ORD-00000155,PRD-00006,1,391.99,223.93,391.99,391.99,168.06
ITM-000000216,ORD-00000156,PRD-00041,1,180.99,84.81,180.99,180.99,96.18
ITM-000000217,ORD-00000157,PRD-00080,1,87.99,32.75,87.99,87.99,55.24
ITM-000000218,ORD-00000157,PRD-00051,2,52.99,21.94,105.98,105.98,62.1
ITM-000000219,ORD-00000158,PRD-00067,1,44.99,16.41,44.99,44.99,28.58
ITM-000000220,ORD-00000159,PRD-00068,1,37.49,12.61,37.49,37.49,24.88
ITM-000000221,ORD-00000160,PRD-00023,1,31.99,14.2,31.99,31.99,17.79
ITM-000000222,ORD-00000161,PRD-00031,1,110.99,51.16,110.99,110.99,59.83
ITM-000000223,ORD-00000162,PRD-00069,2,51.99,14.6,103.98,103.98,74.78
ITM-000000224,ORD-00000163,PRD-00027,1,83.99,34.49,83.99,83.99,49.5
ITM-000000225,ORD-00000163,PRD-00014,2,337.99,200.36,675.98,675.98,275.26
ITM-000000226,ORD-00000163,PRD-00086,1,140.99,72.94,140.99,140.99,68.05
ITM-000000227,ORD-00000164,PRD-00022,1,49.99,20.52,49.99,49.99,29.47
ITM-000000228,ORD-00000164,PRD-00097,1,167.49,87.54,167.49,167.49,79.95
ITM-000000229,ORD-00000165,PRD-00046,1,113.49,52.53,113.49,113.49,60.96
ITM-000000230,ORD-00000166,PRD-00032,1,42.49,17.54,42.49,42.49,24.95
ITM-000000231,ORD-00000166,PRD-00005,1,82.99,47.75,82.99,82.99,35.24
ITM-000000232,ORD-00000166,PRD-00021,1,114.99,46.3,114.99,114.99,68.69
ITM-000000233,ORD-00000167,PRD-00022,1,49.99,20.52,49.99,49.99,29.47
ITM-000000234,ORD-00000167,PRD-00047,1,100.99,42.27,100.99,100.99,58.72
ITM-000000235,ORD-00000168,PRD-00066,1,84.99,33.73,84.99,84.99,51.26
ITM-000000236,ORD-00000169,PRD-00064,1,24.99,6.91,24.99,24.99,18.08
ITM-000000237,ORD-00000169,PRD-00067,1,44.99,16.41,44.99,44.99,28.58
ITM-000000238,ORD-00000169,PRD-00061,1,75.99,20.12,75.99,75.99,55.87
ITM-000000239,ORD-00000170,PRD-00093,1,227.99,111.71,227.99,227.99,116.28
ITM-000000240,ORD-00000170,PRD-00098,1,199.49,113.09,199.49,199.49,86.4
ITM-000000241,ORD-00000171,PRD-00077,1,22.99,8.27,22.99,22.99,14.72
ITM-000000242,ORD-00000172,PRD-00092,1,214.99,101.72,214.99,214.99,113.27
ITM-000000243,ORD-00000173,PRD-00067,1,44.99,16.41,44.99,44.99,28.58
ITM-000000244,ORD-00000173,PRD-00036,1,73.99,30.02,73.99,73.99,43.97
ITM-000000245,ORD-00000174,PRD-00070,1,64.99,25.31,64.99,64.99,39.68
ITM-000000246,ORD-00000175,PRD-00021,3,114.99,46.3,344.97,344.97,206.07
ITM-000000247,ORD-00000176,PRD-00058,3,152.99,69.5,458.97,458.97,250.47
ITM-000000248,ORD-00000176,PRD-00044,3,72.99,36.23,218.97,218.97,110.28
ITM-000000249,ORD-00000177,PRD-00032,1,42.49,17.54,42.49,42.49,24.95
ITM-000000250,ORD-00000178,PRD-00016,1,129.99,78.72,129.99,129.99,51.27
ITM-000000251,ORD-00000179,PRD-00028,1,107.49,45.05,107.49,107.49,62.44
ITM-000000252,ORD-00000180,PRD-00077,1,22.99,8.27,22.99,22.99,14.72
ITM-000000253,ORD-00000180,PRD-00081,1,77.99,39.19,77.99,77.99,38.8
ITM-000000254,ORD-00000181,PRD-00044,1,72.99,36.23,72.99,72.99,36.76
ITM-000000255,ORD-00000182,PRD-00095,1,204.99,100.6,204.99,204.99,104.39
ITM-000000256,ORD-00000183,PRD-00020,1,271.99,147.22,271.99,271.99,124.77
ITM-000000257,ORD-00000184,PRD-00070,1,64.99,25.31,64.99,64.99,39.68
ITM-000000258,ORD-00000184,PRD-00066,1,84.99,33.73,84.99,84.99,51.26
ITM-000000259,ORD-00000185,PRD-00064,1,24.99,6.91,24.99,24.99,18.08
ITM-000000260,ORD-00000186,PRD-00083,2,115.99,58.28,231.98,231.98,115.42
ITM-000000261,ORD-00000186,PRD-00003,3,350.49,212.61,1051.47,1051.47,413.64
ITM-000000262,ORD-00000186,PRD-00091,1,42.99,22.68,42.99,42.99,20.31
ITM-000000263,ORD-00000187,PRD-00035,1,100.99,39.04,100.99,100.99,61.95
ITM-000000264,ORD-00000187,PRD-00053,2,47.99,23.38,95.98,95.98,49.22
ITM-000000265,ORD-00000188,PRD-00085,1,105.99,56.37,105.99,105.99,49.62
ITM-000000266,ORD-00000189,PRD-00087,1,43.99,24.1,43.99,43.99,19.89
ITM-000000267,ORD-00000189,PRD-00085,1,105.99,56.37,105.99,105.99,49.62
ITM-000000268,ORD-00000190,PRD-00094,1,245.99,110.0,245.99,245.99,135.99
ITM-000000269,ORD-00000191,PRD-00049,1,162.99,86.22,162.99,162.99,76.77
ITM-000000270,ORD-00000192,PRD-00081,1,77.99,39.19,77.99,77.99,38.8
ITM-000000271,ORD-00000192,PRD-00062,1,68.49,27.5,68.49,68.49,40.99
ITM-000000272,ORD-00000193,PRD-00043,1,105.99,49.95,105.99,105.99,56.04
ITM-000000273,ORD-00000194,PRD-00032,1,42.49,17.54,42.49,42.49,24.95
ITM-000000274,ORD-00000195,PRD-00091,1,42.99,22.68,42.99,42.99,20.31
ITM-000000275,ORD-00000196,PRD-00032,3,42.49,17.54,127.47,127.47,74.85
ITM-000000276,ORD-00000197,PRD-00009,2,94.99,52.51,189.98,189.98,84.96
ITM-000000277,ORD-00000197,PRD-00041,1,180.99,84.81,180.99,180.99,96.18
ITM-000000278,ORD-00000198,PRD-00046,1,113.49,52.53,113.49,113.49,60.96
ITM-000000279,ORD-00000198,PRD-00084,1,31.99,15.58,31.99,31.99,16.41
ITM-000000280,ORD-00000199,PRD-00037,1,41.99,15.18,41.99,41.99,26.81
ITM-000000281,ORD-00000199,PRD-00093,1,227.99,111.71,227.99,227.99,116.28
ITM-000000282,ORD-00000200,PRD-00007,1,316.99,172.8,316.99,316.99,144.19
ITM-000000283,ORD-00000201,PRD-00063,2,70.49,27.76,140.98,140.98,85.46
ITM-000000284,ORD-00000202,PRD-00092,1,214.99,101.72,214.99,214.99,113.27
ITM-000000285,ORD-00000203,PRD-00019,2,339.99,208.97,679.98,679.98,262.04
ITM-000000286,ORD-00000204,PRD-00026,1,94.99,41.91,94.99,94.99,53.08
ITM-000000287,ORD-00000204,PRD-00010,1,207.99,120.07,207.99,207.99,87.92
ITM-000000288,ORD-00000205,PRD-00003,3,350.49,212.61,1051.47,1051.47,413.64
ITM-000000289,ORD-00000205,PRD-00055,1,74.99,31.61,74.99,74.99,43.38
ITM-000000290,ORD-00000206,PRD-00086,1,140.99,72.94,140.99,140.99,68.05
ITM-000000291,ORD-00000206,PRD-00054,1,137.99,68.35,137.99,137.99,69.64
ITM-000000292,ORD-00000207,PRD-00018,1,72.99,37.97,72.99,72.99,35.02
ITM-000000293,ORD-00000207,PRD-00096,2,199.99,116.57,399.98,399.98,166.84
ITM-000000294,ORD-00000207,PRD-00028,1,107.49,45.05,107.49,107.49,62.44
ITM-000000295,ORD-00000208,PRD-00025,1,55.99,23.35,55.99,55.99,32.64
ITM-000000296,ORD-00000209,PRD-00091,1,42.99,22.68,42.99,42.99,20.31
ITM-000000297,ORD-00000210,PRD-00006,1,391.99,223.93,391.99,391.99,168.06
ITM-000000298,ORD-00000211,PRD-00014,1,337.99,200.36,337.99,337.99,137.63
ITM-000000299,ORD-00000212,PRD-00023,2,31.99,14.2,63.98,63.98,35.58
ITM-000000300,ORD-00000213,PRD-00058,1,152.99,69.5,152.99,152.99,83.49
ITM-000000301,ORD-00000213,PRD-00081,1,77.99,39.19,77.99,77.99,38.8
ITM-000000302,ORD-00000214,PRD-00012,1,374.49,207.75,374.49,374.49,166.74
ITM-000000303,ORD-00000215,PRD-00049,3,162.99,86.22,488.97,488.97,230.31
ITM-000000304,ORD-00000215,PRD-00016,1,129.99,78.72,129.99,129.99,51.27
ITM-000000305,ORD-00000216,PRD-00006,1,391.99,223.93,391.99,391.99,168.06
ITM-000000306,ORD-00000217,PRD-00070,1,64.99,25.31,64.99,64.99,39.68
ITM-000000307,ORD-00000217,PRD-00095,2,204.99,100.6,409.98,409.98,208.78
ITM-000000308,ORD-00000218,PRD-00030,2,67.99,29.21,135.98,135.98,77.56
ITM-000000309,ORD-00000219,PRD-00027,1,83.99,34.49,83.99,83.99,49.5
ITM-000000310,ORD-00000219,PRD-00041,1,180.99,84.81,180.99,180.99,96.18
ITM-000000311,ORD-00000219,PRD-00026,1,94.99,41.91,94.99,94.99,53.08
ITM-000000312,ORD-00000220,PRD-00048,1,33.49,15.83,33.49,33.49,17.66
ITM-000000313,ORD-00000221,PRD-00033,1,27.99,11.51,27.99,27.99,16.48
ITM-000000314,ORD-00000222,PRD-00039,1,40.99,18.26,40.99,40.99,22.73
ITM-000000315,ORD-00000223,PRD-00023,1,31.99,14.2,31.99,31.99,17.79
ITM-000000316,ORD-00000224,PRD-00052,1,118.49,48.71,118.49,118.49,69.78
ITM-000000317,ORD-00000225,PRD-00035,1,100.99,39.04,100.99,100.99,61.95
ITM-000000318,ORD-00000226,PRD-00092,1,214.99,101.72,214.99,214.99,113.27
ITM-000000319,ORD-00000227,PRD-00071,1,86.99,31.3,86.99,86.99,55.69
ITM-000000320,ORD-00000227,PRD-00055,2,74.99,31.61,149.98,149.98,86.76
ITM-000000321,ORD-00000228,PRD-00007,1,316.99,172.8,316.99,316.99,144.19
ITM-000000322,ORD-00000229,PRD-00045,1,83.49,36.38,83.49,83.49,47.11
ITM-000000323,ORD-00000230,PRD-00039,1,40.99,18.26,40.99,40.99,22.73
ITM-000000324,ORD-00000231,PRD-00096,1,199.99,116.57,199.99,199.99,83.42
ITM-000000325,ORD-00000231,PRD-00051,1,52.99,21.94,52.99,52.99,31.05
ITM-000000326,ORD-00000232,PRD-00014,2,337.99,200.36,675.98,675.98,275.26
ITM-000000327,ORD-00000232,PRD-00044,2,72.99,36.23,145.98,145.98,73.52
ITM-000000328,ORD-00000232,PRD-00021,1,114.99,46.3,114.99,114.99,68.69
ITM-000000329,ORD-00000233,PRD-00077,1,22.99,8.27,22.99,22.99,14.72
ITM-000000330,ORD-00000233,PRD-00004,3,294.49,168.07,883.47,883.47,379.26
ITM-000000331,ORD-00000233,PRD-00013,2,275.99,176.16,551.98,551.98,199.66
ITM-000000332,ORD-00000234,PRD-00096,1,199.99,116.57,199.99,199.99,83.42
ITM-000000333,ORD-00000235,PRD-00050,1,173.99,93.04,173.99,173.99,80.95
ITM-000000334,ORD-00000235,PRD-00052,1,118.49,48.71,118.49,118.49,69.78
ITM-000000335,ORD-00000236,PRD-00018,3,72.99,37.97,218.97,218.97,105.06
ITM-000000336,ORD-00000237,PRD-00058,1,152.99,69.5,152.99,152.99,83.49
ITM-000000337,ORD-00000238,PRD-00062,1,68.49,27.5,68.49,68.49,40.99
ITM-000000338,ORD-00000239,PRD-00065,1,24.99,5.84,24.99,24.99,19.15
ITM-000000339,ORD-00000240,PRD-00036,1,73.99,30.02,73.99,73.99,43.97
ITM-000000340,ORD-00000241,PRD-00045,1,83.49,36.38,83.49,83.49,47.11
ITM-000000341,ORD-00000241,PRD-00031,1,110.99,51.16,110.99,110.99,59.83
ITM-000000342,ORD-00000242,PRD-00014,1,337.99,200.36,337.99,337.99,137.63
ITM-000000343,ORD-00000242,PRD-00062,2,68.49,27.5,136.98,136.98,81.98
ITM-000000344,ORD-00000242,PRD-00043,1,105.99,49.95,105.99,105.99,56.04
ITM-000000345,ORD-00000243,PRD-00012,1,374.49,207.75,374.49,374.49,166.74
ITM-000000346,ORD-00000244,PRD-00050,1,173.99,93.04,173.99,173.99,80.95
ITM-000000347,ORD-00000245,PRD-00047,1,100.99,42.27,100.99,100.99,58.72
ITM-000000348,ORD-00000246,PRD-00017,1,244.99,144.79,244.99,244.99,100.2
ITM-000000349,ORD-00000246,PRD-00068,1,37.49,12.61,37.49,37.49,24.88
ITM-000000350,ORD-00000246,PRD-00041,1,180.99,84.81,180.99,180.99,96.18
ITM-000000351,ORD-00000247,PRD-00094,1,245.99,110.0,245.99,245.99,135.99
ITM-000000352,ORD-00000248,PRD-00079,2,46.49,15.84,92.98,92.98,61.3
ITM-000000353,ORD-00000249,PRD-00044,1,72.99,36.23,72.99,72.99,36.76
ITM-000000354,ORD-00000250,PRD-00093,1,227.99,111.71,227.99,227.99,116.28
ITM-000000355,ORD-00000251,PRD-00046,1,113.49,52.53,113.49,113.49,60.96
ITM-000000356,ORD-00000252,PRD-00017,2,244.99,144.79,489.98,489.98,200.4
ITM-000000357,ORD-00000253,PRD-00012,2,374.49,207.75,748.98,748.98,333.48
ITM-000000358,ORD-00000254,PRD-00068,1,37.49,12.61,37.49,37.49,24.88
ITM-000000359,ORD-00000255,PRD-00021,2,114.99,46.3,229.98,229.98,137.38
ITM-000000360,ORD-00000255,PRD-00020,1,271.99,147.22,271.99,271.99,124.77
ITM-000000361,ORD-00000256,PRD-00093,1,227.99,111.71,227.99,227.99,116.28
ITM-000000362,ORD-00000257,PRD-00057,1,146.49,75.56,146.49,146.49,70.93
ITM-000000363,ORD-00000258,PRD-00096,2,199.99,116.57,399.98,399.98,166.84
ITM-000000364,ORD-00000259,PRD-00069,1,51.99,14.6,51.99,51.99,37.39
ITM-000000365,ORD-00000260,PRD-00061,1,75.99,20.12,75.99,75.99,55.87
ITM-000000366,ORD-00000261,PRD-00025,1,55.99,23.35,55.99,55.99,32.64
ITM-000000367,ORD-00000261,PRD-00006,1,391.99,223.93,391.99,391.99,168.06
ITM-000000368,ORD-00000262,PRD-00093,2,227.99,111.71,455.98,455.98,232.56
ITM-000000369,ORD-00000263,PRD-00018,1,72.99,37.97,72.99,72.99,35.02
ITM-000000370,ORD-00000263,PRD-00095,1,204.99,100.6,204.99,204.99,104.39
ITM-000000371,ORD-00000264,PRD-00004,1,294.49,168.07,294.49,294.49,126.42
ITM-000000372,ORD-00000265,PRD-00079,1,46.49,15.84,46.49,46.49,30.65
ITM-000000373,ORD-00000266,PRD-00038,2,77.49,36.23,154.98,154.98,82.52
ITM-000000374,ORD-00000266,PRD-00077,2,22.99,8.27,45.98,45.98,29.44
ITM-000000375,ORD-00000266,PRD-00020,2,271.99,147.22,543.98,543.98,249.54
ITM-000000376,ORD-00000267,PRD-00058,1,152.99,69.5,152.99,152.99,83.49
ITM-000000377,ORD-00000268,PRD-00047,2,100.99,42.27,201.98,201.98,117.44
ITM-000000378,ORD-00000269,PRD-00058,1,152.99,69.5,152.99,152.99,83.49
ITM-000000379,ORD-00000270,PRD-00042,1,121.99,52.18,121.99,121.99,69.81
ITM-000000380,ORD-00000271,PRD-00039,1,40.99,18.26,40.99,40.99,22.73
ITM-000000381,ORD-00000272,PRD-00057,3,146.49,75.56,439.47,439.47,212.79
ITM-000000382,ORD-00000273,PRD-00054,1,137.99,68.35,137.99,137.99,69.64
ITM-000000383,ORD-00000273,PRD-00069,1,51.99,14.6,51.99,51.99,37.39
ITM-000000384,ORD-00000273,PRD-00041,1,180.99,84.81,180.99,180.99,96.18
ITM-000000385,ORD-00000274,PRD-00025,1,55.99,23.35,55.99,55.99,32.64
ITM-000000386,ORD-00000275,PRD-00022,1,49.99,20.52,49.99,49.99,29.47
ITM-000000387,ORD-00000276,PRD-00045,2,83.49,36.38,166.98,166.98,94.22
ITM-000000388,ORD-00000277,PRD-00057,1,146.49,75.56,146.49,146.49,70.93
ITM-000000389,ORD-00000278,PRD-00079,1,46.49,15.84,46.49,46.49,30.65
ITM-000000390,ORD-00000279,PRD-00079,1,46.49,15.84,46.49,46.49,30.65
ITM-000000391,ORD-00000280,PRD-00092,1,214.99,101.72,214.99,214.99,113.27
ITM-000000392,ORD-00000281,PRD-00082,1,151.49,68.21,151.49,151.49,83.28
ITM-000000393,ORD-00000282,PRD-00011,2,179.99,102.31,359.98,359.98,155.36
ITM-000000394,ORD-00000282,PRD-00058,2,152.99,69.5,305.98,305.98,166.98
ITM-000000395,ORD-00000283,PRD-00075,1,56.99,20.25,56.99,56.99,36.74
ITM-000000396,ORD-00000283,PRD-00056,2,135.49,71.03,270.98,270.98,128.92
ITM-000000397,ORD-00000284,PRD-00070,2,64.99,25.31,129.98,129.98,79.36
ITM-000000398,ORD-00000285,PRD-00077,1,22.99,8.27,22.99,22.99,14.72
ITM-000000399,ORD-00000286,PRD-00093,1,227.99,111.71,227.99,227.99,116.28
ITM-000000400,ORD-00000287,PRD-00038,1,77.49,36.23,77.49,77.49,41.26
ITM-000000401,ORD-00000288,PRD-00004,1,294.49,168.07,294.49,294.49,126.42
ITM-000000402,ORD-00000288,PRD-00018,1,72.99,37.97,72.99,72.99,35.02
ITM-000000403,ORD-00000289,PRD-00064,1,24.99,6.91,24.99,24.99,18.08
ITM-000000404,ORD-00000290,PRD-00055,1,74.99,31.61,74.99,74.99,43.38
ITM-000000405,ORD-00000290,PRD-00056,1,135.49,71.03,135.49,135.49,64.46
ITM-000000406,ORD-00000290,PRD-00007,1,316.99,172.8,316.99,316.99,144.19
ITM-000000407,ORD-00000291,PRD-00082,1,151.49,68.21,151.49,151.49,83.28
ITM-000000408,ORD-00000292,PRD-00051,1,52.99,21.94,52.99,52.99,31.05
ITM-000000409,ORD-00000293,PRD-00086,1,140.99,72.94,140.99,140.99,68.05
ITM-000000410,ORD-00000294,PRD-00039,1,40.99,18.26,40.99,40.99,22.73
ITM-000000411,ORD-00000294,PRD-00044,2,72.99,36.23,145.98,145.98,73.52
ITM-000000412,ORD-00000295,PRD-00006,2,391.99,223.93,783.98,783.98,336.12
ITM-000000413,ORD-00000295,PRD-00010,1,207.99,120.07,207.99,207.99,87.92
ITM-000000414,ORD-00000295,PRD-00022,1,49.99,20.52,49.99,49.99,29.47
ITM-000000415,ORD-00000296,PRD-00025,1,55.99,23.35,55.99,55.99,32.64
ITM-000000416,ORD-00000297,PRD-00041,1,180.99,84.81,180.99,180.99,96.18
ITM-000000417,ORD-00000298,PRD-00062,1,68.49,27.5,68.49,68.49,40.99
ITM-000000418,ORD-00000298,PRD-00085,1,105.99,56.37,105.99,105.99,49.62
ITM-000000419,ORD-00000299,PRD-00044,1,72.99,36.23,72.99,72.99,36.76
ITM-000000420,ORD-00000300,PRD-00015,1,205.99,123.35,205.99,205.99,82.64
ITM-000000421,ORD-00000301,PRD-00061,1,75.99,20.12,75.99,75.99,55.87
ITM-000000422,ORD-00000301,PRD-00027,3,83.99,34.49,251.97,251.97,148.5
ITM-000000423,ORD-00000301,PRD-00068,1,37.49,12.61,37.49,37.49,24.88
ITM-000000424,ORD-00000302,PRD-00072,2,36.99,11.8,73.98,73.98,50.38
ITM-000000425,ORD-00000303,PRD-00044,1,72.99,36.23,72.99,72.99,36.76
ITM-000000426,ORD-00000303,PRD-00016,2,129.99,78.72,259.98,259.98,102.54
ITM-000000427,ORD-00000303,PRD-00044,3,72.99,36.23,218.97,218.97,110.28
ITM-000000428,ORD-00000304,PRD-00091,1,42.99,22.68,42.99,42.99,20.31
ITM-000000429,ORD-00000305,PRD-00090,1,232.99,113.86,232.99,232.99,119.13
ITM-000000430,ORD-00000305,PRD-00076,1,62.99,25.51,62.99,62.99,37.48
ITM-000000431,ORD-00000306,PRD-00036,1,73.99,30.02,73.99,73.99,43.97
ITM-000000432,ORD-00000307,PRD-00069,1,51.99,14.6,51.99,51.99,37.39
ITM-000000433,ORD-00000307,PRD-00028,1,107.49,45.05,107.49,107.49,62.44
ITM-000000434,ORD-00000307,PRD-00016,1,129.99,78.72,129.99,129.99,51.27
ITM-000000435,ORD-00000308,PRD-00087,1,43.99,24.1,43.99,43.99,19.89
ITM-000000436,ORD-00000308,PRD-00040,1,98.99,45.24,98.99,98.99,53.75
ITM-000000437,ORD-00000309,PRD-00018,1,72.99,37.97,72.99,72.99,35.02
ITM-000000438,ORD-00000309,PRD-00083,1,115.99,58.28,115.99,115.99,57.71
ITM-000000439,ORD-00000310,PRD-00052,1,118.49,48.71,118.49,118.49,69.78
ITM-000000440,ORD-00000311,PRD-00031,1,110.99,51.16,110.99,110.99,59.83
ITM-000000441,ORD-00000312,PRD-00088,1,211.99,101.84,211.99,211.99,110.15
ITM-000000442,ORD-00000313,PRD-00052,1,118.49,48.71,118.49,118.49,69.78
ITM-000000443,ORD-00000313,PRD-00052,2,118.49,48.71,236.98,236.98,139.56
ITM-000000444,ORD-00000313,PRD-00048,1,33.49,15.83,33.49,33.49,17.66
ITM-000000445,ORD-00000314,PRD-00008,2,325.99,186.16,651.98,651.98,279.66
ITM-000000446,ORD-00000315,PRD-00086,1,140.99,72.94,140.99,140.99,68.05
ITM-000000447,ORD-00000316,PRD-00040,2,98.99,45.24,197.98,197.98,107.5
ITM-000000448,ORD-00000317,PRD-00075,1,56.99,20.25,56.99,56.99,36.74
ITM-000000449,ORD-00000318,PRD-00066,1,84.99,33.73,84.99,84.99,51.26
ITM-000000450,ORD-00000319,PRD-00031,1,110.99,51.16,110.99,110.99,59.83
ITM-000000451,ORD-00000320,PRD-00093,1,227.99,111.71,227.99,227.99,116.28
ITM-000000452,ORD-00000321,PRD-00066,2,84.99,33.73,169.98,169.98,102.52
ITM-000000453,ORD-00000322,PRD-00048,1,33.49,15.83,33.49,33.49,17.66
ITM-000000454,ORD-00000322,PRD-00076,1,62.99,25.51,62.99,62.99,37.48
ITM-000000455,ORD-00000323,PRD-00023,1,31.99,14.2,31.99,31.99,17.79
ITM-000000456,ORD-00000324,PRD-00039,1,40.99,18.26,40.99,40.99,22.73
ITM-000000457,ORD-00000324,PRD-00061,1,75.99,20.12,75.99,75.99,55.87
ITM-000000458,ORD-00000324,PRD-00093,1,227.99,111.71,227.99,227.99,116.28
ITM-000000459,ORD-00000325,PRD-00091,1,42.99,22.68,42.99,42.99,20.31
ITM-000000460,ORD-00000326,PRD-00081,1,77.99,39.19,77.99,77.99,38.8
ITM-000000461,ORD-00000327,PRD-00010,1,207.99,120.07,207.99,207.99,87.92
ITM-000000462,ORD-00000328,PRD-00077,1,22.99,8.27,22.99,22.99,14.72
ITM-000000463,ORD-00000328,PRD-00050,1,173.99,93.04,173.99,173.99,80.95
ITM-000000464,ORD-00000329,PRD-00076,1,62.99,25.51,62.99,62.99,37.48
ITM-000000465,ORD-00000330,PRD-00001,1,320.99,176.63,320.99,320.99,144.36
ITM-000000466,ORD-00000330,PRD-00055,1,74.99,31.61,74.99,74.99,43.38
ITM-000000467,ORD-00000331,PRD-00075,1,56.99,20.25,56.99,56.99,36.74
ITM-000000468,ORD-00000332,PRD-00047,2,100.99,42.27,201.98,201.98,117.44
ITM-000000469,ORD-00000333,PRD-00020,1,271.99,147.22,271.99,271.99,124.77
ITM-000000470,ORD-00000334,PRD-00074,1,16.99,6.2,16.99,16.99,10.79
ITM-000000471,ORD-00000335,PRD-00088,1,211.99,101.84,211.99,211.99,110.15
ITM-000000472,ORD-00000336,PRD-00068,1,37.49,12.61,37.49,37.49,24.88
ITM-000000473,ORD-00000336,PRD-00067,1,44.99,16.41,44.99,44.99,28.58
ITM-000000474,ORD-00000337,PRD-00059,1,47.49,23.54,47.49,47.49,23.95
ITM-000000475,ORD-00000337,PRD-00080,1,87.99,32.75,87.99,87.99,55.24
ITM-000000476,ORD-00000338,PRD-00024,2,54.99,26.28,109.98,109.98,57.42
ITM-000000477,ORD-00000338,PRD-00070,2,64.99,25.31,129.98,129.98,79.36
ITM-000000478,ORD-00000339,PRD-00025,1,55.99,23.35,55.99,55.99,32.64
ITM-000000479,ORD-00000340,PRD-00067,1,44.99,16.41,44.99,44.99,28.58
ITM-000000480,ORD-00000341,PRD-00009,1,94.99,52.51,94.99,94.99,42.48
ITM-000000481,ORD-00000342,PRD-00010,2,207.99,120.07,415.98,415.98,175.84
ITM-000000482,ORD-00000342,PRD-00074,1,16.99,6.2,16.99,16.99,10.79
ITM-000000483,ORD-00000342,PRD-00059,1,47.49,23.54,47.49,47.49,23.95
ITM-000000484,ORD-00000343,PRD-00035,1,100.99,39.04,100.99,100.99,61.95
ITM-000000485,ORD-00000343,PRD-00050,1,173.99,93.04,173.99,173.99,80.95
ITM-000000486,ORD-00000344,PRD-00070,1,64.99,25.31,64.99,64.99,39.68
ITM-000000487,ORD-00000345,PRD-00077,1,22.99,8.27,22.99,22.99,14.72
ITM-000000488,ORD-00000345,PRD-00069,1,51.99,14.6,51.99,51.99,37.39
ITM-000000489,ORD-00000346,PRD-00061,1,75.99,20.12,75.99,75.99,55.87
ITM-000000490,ORD-00000347,PRD-00038,1,77.49,36.23,77.49,77.49,41.26
ITM-000000491,ORD-00000347,PRD-00089,2,31.99,18.14,63.98,63.98,27.7
ITM-000000492,ORD-00000347,PRD-00069,1,51.99,14.6,51.99,51.99,37.39
ITM-000000493,ORD-00000348,PRD-00061,1,75.99,20.12,75.99,75.99,55.87
ITM-000000494,ORD-00000348,PRD-00045,2,83.49,36.38,166.98,166.98,94.22
ITM-000000495,ORD-00000348,PRD-00092,1,214.99,101.72,214.99,214.99,113.27
ITM-000000496,ORD-00000349,PRD-00013,1,275.99,176.16,275.99,275.99,99.83
ITM-000000497,ORD-00000350,PRD-00055,1,74.99,31.61,74.99,74.99,43.38
ITM-000000498,ORD-00000351,PRD-00088,1,211.99,101.84,211.99,211.99,110.15
ITM-000000499,ORD-00000352,PRD-00053,1,47.99,23.38,47.99,47.99,24.61
ITM-000000500,ORD-00000353,PRD-00004,1,294.49,168.07,294.49,294.49,126.42
ITM-000000501,ORD-00000353,PRD-00020,1,271.99,147.22,271.99,271.99,124.77
ITM-000000502,ORD-00000353,PRD-00011,1,179.99,102.31,179.99,179.99,77.68
ITM-000000503,ORD-00000354,PRD-00031,1,110.99,51.16,110.99,110.99,59.83
ITM-000000504,ORD-00000355,PRD-00015,1,205.99,123.35,205.99,205.99,82.64
ITM-000000505,ORD-00000356,PRD-00022,3,49.99,20.52,149.97,149.97,88.41
ITM-000000506,ORD-00000357,PRD-00079,2,46.49,15.84,92.98,92.98,61.3
ITM-000000507,ORD-00000358,PRD-00044,1,72.99,36.23,72.99,72.99,36.76
ITM-000000508,ORD-00000359,PRD-00023,2,31.99,14.2,63.98,63.98,35.58
ITM-000000509,ORD-00000360,PRD-00099,1,50.99,27.57,50.99,50.99,23.42
ITM-000000510,ORD-00000361,PRD-00087,1,43.99,24.1,43.99,43.99,19.89
ITM-000000511,ORD-00000362,PRD-00024,1,54.99,26.28,54.99,54.99,28.71
ITM-000000512,ORD-00000363,PRD-00061,1,75.99,20.12,75.99,75.99,55.87
ITM-000000513,ORD-00000364,PRD-00014,2,337.99,200.36,675.98,675.98,275.26
ITM-000000514,ORD-00000365,PRD-00021,1,114.99,46.3,114.99,114.99,68.69
ITM-000000515,ORD-00000366,PRD-00042,1,121.99,52.18,121.99,121.99,69.81
ITM-000000516,ORD-00000366,PRD-00018,1,72.99,37.97,72.99,72.99,35.02
ITM-000000517,ORD-00000367,PRD-00095,1,204.99,100.6,204.99,204.99,104.39
ITM-000000518,ORD-00000367,PRD-00011,1,179.99,102.31,179.99,179.99,77.68
ITM-000000519,ORD-00000368,PRD-00096,1,199.99,116.57,199.99,199.99,83.42
ITM-000000520,ORD-00000369,PRD-00019,1,339.99,208.97,339.99,339.99,131.02
ITM-000000521,ORD-00000370,PRD-00017,2,244.99,144.79,489.98,489.98,200.4
ITM-000000522,ORD-00000371,PRD-00056,1,135.49,71.03,135.49,135.49,64.46
ITM-000000523,ORD-00000371,PRD-00007,2,316.99,172.8,633.98,633.98,288.38
ITM-000000524,ORD-00000372,PRD-00077,1,22.99,8.27,22.99,22.99,14.72
ITM-000000525,ORD-00000373,PRD-00074,1,16.99,6.2,16.99,16.99,10.79
ITM-000000526,ORD-00000373,PRD-00012,1,374.49,207.75,374.49,374.49,166.74
ITM-000000527,ORD-00000374,PRD-00048,3,33.49,15.83,100.47,100.47,52.98
ITM-000000528,ORD-00000374,PRD-00095,1,204.99,100.6,204.99,204.99,104.39
ITM-000000529,ORD-00000375,PRD-00052,2,118.49,48.71,236.98,236.98,139.56
ITM-000000530,ORD-00000376,PRD-00034,1,34.99,12.79,34.99,34.99,22.2
ITM-000000531,ORD-00000377,PRD-00081,1,77.99,39.19,77.99,77.99,38.8
ITM-000000532,ORD-00000378,PRD-00062,1,68.49,27.5,68.49,68.49,40.99
ITM-000000533,ORD-00000379,PRD-00055,1,74.99,31.61,74.99,74.99,43.38
ITM-000000534,ORD-00000380,PRD-00071,1,86.99,31.3,86.99,86.99,55.69
ITM-000000535,ORD-00000381,PRD-00072,1,36.99,11.8,36.99,36.99,25.19
ITM-000000536,ORD-00000382,PRD-00008,1,325.99,186.16,325.99,325.99,139.83
ITM-000000537,ORD-00000383,PRD-00009,1,94.99,52.51,94.99,94.99,42.48
ITM-000000538,ORD-00000384,PRD-00048,1,33.49,15.83,33.49,33.49,17.66
ITM-000000539,ORD-00000385,PRD-00077,1,22.99,8.27,22.99,22.99,14.72
ITM-000000540,ORD-00000386,PRD-00098,1,199.49,113.09,199.49,199.49,86.4
ITM-000000541,ORD-00000387,PRD-00086,1,140.99,72.94,140.99,140.99,68.05
ITM-000000542,ORD-00000387,PRD-00002,2,203.99,113.88,407.98,407.98,180.22
ITM-000000543,ORD-00000388,PRD-00014,1,337.99,200.36,337.99,337.99,137.63
ITM-000000544,ORD-00000389,PRD-00062,1,68.49,27.5,68.49,68.49,40.99
ITM-000000545,ORD-00000390,PRD-00033,1,27.99,11.51,27.99,27.99,16.48
ITM-000000546,ORD-00000391,PRD-00032,1,42.49,17.54,42.49,42.49,24.95
ITM-000000547,ORD-00000392,PRD-00005,1,82.99,47.75,82.99,82.99,35.24
ITM-000000548,ORD-00000393,PRD-00092,1,214.99,101.72,214.99,214.99,113.27
ITM-000000549,ORD-00000393,PRD-00017,2,244.99,144.79,489.98,489.98,200.4
ITM-000000550,ORD-00000394,PRD-00079,1,46.49,15.84,46.49,46.49,30.65
ITM-000000551,ORD-00000395,PRD-00095,2,204.99,100.6,409.98,409.98,208.78
ITM-000000552,ORD-00000396,PRD-00008,1,325.99,186.16,325.99,325.99,139.83
ITM-000000553,ORD-00000397,PRD-00092,2,214.99,101.72,429.98,429.98,226.54
ITM-000000554,ORD-00000398,PRD-00043,1,105.99,49.95,105.99,105.99,56.04
ITM-000000555,ORD-00000398,PRD-00056,2,135.49,71.03,270.98,270.98,128.92
ITM-000000556,ORD-00000399,PRD-00013,1,275.99,176.16,275.99,275.99,99.83
ITM-000000557,ORD-00000399,PRD-00082,2,151.49,68.21,302.98,302.98,166.56
ITM-000000558,ORD-00000400,PRD-00061,1,75.99,20.12,75.99,75.99,55.87
ITM-000000559,ORD-00000400,PRD-00053,1,47.99,23.38,47.99,47.99,24.61
ITM-000000560,ORD-00000401,PRD-00061,1,75.99,20.12,75.99,75.99,55.87
ITM-000000561,ORD-00000401,PRD-00007,1,316.99,172.8,316.99,316.99,144.19
ITM-000000562,ORD-00000402,PRD-00055,2,74.99,31.61,149.98,149.98,86.76
ITM-000000563,ORD-00000403,PRD-00046,1,113.49,52.53,113.49,113.49,60.96
ITM-000000564,ORD-00000403,PRD-00041,1,180.99,84.81,180.99,180.99,96.18
ITM-000000565,ORD-00000404,PRD-00046,2,113.49,52.53,226.98,226.98,121.92
ITM-000000566,ORD-00000405,PRD-00082,1,151.49,68.21,151.49,151.49,83.28
ITM-000000567,ORD-00000405,PRD-00030,1,67.99,29.21,67.99,67.99,38.78
ITM-000000568,ORD-00000405,PRD-00040,2,98.99,45.24,197.98,197.98,107.5
ITM-000000569,ORD-00000406,PRD-00053,1,47.99,23.38,47.99,47.99,24.61
ITM-000000570,ORD-00000407,PRD-00007,1,316.99,172.8,316.99,316.99,144.19
ITM-000000571,ORD-00000408,PRD-00063,2,70.49,27.76,140.98,140.98,85.46
ITM-000000572,ORD-00000409,PRD-00016,1,129.99,78.72,129.99,129.99,51.27
ITM-000000573,ORD-00000410,PRD-00057,1,146.49,75.56,146.49,146.49,70.93
ITM-000000574,ORD-00000411,PRD-00071,1,86.99,31.3,86.99,86.99,55.69
ITM-000000575,ORD-00000412,PRD-00095,1,204.99,100.6,204.99,204.99,104.39
ITM-000000576,ORD-00000413,PRD-00083,1,115.99,58.28,115.99,115.99,57.71
ITM-000000577,ORD-00000414,PRD-00059,2,47.49,23.54,94.98,94.98,47.9
ITM-000000578,ORD-00000415,PRD-00046,2,113.49,52.53,226.98,226.98,121.92
ITM-000000579,ORD-00000416,PRD-00034,2,34.99,12.79,69.98,69.98,44.4
ITM-000000580,ORD-00000417,PRD-00012,1,374.49,207.75,374.49,374.49,166.74
ITM-000000581,ORD-00000418,PRD-00016,1,129.99,78.72,129.99,129.99,51.27
ITM-000000582,ORD-00000419,PRD-00050,1,173.99,93.04,173.99,173.99,80.95
ITM-000000583,ORD-00000420,PRD-00068,1,37.49,12.61,37.49,37.49,24.88
ITM-000000584,ORD-00000420,PRD-00048,1,33.49,15.83,33.49,33.49,17.66
ITM-000000585,ORD-00000421,PRD-00098,2,199.49,113.09,398.98,398.98,172.8
ITM-000000586,ORD-00000421,PRD-00043,1,105.99,49.95,105.99,105.99,56.04
ITM-000000587,ORD-00000422,PRD-00012,1,374.49,207.75,374.49,374.49,166.74
ITM-000000588,ORD-00000423,PRD-00003,1,350.49,212.61,350.49,350.49,137.88
ITM-000000589,ORD-00000423,PRD-00016,1,129.99,78.72,129.99,129.99,51.27
ITM-000000590,ORD-00000423,PRD-00090,1,232.99,113.86,232.99,232.99,119.13
ITM-000000591,ORD-00000424,PRD-00021,1,114.99,46.3,114.99,114.99,68.69
ITM-000000592,ORD-00000424,PRD-00075,1,56.99,20.25,56.99,56.99,36.74
ITM-000000593,ORD-00000425,PRD-00082,1,151.49,68.21,151.49,151.49,83.28
ITM-000000594,ORD-00000426,PRD-00049,1,162.99,86.22,162.99,162.99,76.77
ITM-000000595,ORD-00000427,PRD-00029,1,94.49,33.63,94.49,94.49,60.86
ITM-000000596,ORD-00000428,PRD-00059,1,47.49,23.54,47.49,47.49,23.95
ITM-000000597,ORD-00000429,PRD-00050,1,173.99,93.04,173.99,173.99,80.95
ITM-000000598,ORD-00000429,PRD-00032,1,42.49,17.54,42.49,42.49,24.95
ITM-000000599,ORD-00000430,PRD-00038,1,77.49,36.23,77.49,77.49,41.26
ITM-000000600,ORD-00000430,PRD-00094,1,245.99,110.0,245.99,245.99,135.99
ITM-000000601,ORD-00000430,PRD-00011,1,179.99,102.31,179.99,179.99,77.68
ITM-000000602,ORD-00000431,PRD-00046,1,113.49,52.53,113.49,113.49,60.96
ITM-000000603,ORD-00000432,PRD-00031,1,110.99,51.16,110.99,110.99,59.83
ITM-000000604,ORD-00000433,PRD-00093,1,227.99,111.71,227.99,227.99,116.28
ITM-000000605,ORD-00000434,PRD-00076,1,62.99,25.51,62.99,62.99,37.48
ITM-000000606,ORD-00000435,PRD-00079,1,46.49,15.84,46.49,46.49,30.65
ITM-000000607,ORD-00000436,PRD-00072,1,36.99,11.8,36.99,36.99,25.19
ITM-000000608,ORD-00000437,PRD-00084,1,31.99,15.58,31.99,31.99,16.41
ITM-000000609,ORD-00000437,PRD-00019,1,339.99,208.97,339.99,339.99,131.02
ITM-000000610,ORD-00000438,PRD-00090,2,232.99,113.86,465.98,465.98,238.26
ITM-000000611,ORD-00000439,PRD-00029,1,94.49,33.63,94.49,94.49,60.86
ITM-000000612,ORD-00000440,PRD-00056,1,135.49,71.03,135.49,135.49,64.46
ITM-000000613,ORD-00000441,PRD-00008,1,325.99,186.16,325.99,325.99,139.83
ITM-000000614,ORD-00000442,PRD-00027,2,83.99,34.49,167.98,167.98,99.0
ITM-000000615,ORD-00000443,PRD-00041,1,180.99,84.81,180.99,180.99,96.18
ITM-000000616,ORD-00000444,PRD-00076,2,62.99,25.51,125.98,125.98,74.96
ITM-000000617,ORD-00000445,PRD-00090,1,232.99,113.86,232.99,232.99,119.13
ITM-000000618,ORD-00000446,PRD-00001,1,320.99,176.63,320.99,320.99,144.36
ITM-000000619,ORD-00000447,PRD-00066,1,84.99,33.73,84.99,84.99,51.26
ITM-000000620,ORD-00000448,PRD-00023,1,31.99,14.2,31.99,31.99,17.79
ITM-000000621,ORD-00000448,PRD-00007,1,316.99,172.8,316.99,316.99,144.19
ITM-000000622,ORD-00000448,PRD-00084,2,31.99,15.58,63.98,63.98,32.82
ITM-000000623,ORD-00000449,PRD-00067,1,44.99,16.41,44.99,44.99,28.58
ITM-000000624,ORD-00000450,PRD-00021,2,114.99,46.3,229.98,229.98,137.38
ITM-000000625,ORD-00000451,PRD-00081,1,77.99,39.19,77.99,77.99,38.8
ITM-000000626,ORD-00000452,PRD-00061,1,75.99,20.12,75.99,75.99,55.87
ITM-000000627,ORD-00000453,PRD-00034,1,34.99,12.79,34.99,34.99,22.2
ITM-000000628,ORD-00000453,PRD-00086,1,140.99,72.94,140.99,140.99,68.05
ITM-000000629,ORD-00000454,PRD-00042,2,121.99,52.18,243.98,243.98,139.62
ITM-000000630,ORD-00000455,PRD-00024,1,54.99,26.28,54.99,54.99,28.71
ITM-000000631,ORD-00000455,PRD-00076,1,62.99,25.51,62.99,62.99,37.48
ITM-000000632,ORD-00000456,PRD-00056,1,135.49,71.03,135.49,135.49,64.46
ITM-000000633,ORD-00000457,PRD-00028,1,107.49,45.05,107.49,107.49,62.44
ITM-000000634,ORD-00000458,PRD-00063,1,70.49,27.76,70.49,70.49,42.73
ITM-000000635,ORD-00000458,PRD-00095,1,204.99,100.6,204.99,204.99,104.39
ITM-000000636,ORD-00000459,PRD-00014,1,337.99,200.36,337.99,337.99,137.63
ITM-000000637,ORD-00000460,PRD-00046,1,113.49,52.53,113.49,113.49,60.96
ITM-000000638,ORD-00000460,PRD-00018,1,72.99,37.97,72.99,72.99,35.02
ITM-000000639,ORD-00000460,PRD-00013,1,275.99,176.16,275.99,275.99,99.83
ITM-000000640,ORD-00000461,PRD-00080,1,87.99,32.75,87.99,87.99,55.24
ITM-000000641,ORD-00000461,PRD-00069,2,51.99,14.6,103.98,103.98,74.78
ITM-000000642,ORD-00000462,PRD-00032,2,42.49,17.54,84.98,84.98,49.9
ITM-000000643,ORD-00000463,PRD-00014,1,337.99,200.36,337.99,337.99,137.63
ITM-000000644,ORD-00000463,PRD-00047,1,100.99,42.27,100.99,100.99,58.72
ITM-000000645,ORD-00000464,PRD-00023,1,31.99,14.2,31.99,31.99,17.79
ITM-000000646,ORD-00000465,PRD-00064,3,24.99,6.91,74.97,74.97,54.24
ITM-000000647,ORD-00000466,PRD-00096,1,199.99,116.57,199.99,199.99,83.42
ITM-000000648,ORD-00000467,PRD-00029,1,94.49,33.63,94.49,94.49,60.86
ITM-000000649,ORD-00000468,PRD-00089,2,31.99,18.14,63.98,63.98,27.7
ITM-000000650,ORD-00000469,PRD-00007,1,316.99,172.8,316.99,316.99,144.19
ITM-000000651,ORD-00000469,PRD-00033,1,27.99,11.51,27.99,27.99,16.48
ITM-000000652,ORD-00000470,PRD-00037,1,41.99,15.18,41.99,41.99,26.81
ITM-000000653,ORD-00000471,PRD-00048,1,33.49,15.83,33.49,33.49,17.66
ITM-000000654,ORD-00000472,PRD-00051,1,52.99,21.94,52.99,52.99,31.05
ITM-000000655,ORD-00000473,PRD-00026,1,94.99,41.91,94.99,94.99,53.08
ITM-000000656,ORD-00000473,PRD-00024,1,54.99,26.28,54.99,54.99,28.71
ITM-000000657,ORD-00000474,PRD-00031,1,110.99,51.16,110.99,110.99,59.83
ITM-000000658,ORD-00000475,PRD-00021,1,114.99,46.3,114.99,114.99,68.69
ITM-000000659,ORD-00000475,PRD-00088,2,211.99,101.84,423.98,423.98,220.3
ITM-000000660,ORD-00000476,PRD-00041,1,180.99,84.81,180.99,180.99,96.18
ITM-000000661,ORD-00000476,PRD-00061,1,75.99,20.12,75.99,75.99,55.87
ITM-000000662,ORD-00000477,PRD-00017,1,244.99,144.79,244.99,244.99,100.2
ITM-000000663,ORD-00000478,PRD-00042,1,121.99,52.18,121.99,121.99,69.81
ITM-000000664,ORD-00000479,PRD-00091,1,42.99,22.68,42.99,42.99,20.31
ITM-000000665,ORD-00000480,PRD-00011,1,179.99,102.31,179.99,179.99,77.68
ITM-000000666,ORD-00000481,PRD-00068,1,37.49,12.61,37.49,37.49,24.88
ITM-000000667,ORD-00000481,PRD-00059,1,47.49,23.54,47.49,47.49,23.95
ITM-000000668,ORD-00000481,PRD-00090,1,232.99,113.86,232.99,232.99,119.13
ITM-000000669,ORD-00000482,PRD-00083,1,115.99,58.28,115.99,115.99,57.71
ITM-000000670,ORD-00000483,PRD-00026,1,94.99,41.91,94.99,94.99,53.08
ITM-000000671,ORD-00000483,PRD-00042,1,121.99,52.18,121.99,121.99,69.81
ITM-000000672,ORD-00000484,PRD-00017,1,244.99,144.79,244.99,244.99,100.2
ITM-000000673,ORD-00000485,PRD-00058,1,152.99,69.5,152.99,152.99,83.49
ITM-000000674,ORD-00000486,PRD-00070,1,64.99,25.31,64.99,64.99,39.68
ITM-000000675,ORD-00000486,PRD-00049,1,162.99,86.22,162.99,162.99,76.77
ITM-000000676,ORD-00000487,PRD-00085,2,105.99,56.37,211.98,211.98,99.24
ITM-000000677,ORD-00000488,PRD-00051,1,52.99,21.94,52.99,52.99,31.05
ITM-000000678,ORD-00000489,PRD-00027,1,83.99,34.49,83.99,83.99,49.5
ITM-000000679,ORD-00000490,PRD-00099,1,50.99,27.57,50.99,50.99,23.42
ITM-000000680,ORD-00000491,PRD-00028,1,107.49,45.05,107.49,107.49,62.44
ITM-000000681,ORD-00000492,PRD-00050,1,173.99,93.04,173.99,173.99,80.95
ITM-000000682,ORD-00000493,PRD-00033,1,27.99,11.51,27.99,27.99,16.48
ITM-000000683,ORD-00000494,PRD-00067,1,44.99,16.41,44.99,44.99,28.58
ITM-000000684,ORD-00000494,PRD-00077,1,22.99,8.27,22.99,22.99,14.72
ITM-000000685,ORD-00000495,PRD-00008,1,325.99,186.16,325.99,325.99,139.83
ITM-000000686,ORD-00000496,PRD-00037,1,41.99,15.18,41.99,41.99,26.81
ITM-000000687,ORD-00000497,PRD-00018,1,72.99,37.97,72.99,72.99,35.02
ITM-000000688,ORD-00000498,PRD-00024,1,54.99,26.28,54.99,54.99,28.71
ITM-000000689,ORD-00000498,PRD-00012,1,374.49,207.75,374.49,374.49,166.74
ITM-000000690,ORD-00000499,PRD-00014,1,337.99,200.36,337.99,337.99,137.63
ITM-000000691,ORD-00000500,PRD-00078,1,25.99,9.37,25.99,25.99,16.62
ITM-000000692,ORD-00000501,PRD-00077,1,22.99,8.27,22.99,22.99,14.72
ITM-000000693,ORD-00000501,PRD-00035,1,100.99,39.04,100.99,100.99,61.95
ITM-000000694,ORD-00000502,PRD-00061,1,75.99,20.12,75.99,75.99,55.87
ITM-000000695,ORD-00000503,PRD-00054,2,137.99,68.35,275.98,275.98,139.28
ITM-000000696,ORD-00000504,PRD-00051,1,52.99,21.94,52.99,52.99,31.05
ITM-000000697,ORD-00000504,PRD-00090,1,232.99,113.86,232.99,232.99,119.13
ITM-000000698,ORD-00000504,PRD-00081,1,77.99,39.19,77.99,77.99,38.8
ITM-000000699,ORD-00000505,PRD-00023,1,31.99,14.2,31.99,31.99,17.79
ITM-000000700,ORD-00000506,PRD-00082,1,151.49,68.21,151.49,151.49,83.28
ITM-000000701,ORD-00000507,PRD-00092,1,214.99,101.72,214.99,214.99,113.27
ITM-000000702,ORD-00000508,PRD-00010,1,207.99,120.07,207.99,207.99,87.92
ITM-000000703,ORD-00000508,PRD-00089,2,31.99,18.14,63.98,63.98,27.7
ITM-000000704,ORD-00000508,PRD-00001,1,320.99,176.63,320.99,320.99,144.36
ITM-000000705,ORD-00000509,PRD-00090,1,232.99,113.86,232.99,232.99,119.13
ITM-000000706,ORD-00000509,PRD-00067,1,44.99,16.41,44.99,44.99,28.58
ITM-000000707,ORD-00000510,PRD-00094,1,245.99,110.0,245.99,245.99,135.99
ITM-000000708,ORD-00000510,PRD-00036,1,73.99,30.02,73.99,73.99,43.97
ITM-000000709,ORD-00000510,PRD-00020,1,271.99,147.22,271.99,271.99,124.77
ITM-000000710,ORD-00000511,PRD-00085,1,105.99,56.37,105.99,105.99,49.62
ITM-000000711,ORD-00000512,PRD-00023,1,31.99,14.2,31.99,31.99,17.79
ITM-000000712,ORD-00000512,PRD-00081,1,77.99,39.19,77.99,77.99,38.8
ITM-000000713,ORD-00000513,PRD-00064,1,24.99,6.91,24.99,24.99,18.08
ITM-000000714,ORD-00000513,PRD-00064,1,24.99,6.91,24.99,24.99,18.08
ITM-000000715,ORD-00000514,PRD-00003,1,350.49,212.61,350.49,350.49,137.88
ITM-000000716,ORD-00000514,PRD-00085,1,105.99,56.37,105.99,105.99,49.62
ITM-000000717,ORD-00000514,PRD-00071,1,86.99,31.3,86.99,86.99,55.69
ITM-000000718,ORD-00000515,PRD-00009,1,94.99,52.51,94.99,94.99,42.48
ITM-000000719,ORD-00000516,PRD-00019,1,339.99,208.97,339.99,339.99,131.02
ITM-000000720,ORD-00000517,PRD-00089,1,31.99,18.14,31.99,31.99,13.85
ITM-000000721,ORD-00000518,PRD-00084,1,31.99,15.58,31.99,31.99,16.41
ITM-000000722,ORD-00000519,PRD-00050,1,173.99,93.04,173.99,173.99,80.95
ITM-000000723,ORD-00000520,PRD-00014,1,337.99,200.36,337.99,337.99,137.63
ITM-000000724,ORD-00000521,PRD-00019,1,339.99,208.97,339.99,339.99,131.02
ITM-000000725,ORD-00000522,PRD-00038,1,77.49,36.23,77.49,77.49,41.26
ITM-000000726,ORD-00000523,PRD-00067,1,44.99,16.41,44.99,44.99,28.58
ITM-000000727,ORD-00000524,PRD-00071,2,86.99,31.3,173.98,173.98,111.38
ITM-000000728,ORD-00000525,PRD-00075,1,56.99,20.25,56.99,56.99,36.74
ITM-000000729,ORD-00000525,PRD-00002,1,203.99,113.88,203.99,203.99,90.11
ITM-000000730,ORD-00000526,PRD-00045,1,83.49,36.38,83.49,83.49,47.11
ITM-000000731,ORD-00000527,PRD-00098,1,199.49,113.09,199.49,199.49,86.4
ITM-000000732,ORD-00000528,PRD-00083,1,115.99,58.28,115.99,115.99,57.71
ITM-000000733,ORD-00000529,PRD-00017,1,244.99,144.79,244.99,244.99,100.2
ITM-000000734,ORD-00000529,PRD-00066,1,84.99,33.73,84.99,84.99,51.26
ITM-000000735,ORD-00000530,PRD-00046,1,113.49,52.53,113.49,113.49,60.96
ITM-000000736,ORD-00000531,PRD-00020,1,271.99,147.22,271.99,271.99,124.77
ITM-000000737,ORD-00000532,PRD-00074,1,16.99,6.2,16.99,16.99,10.79
ITM-000000738,ORD-00000533,PRD-00008,1,325.99,186.16,325.99,325.99,139.83
ITM-000000739,ORD-00000534,PRD-00038,1,77.49,36.23,77.49,77.49,41.26
ITM-000000740,ORD-00000534,PRD-00033,1,27.99,11.51,27.99,27.99,16.48
ITM-000000741,ORD-00000535,PRD-00047,2,100.99,42.27,201.98,201.98,117.44
ITM-000000742,ORD-00000536,PRD-00039,2,40.99,18.26,81.98,81.98,45.46
ITM-000000743,ORD-00000536,PRD-00034,1,34.99,12.79,34.99,34.99,22.2
ITM-000000744,ORD-00000537,PRD-00022,1,49.99,20.52,49.99,49.99,29.47
ITM-000000745,ORD-00000537,PRD-00092,2,214.99,101.72,429.98,429.98,226.54
ITM-000000746,ORD-00000537,PRD-00050,1,173.99,93.04,173.99,173.99,80.95
ITM-000000747,ORD-00000538,PRD-00022,3,49.99,20.52,149.97,149.97,88.41
ITM-000000748,ORD-00000539,PRD-00067,1,44.99,16.41,44.99,44.99,28.58
ITM-000000749,ORD-00000539,PRD-00069,1,51.99,14.6,51.99,51.99,37.39
ITM-000000750,ORD-00000540,PRD-00030,1,67.99,29.21,67.99,67.99,38.78
ITM-000000751,ORD-00000541,PRD-00083,1,115.99,58.28,115.99,115.99,57.71
ITM-000000752,ORD-00000542,PRD-00013,2,275.99,176.16,551.98,551.98,199.66
ITM-000000753,ORD-00000543,PRD-00070,1,64.99,25.31,64.99,64.99,39.68
ITM-000000754,ORD-00000543,PRD-00056,1,135.49,71.03,135.49,135.49,64.46
ITM-000000755,ORD-00000544,PRD-00001,1,320.99,176.63,320.99,320.99,144.36
ITM-000000756,ORD-00000545,PRD-00023,1,31.99,14.2,31.99,31.99,17.79
ITM-000000757,ORD-00000545,PRD-00010,2,207.99,120.07,415.98,415.98,175.84
ITM-000000758,ORD-00000546,PRD-00059,1,47.49,23.54,47.49,47.49,23.95
ITM-000000759,ORD-00000547,PRD-00002,1,203.99,113.88,203.99,203.99,90.11
ITM-000000760,ORD-00000548,PRD-00086,1,140.99,72.94,140.99,140.99,68.05
ITM-000000761,ORD-00000548,PRD-00063,1,70.49,27.76,70.49,70.49,42.73
ITM-000000762,ORD-00000549,PRD-00019,1,339.99,208.97,339.99,339.99,131.02
ITM-000000763,ORD-00000549,PRD-00069,1,51.99,14.6,51.99,51.99,37.39
ITM-000000764,ORD-00000549,PRD-00020,1,271.99,147.22,271.99,271.99,124.77
ITM-000000765,ORD-00000550,PRD-00040,1,98.99,45.24,98.99,98.99,53.75
ITM-000000766,ORD-00000551,PRD-00045,1,83.49,36.38,83.49,83.49,47.11
ITM-000000767,ORD-00000552,PRD-00031,2,110.99,51.16,221.98,221.98,119.66
ITM-000000768,ORD-00000553,PRD-00062,1,68.49,27.5,68.49,68.49,40.99
ITM-000000769,ORD-00000553,PRD-00048,2,33.49,15.83,66.98,66.98,35.32
ITM-000000770,ORD-00000554,PRD-00012,1,374.49,207.75,374.49,374.49,166.74
ITM-000000771,ORD-00000555,PRD-00079,1,46.49,15.84,46.49,46.49,30.65
ITM-000000772,ORD-00000556,PRD-00009,2,94.99,52.51,189.98,189.98,84.96
ITM-000000773,ORD-00000556,PRD-00087,1,43.99,24.1,43.99,43.99,19.89
ITM-000000774,ORD-00000557,PRD-00017,1,244.99,144.79,244.99,244.99,100.2
ITM-000000775,ORD-00000558,PRD-00086,1,140.99,72.94,140.99,140.99,68.05
ITM-000000776,ORD-00000559,PRD-00043,1,105.99,49.95,105.99,105.99,56.04
ITM-000000777,ORD-00000560,PRD-00015,3,205.99,123.35,617.97,617.97,247.92
ITM-000000778,ORD-00000561,PRD-00069,1,51.99,14.6,51.99,51.99,37.39
ITM-000000779,ORD-00000562,PRD-00057,1,146.49,75.56,146.49,146.49,70.93
ITM-000000780,ORD-00000562,PRD-00068,2,37.49,12.61,74.98,74.98,49.76
ITM-000000781,ORD-00000563,PRD-00074,1,16.99,6.2,16.99,16.99,10.79
ITM-000000782,ORD-00000564,PRD-00037,1,41.99,15.18,41.99,41.99,26.81
ITM-000000783,ORD-00000565,PRD-00069,1,51.99,14.6,51.99,51.99,37.39
ITM-000000784,ORD-00000566,PRD-00059,1,47.49,23.54,47.49,47.49,23.95
ITM-000000785,ORD-00000567,PRD-00055,1,74.99,31.61,74.99,74.99,43.38
ITM-000000786,ORD-00000568,PRD-00034,1,34.99,12.79,34.99,34.99,22.2
ITM-000000787,ORD-00000569,PRD-00014,1,337.99,200.36,337.99,337.99,137.63
ITM-000000788,ORD-00000569,PRD-00066,2,84.99,33.73,169.98,169.98,102.52
ITM-000000789,ORD-00000570,PRD-00016,1,129.99,78.72,129.99,129.99,51.27
ITM-000000790,ORD-00000570,PRD-00069,1,51.99,14.6,51.99,51.99,37.39
ITM-000000791,ORD-00000571,PRD-00086,1,140.99,72.94,140.99,140.99,68.05
ITM-000000792,ORD-00000572,PRD-00090,1,232.99,113.86,232.99,232.99,119.13
ITM-000000793,ORD-00000573,PRD-00063,1,70.49,27.76,70.49,70.49,42.73
ITM-000000794,ORD-00000574,PRD-00071,2,86.99,31.3,173.98,173.98,111.38
ITM-000000795,ORD-00000575,PRD-00097,1,167.49,87.54,167.49,167.49,79.95
ITM-000000796,ORD-00000576,PRD-00087,1,43.99,24.1,43.99,43.99,19.89
ITM-000000797,ORD-00000577,PRD-00055,2,74.99,31.61,149.98,149.98,86.76
ITM-000000798,ORD-00000578,PRD-00015,1,205.99,123.35,205.99,205.99,82.64
ITM-000000799,ORD-00000578,PRD-00013,1,275.99,176.16,275.99,275.99,99.83
ITM-000000800,ORD-00000579,PRD-00098,2,199.49,113.09,398.98,398.98,172.8
ITM-000000801,ORD-00000580,PRD-00056,1,135.49,71.03,135.49,135.49,64.46
ITM-000000802,ORD-00000580,PRD-00050,1,173.99,93.04,173.99,173.99,80.95
ITM-000000803,ORD-00000580,PRD-00041,1,180.99,84.81,180.99,180.99,96.18
ITM-000000804,ORD-00000581,PRD-00054,1,137.99,68.35,137.99,137.99,69.64
ITM-000000805,ORD-00000582,PRD-00049,1,162.99,86.22,162.99,162.99,76.77
ITM-000000806,ORD-00000582,PRD-00037,1,41.99,15.18,41.99,41.99,26.81
ITM-000000807,ORD-00000583,PRD-00046,1,113.49,52.53,113.49,113.49,60.96
ITM-000000808,ORD-00000583,PRD-00006,2,391.99,223.93,783.98,783.98,336.12
ITM-000000809,ORD-00000583,PRD-00045,1,83.49,36.38,83.49,83.49,47.11
ITM-000000810,ORD-00000584,PRD-00004,1,294.49,168.07,294.49,294.49,126.42
ITM-000000811,ORD-00000584,PRD-00006,1,391.99,223.93,391.99,391.99,168.06
ITM-000000812,ORD-00000585,PRD-00011,2,179.99,102.31,359.98,359.98,155.36
ITM-000000813,ORD-00000586,PRD-00023,1,31.99,14.2,31.99,31.99,17.79
ITM-000000814,ORD-00000587,PRD-00018,2,72.99,37.97,145.98,145.98,70.04
ITM-000000815,ORD-00000588,PRD-00095,1,204.99,100.6,204.99,204.99,104.39
ITM-000000816,ORD-00000589,PRD-00030,1,67.99,29.21,67.99,67.99,38.78
ITM-000000817,ORD-00000590,PRD-00073,1,84.49,28.1,84.49,84.49,56.39
ITM-000000818,ORD-00000591,PRD-00020,1,271.99,147.22,271.99,271.99,124.77
ITM-000000819,ORD-00000592,PRD-00020,1,271.99,147.22,271.99,271.99,124.77
ITM-000000820,ORD-00000593,PRD-00057,1,146.49,75.56,146.49,146.49,70.93
ITM-000000821,ORD-00000594,PRD-00071,1,86.99,31.3,86.99,86.99,55.69
ITM-000000822,ORD-00000595,PRD-00018,2,72.99,37.97,145.98,145.98,70.04
ITM-000000823,ORD-00000596,PRD-00068,3,37.49,12.61,112.47,112.47,74.64
ITM-000000824,ORD-00000596,PRD-00075,1,56.99,20.25,56.99,56.99,36.74
ITM-000000825,ORD-00000596,PRD-00052,1,118.49,48.71,118.49,118.49,69.78
ITM-000000826,ORD-00000597,PRD-00003,1,350.49,212.61,350.49,350.49,137.88
ITM-000000827,ORD-00000598,PRD-00092,1,214.99,101.72,214.99,214.99,113.27
ITM-000000828,ORD-00000598,PRD-00045,1,83.49,36.38,83.49,83.49,47.11
ITM-000000829,ORD-00000598,PRD-00041,2,180.99,84.81,361.98,361.98,192.36
ITM-000000830,ORD-00000599,PRD-00053,1,47.99,23.38,47.99,47.99,24.61
ITM-000000831,ORD-00000600,PRD-00005,1,82.99,47.75,82.99,82.99,35.24
ITM-000000832,ORD-00000601,PRD-00064,1,24.99,6.91,24.99,24.99,18.08
ITM-000000833,ORD-00000602,PRD-00072,1,36.99,11.8,36.99,36.99,25.19
ITM-000000834,ORD-00000603,PRD-00017,3,244.99,144.79,734.97,734.97,300.6
ITM-000000835,ORD-00000603,PRD-00051,1,52.99,21.94,52.99,52.99,31.05
ITM-000000836,ORD-00000604,PRD-00078,2,25.99,9.37,51.98,51.98,33.24
ITM-000000837,ORD-00000604,PRD-00091,1,42.99,22.68,42.99,42.99,20.31
ITM-000000838,ORD-00000605,PRD-00084,1,31.99,15.58,31.99,31.99,16.41
ITM-000000839,ORD-00000606,PRD-00093,1,227.99,111.71,227.99,227.99,116.28
ITM-000000840,ORD-00000607,PRD-00031,1,110.99,51.16,110.99,110.99,59.83
ITM-000000841,ORD-00000607,PRD-00035,1,100.99,39.04,100.99,100.99,61.95
ITM-000000842,ORD-00000608,PRD-00082,1,151.49,68.21,151.49,151.49,83.28
ITM-000000843,ORD-00000609,PRD-00056,1,135.49,71.03,135.49,135.49,64.46
ITM-000000844,ORD-00000610,PRD-00036,1,73.99,30.02,73.99,73.99,43.97
ITM-000000845,ORD-00000611,PRD-00042,1,121.99,52.18,121.99,121.99,69.81
ITM-000000846,ORD-00000612,PRD-00019,1,339.99,208.97,339.99,339.99,131.02
ITM-000000847,ORD-00000612,PRD-00045,1,83.49,36.38,83.49,83.49,47.11
ITM-000000848,ORD-00000613,PRD-00047,1,100.99,42.27,100.99,100.99,58.72
ITM-000000849,ORD-00000614,PRD-00059,2,47.49,23.54,94.98,94.98,47.9
ITM-000000850,ORD-00000615,PRD-00097,1,167.49,87.54,167.49,167.49,79.95
ITM-000000851,ORD-00000616,PRD-00075,1,56.99,20.25,56.99,56.99,36.74
ITM-000000852,ORD-00000617,PRD-00075,1,56.99,20.25,56.99,56.99,36.74
ITM-000000853,ORD-00000617,PRD-00006,1,391.99,223.93,391.99,391.99,168.06
ITM-000000854,ORD-00000617,PRD-00005,1,82.99,47.75,82.99,82.99,35.24
ITM-000000855,ORD-00000618,PRD-00019,1,339.99,208.97,339.99,339.99,131.02
ITM-000000856,ORD-00000619,PRD-00089,1,31.99,18.14,31.99,31.99,13.85
ITM-000000857,ORD-00000620,PRD-00061,1,75.99,20.12,75.99,75.99,55.87
ITM-000000858,ORD-00000621,PRD-00068,2,37.49,12.61,74.98,74.98,49.76
ITM-000000859,ORD-00000622,PRD-00056,1,135.49,71.03,135.49,135.49,64.46
ITM-000000860,ORD-00000623,PRD-00024,1,54.99,26.28,54.99,54.99,28.71
ITM-000000861,ORD-00000624,PRD-00092,1,214.99,101.72,214.99,214.99,113.27
ITM-000000862,ORD-00000625,PRD-00089,1,31.99,18.14,31.99,31.99,13.85
ITM-000000863,ORD-00000626,PRD-00038,3,77.49,36.23,232.47,232.47,123.78
ITM-000000864,ORD-00000626,PRD-00036,1,73.99,30.02,73.99,73.99,43.97
ITM-000000865,ORD-00000627,PRD-00096,1,199.99,116.57,199.99,199.99,83.42
ITM-000000866,ORD-00000627,PRD-00055,1,74.99,31.61,74.99,74.99,43.38
ITM-000000867,ORD-00000628,PRD-00063,1,70.49,27.76,70.49,70.49,42.73
ITM-000000868,ORD-00000629,PRD-00099,1,50.99,27.57,50.99,50.99,23.42
ITM-000000869,ORD-00000630,PRD-00075,2,56.99,20.25,113.98,113.98,73.48
ITM-000000870,ORD-00000631,PRD-00054,1,137.99,68.35,137.99,137.99,69.64
ITM-000000871,ORD-00000631,PRD-00071,1,86.99,31.3,86.99,86.99,55.69
ITM-000000872,ORD-00000631,PRD-00064,1,24.99,6.91,24.99,24.99,18.08
ITM-000000873,ORD-00000632,PRD-00089,1,31.99,18.14,31.99,31.99,13.85
ITM-000000874,ORD-00000633,PRD-00068,2,37.49,12.61,74.98,74.98,49.76
ITM-000000875,ORD-00000634,PRD-00080,1,87.99,32.75,87.99,87.99,55.24
ITM-000000876,ORD-00000634,PRD-00084,1,31.99,15.58,31.99,31.99,16.41
ITM-000000877,ORD-00000635,PRD-00051,3,52.99,21.94,158.97,158.97,93.15
ITM-000000878,ORD-00000636,PRD-00057,1,146.49,75.56,146.49,146.49,70.93
ITM-000000879,ORD-00000636,PRD-00005,1,82.99,47.75,82.99,82.99,35.24
ITM-000000880,ORD-00000637,PRD-00060,1,176.49,84.75,176.49,176.49,91.74
ITM-000000881,ORD-00000638,PRD-00049,1,162.99,86.22,162.99,162.99,76.77
ITM-000000882,ORD-00000638,PRD-00068,1,37.49,12.61,37.49,37.49,24.88
ITM-000000883,ORD-00000639,PRD-00010,1,207.99,120.07,207.99,207.99,87.92
ITM-000000884,ORD-00000639,PRD-00010,1,207.99,120.07,207.99,207.99,87.92
ITM-000000885,ORD-00000640,PRD-00027,2,83.99,34.49,167.98,167.98,99.0
ITM-000000886,ORD-00000641,PRD-00074,1,16.99,6.2,16.99,16.99,10.79
ITM-000000887,ORD-00000642,PRD-00027,1,83.99,34.49,83.99,83.99,49.5
ITM-000000888,ORD-00000643,PRD-00013,1,275.99,176.16,275.99,275.99,99.83
ITM-000000889,ORD-00000644,PRD-00091,1,42.99,22.68,42.99,42.99,20.31
ITM-000000890,ORD-00000645,PRD-00084,1,31.99,15.58,31.99,31.99,16.41
ITM-000000891,ORD-00000645,PRD-00008,1,325.99,186.16,325.99,325.99,139.83
ITM-000000892,ORD-00000646,PRD-00062,1,68.49,27.5,68.49,68.49,40.99
ITM-000000893,ORD-00000647,PRD-00023,1,31.99,14.2,31.99,31.99,17.79
ITM-000000894,ORD-00000648,PRD-00063,1,70.49,27.76,70.49,70.49,42.73
ITM-000000895,ORD-00000649,PRD-00078,1,25.99,9.37,25.99,25.99,16.62
ITM-000000896,ORD-00000649,PRD-00016,1,129.99,78.72,129.99,129.99,51.27
ITM-000000897,ORD-00000650,PRD-00043,1,105.99,49.95,105.99,105.99,56.04
ITM-000000898,ORD-00000651,PRD-00042,1,121.99,52.18,121.99,121.99,69.81
ITM-000000899,ORD-00000652,PRD-00064,1,24.99,6.91,24.99,24.99,18.08
ITM-000000900,ORD-00000652,PRD-00017,1,244.99,144.79,244.99,244.99,100.2
ITM-000000901,ORD-00000653,PRD-00009,1,94.99,52.51,94.99,94.99,42.48
ITM-000000902,ORD-00000654,PRD-00013,2,275.99,176.16,551.98,551.98,199.66
ITM-000000903,ORD-00000655,PRD-00077,1,22.99,8.27,22.99,22.99,14.72
ITM-000000904,ORD-00000656,PRD-00087,1,43.99,24.1,43.99,43.99,19.89
ITM-000000905,ORD-00000656,PRD-00031,1,110.99,51.16,110.99,110.99,59.83
ITM-000000906,ORD-00000656,PRD-00097,1,167.49,87.54,167.49,167.49,79.95
ITM-000000907,ORD-00000657,PRD-00048,1,33.49,15.83,33.49,33.49,17.66
ITM-000000908,ORD-00000658,PRD-00093,1,227.99,111.71,227.99,227.99,116.28
ITM-000000909,ORD-00000658,PRD-00088,1,211.99,101.84,211.99,211.99,110.15
ITM-000000910,ORD-00000659,PRD-00100,1,143.99,66.17,143.99,143.99,77.82
ITM-000000911,ORD-00000660,PRD-00002,1,203.99,113.88,203.99,203.99,90.11
ITM-000000912,ORD-00000661,PRD-00015,1,205.99,123.35,205.99,205.99,82.64
ITM-000000913,ORD-00000661,PRD-00006,1,391.99,223.93,391.99,391.99,168.06
ITM-000000914,ORD-00000662,PRD-00067,2,44.99,16.41,89.98,89.98,57.16
ITM-000000915,ORD-00000662,PRD-00050,3,173.99,93.04,521.97,521.97,242.85
ITM-000000916,ORD-00000663,PRD-00031,1,110.99,51.16,110.99,110.99,59.83
ITM-000000917,ORD-00000664,PRD-00100,1,143.99,66.17,143.99,143.99,77.82
ITM-000000918,ORD-00000665,PRD-00051,1,52.99,21.94,52.99,52.99,31.05
ITM-000000919,ORD-00000666,PRD-00052,1,118.49,48.71,118.49,118.49,69.78
ITM-000000920,ORD-00000667,PRD-00006,1,391.99,223.93,391.99,391.99,168.06
ITM-000000921,ORD-00000667,PRD-00046,1,113.49,52.53,113.49,113.49,60.96
ITM-000000922,ORD-00000668,PRD-00074,1,16.99,6.2,16.99,16.99,10.79
ITM-000000923,ORD-00000669,PRD-00077,1,22.99,8.27,22.99,22.99,14.72
ITM-000000924,ORD-00000669,PRD-00099,1,50.99,27.57,50.99,50.99,23.42
ITM-000000925,ORD-00000670,PRD-00001,1,320.99,176.63,320.99,320.99,144.36
ITM-000000926,ORD-00000671,PRD-00001,1,320.99,176.63,320.99,320.99,144.36
ITM-000000927,ORD-00000672,PRD-00013,2,275.99,176.16,551.98,551.98,199.66
ITM-000000928,ORD-00000673,PRD-00019,1,339.99,208.97,339.99,339.99,131.02
ITM-000000929,ORD-00000673,PRD-00007,1,316.99,172.8,316.99,316.99,144.19
ITM-000000930,ORD-00000674,PRD-00090,1,232.99,113.86,232.99,232.99,119.13
ITM-000000931,ORD-00000675,PRD-00027,2,83.99,34.49,167.98,167.98,99.0
ITM-000000932,ORD-00000675,PRD-00049,1,162.99,86.22,162.99,162.99,76.77
ITM-000000933,ORD-00000676,PRD-00032,1,42.49,17.54,42.49,42.49,24.95
ITM-000000934,ORD-00000676,PRD-00012,1,374.49,207.75,374.49,374.49,166.74
ITM-000000935,ORD-00000676,PRD-00075,2,56.99,20.25,113.98,113.98,73.48
ITM-000000936,ORD-00000677,PRD-00018,1,72.99,37.97,72.99,72.99,35.02
ITM-000000937,ORD-00000678,PRD-00027,1,83.99,34.49,83.99,83.99,49.5
ITM-000000938,ORD-00000679,PRD-00023,1,31.99,14.2,31.99,31.99,17.79
ITM-000000939,ORD-00000680,PRD-00032,1,42.49,17.54,42.49,42.49,24.95
ITM-000000940,ORD-00000681,PRD-00062,1,68.49,27.5,68.49,68.49,40.99
ITM-000000941,ORD-00000681,PRD-00018,1,72.99,37.97,72.99,72.99,35.02
ITM-000000942,ORD-00000681,PRD-00013,2,275.99,176.16,551.98,551.98,199.66
ITM-000000943,ORD-00000682,PRD-00068,2,37.49,12.61,74.98,74.98,49.76
ITM-000000944,ORD-00000682,PRD-00062,1,68.49,27.5,68.49,68.49,40.99
ITM-000000945,ORD-00000682,PRD-00083,1,115.99,58.28,115.99,115.99,57.71
ITM-000000946,ORD-00000683,PRD-00079,1,46.49,15.84,46.49,46.49,30.65
ITM-000000947,ORD-00000684,PRD-00029,1,94.49,33.63,94.49,94.49,60.86
ITM-000000948,ORD-00000685,PRD-00029,1,94.49,33.63,94.49,94.49,60.86
ITM-000000949,ORD-00000685,PRD-00007,1,316.99,172.8,316.99,316.99,144.19
ITM-000000950,ORD-00000686,PRD-00082,2,151.49,68.21,302.98,302.98,166.56
ITM-000000951,ORD-00000687,PRD-00087,1,43.99,24.1,43.99,43.99,19.89
ITM-000000952,ORD-00000688,PRD-00059,1,47.49,23.54,47.49,47.49,23.95
ITM-000000953,ORD-00000689,PRD-00004,1,294.49,168.07,294.49,294.49,126.42
ITM-000000954,ORD-00000690,PRD-00087,1,43.99,24.1,43.99,43.99,19.89
ITM-000000955,ORD-00000690,PRD-00074,1,16.99,6.2,16.99,16.99,10.79
ITM-000000956,ORD-00000691,PRD-00047,3,100.99,42.27,302.97,302.97,176.16
ITM-000000957,ORD-00000692,PRD-00002,1,203.99,113.88,203.99,203.99,90.11
ITM-000000958,ORD-00000693,PRD-00004,1,294.49,168.07,294.49,294.49,126.42
ITM-000000959,ORD-00000693,PRD-00015,1,205.99,123.35,205.99,205.99,82.64
ITM-000000960,ORD-00000694,PRD-00073,1,84.49,28.1,84.49,84.49,56.39
ITM-000000961,ORD-00000694,PRD-00030,1,67.99,29.21,67.99,67.99,38.78
ITM-000000962,ORD-00000695,PRD-00070,1,64.99,25.31,64.99,64.99,39.68
ITM-000000963,ORD-00000696,PRD-00040,2,98.99,45.24,197.98,197.98,107.5
ITM-000000964,ORD-00000696,PRD-00074,1,16.99,6.2,16.99,16.99,10.79
ITM-000000965,ORD-00000696,PRD-00040,2,98.99,45.24,197.98,197.98,107.5
ITM-000000966,ORD-00000697,PRD-00035,1,100.99,39.04,100.99,100.99,61.95
ITM-000000967,ORD-00000698,PRD-00063,1,70.49,27.76,70.49,70.49,42.73
ITM-000000968,ORD-00000699,PRD-00024,1,54.99,26.28,54.99,54.99,28.71
ITM-000000969,ORD-00000700,PRD-00028,1,107.49,45.05,107.49,107.49,62.44
ITM-000000970,ORD-00000701,PRD-00082,1,151.49,68.21,151.49,151.49,83.28
ITM-000000971,ORD-00000702,PRD-00036,1,73.99,30.02,73.99,73.99,43.97
ITM-000000972,ORD-00000702,PRD-00001,1,320.99,176.63,320.99,320.99,144.36
ITM-000000973,ORD-00000703,PRD-00075,1,56.99,20.25,56.99,56.99,36.74
ITM-000000974,ORD-00000704,PRD-00062,1,68.49,27.5,68.49,68.49,40.99
ITM-000000975,ORD-00000704,PRD-00061,1,75.99,20.12,75.99,75.99,55.87
ITM-000000976,ORD-00000705,PRD-00081,1,77.99,39.19,77.99,77.99,38.8
ITM-000000977,ORD-00000706,PRD-00050,2,173.99,93.04,347.98,347.98,161.9
ITM-000000978,ORD-00000706,PRD-00022,1,49.99,20.52,49.99,49.99,29.47
ITM-000000979,ORD-00000707,PRD-00068,1,37.49,12.61,37.49,37.49,24.88
ITM-000000980,ORD-00000707,PRD-00012,1,374.49,207.75,374.49,374.49,166.74
ITM-000000981,ORD-00000708,PRD-00039,1,40.99,18.26,40.99,40.99,22.73
ITM-000000982,ORD-00000709,PRD-00069,2,51.99,14.6,103.98,103.98,74.78
ITM-000000983,ORD-00000709,PRD-00065,1,24.99,5.84,24.99,24.99,19.15
ITM-000000984,ORD-00000710,PRD-00040,1,98.99,45.24,98.99,98.99,53.75
ITM-000000985,ORD-00000711,PRD-00012,1,374.49,207.75,374.49,374.49,166.74
ITM-000000986,ORD-00000711,PRD-00028,1,107.49,45.05,107.49,107.49,62.44
ITM-000000987,ORD-00000712,PRD-00067,1,44.99,16.41,44.99,44.99,28.58
ITM-000000988,ORD-00000712,PRD-00089,1,31.99,18.14,31.99,31.99,13.85
ITM-000000989,ORD-00000712,PRD-00051,1,52.99,21.94,52.99,52.99,31.05
ITM-000000990,ORD-00000713,PRD-00062,1,68.49,27.5,68.49,68.49,40.99
ITM-000000991,ORD-00000714,PRD-00044,1,72.99,36.23,72.99,72.99,36.76
ITM-000000992,ORD-00000715,PRD-00093,1,227.99,111.71,227.99,227.99,116.28
ITM-000000993,ORD-00000716,PRD-00047,1,100.99,42.27,100.99,100.99,58.72
ITM-000000994,ORD-00000717,PRD-00100,1,143.99,66.17,143.99,143.99,77.82
ITM-000000995,ORD-00000718,PRD-00010,1,207.99,120.07,207.99,207.99,87.92
ITM-000000996,ORD-00000719,PRD-00070,2,64.99,25.31,129.98,129.98,79.36
ITM-000000997,ORD-00000720,PRD-00031,1,110.99,51.16,110.99,110.99,59.83
ITM-000000998,ORD-00000721,PRD-00076,1,62.99,25.51,62.99,62.99,37.48
ITM-000000999,ORD-00000722,PRD-00033,2,27.99,11.51,55.98,55.98,32.96
ITM-000001000,ORD-00000723,PRD-00061,1,75.99,20.12,75.99,75.99,55.87
ITM-000001001,ORD-00000723,PRD-00053,1,47.99,23.38,47.99,47.99,24.61
ITM-000001002,ORD-00000724,PRD-00083,1,115.99,58.28,115.99,115.99,57.71
ITM-000001003,ORD-00000725,PRD-00023,2,31.99,14.2,63.98,63.98,35.58
ITM-000001004,ORD-00000726,PRD-00004,1,294.49,168.07,294.49,294.49,126.42
ITM-000001005,ORD-00000727,PRD-00062,1,68.49,27.5,68.49,68.49,40.99
ITM-000001006,ORD-00000728,PRD-00059,1,47.49,23.54,47.49,47.49,23.95
ITM-000001007,ORD-00000729,PRD-00016,1,129.99,78.72,129.99,129.99,51.27
ITM-000001008,ORD-00000730,PRD-00074,1,16.99,6.2,16.99,16.99,10.79
ITM-000001009,ORD-00000731,PRD-00094,3,245.99,110.0,737.97,737.97,407.97
ITM-000001010,ORD-00000732,PRD-00074,1,16.99,6.2,16.99,16.99,10.79
ITM-000001011,ORD-00000732,PRD-00051,1,52.99,21.94,52.99,52.99,31.05
ITM-000001012,ORD-00000733,PRD-00058,1,152.99,69.5,152.99,152.99,83.49
ITM-000001013,ORD-00000733,PRD-00050,1,173.99,93.04,173.99,173.99,80.95
ITM-000001014,ORD-00000734,PRD-00016,1,129.99,78.72,129.99,129.99,51.27
ITM-000001015,ORD-00000734,PRD-00062,1,68.49,27.5,68.49,68.49,40.99
ITM-000001016,ORD-00000734,PRD-00049,1,162.99,86.22,162.99,162.99,76.77
ITM-000001017,ORD-00000735,PRD-00012,1,374.49,207.75,374.49,374.49,166.74
ITM-000001018,ORD-00000735,PRD-00005,1,82.99,47.75,82.99,82.99,35.24
ITM-000001019,ORD-00000736,PRD-00077,1,22.99,8.27,22.99,22.99,14.72
ITM-000001020,ORD-00000737,PRD-00068,2,37.49,12.61,74.98,74.98,49.76
ITM-000001021,ORD-00000737,PRD-00040,1,98.99,45.24,98.99,98.99,53.75
ITM-000001022,ORD-00000738,PRD-00093,1,227.99,111.71,227.99,227.99,116.28
ITM-000001023,ORD-00000739,PRD-00004,1,294.49,168.07,294.49,294.49,126.42
ITM-000001024,ORD-00000740,PRD-00002,1,203.99,113.88,203.99,203.99,90.11
ITM-000001025,ORD-00000741,PRD-00031,1,110.99,51.16,110.99,110.99,59.83
ITM-000001026,ORD-00000741,PRD-00025,1,55.99,23.35,55.99,55.99,32.64
ITM-000001027,ORD-00000742,PRD-00044,1,72.99,36.23,72.99,72.99,36.76
ITM-000001028,ORD-00000743,PRD-00095,1,204.99,100.6,204.99,204.99,104.39
ITM-000001029,ORD-00000743,PRD-00005,1,82.99,47.75,82.99,82.99,35.24
ITM-000001030,ORD-00000743,PRD-00089,1,31.99,18.14,31.99,31.99,13.85
ITM-000001031,ORD-00000744,PRD-00098,2,199.49,113.09,398.98,398.98,172.8
ITM-000001032,ORD-00000744,PRD-00074,1,16.99,6.2,16.99,16.99,10.79
ITM-000001033,ORD-00000745,PRD-00056,1,135.49,71.03,135.49,135.49,64.46
ITM-000001034,ORD-00000746,PRD-00095,1,204.99,100.6,204.99,204.99,104.39
ITM-000001035,ORD-00000747,PRD-00079,1,46.49,15.84,46.49,46.49,30.65
ITM-000001036,ORD-00000747,PRD-00061,2,75.99,20.12,151.98,151.98,111.74
ITM-000001037,ORD-00000748,PRD-00057,1,146.49,75.56,146.49,146.49,70.93
ITM-000001038,ORD-00000748,PRD-00027,1,83.99,34.49,83.99,83.99,49.5
ITM-000001039,ORD-00000748,PRD-00062,1,68.49,27.5,68.49,68.49,40.99
ITM-000001040,ORD-00000749,PRD-00092,1,214.99,101.72,214.99,214.99,113.27
ITM-000001041,ORD-00000750,PRD-00081,1,77.99,39.19,77.99,77.99,38.8
ITM-000001042,ORD-00000751,PRD-00089,1,31.99,18.14,31.99,31.99,13.85
ITM-000001043,ORD-00000751,PRD-00035,1,100.99,39.04,100.99,100.99,61.95
ITM-000001044,ORD-00000752,PRD-00048,1,33.49,15.83,33.49,33.49,17.66
ITM-000001045,ORD-00000752,PRD-00071,1,86.99,31.3,86.99,86.99,55.69
ITM-000001046,ORD-00000752,PRD-00073,1,84.49,28.1,84.49,84.49,56.39
ITM-000001047,ORD-00000753,PRD-00045,1,83.49,36.38,83.49,83.49,47.11
ITM-000001048,ORD-00000753,PRD-00029,1,94.49,33.63,94.49,94.49,60.86
ITM-000001049,ORD-00000753,PRD-00044,1,72.99,36.23,72.99,72.99,36.76
ITM-000001050,ORD-00000754,PRD-00090,3,232.99,113.86,698.97,698.97,357.39
ITM-000001051,ORD-00000755,PRD-00059,1,47.49,23.54,47.49,47.49,23.95
ITM-000001052,ORD-00000755,PRD-00032,1,42.49,17.54,42.49,42.49,24.95
ITM-000001053,ORD-00000756,PRD-00037,1,41.99,15.18,41.99,41.99,26.81
ITM-000001054,ORD-00000756,PRD-00082,1,151.49,68.21,151.49,151.49,83.28
ITM-000001055,ORD-00000757,PRD-00001,1,320.99,176.63,320.99,320.99,144.36
ITM-000001056,ORD-00000757,PRD-00043,1,105.99,49.95,105.99,105.99,56.04
ITM-000001057,ORD-00000758,PRD-00016,1,129.99,78.72,129.99,129.99,51.27
ITM-000001058,ORD-00000759,PRD-00081,1,77.99,39.19,77.99,77.99,38.8
ITM-000001059,ORD-00000760,PRD-00083,1,115.99,58.28,115.99,115.99,57.71
ITM-000001060,ORD-00000760,PRD-00060,1,176.49,84.75,176.49,176.49,91.74
ITM-000001061,ORD-00000761,PRD-00031,1,110.99,51.16,110.99,110.99,59.83
ITM-000001062,ORD-00000762,PRD-00020,1,271.99,147.22,271.99,271.99,124.77
ITM-000001063,ORD-00000763,PRD-00012,1,374.49,207.75,374.49,374.49,166.74
ITM-000001064,ORD-00000764,PRD-00045,2,83.49,36.38,166.98,166.98,94.22
ITM-000001065,ORD-00000765,PRD-00024,1,54.99,26.28,54.99,54.99,28.71
ITM-000001066,ORD-00000765,PRD-00081,1,77.99,39.19,77.99,77.99,38.8
ITM-000001067,ORD-00000766,PRD-00049,2,162.99,86.22,325.98,325.98,153.54
ITM-000001068,ORD-00000767,PRD-00091,1,42.99,22.68,42.99,42.99,20.31
ITM-000001069,ORD-00000767,PRD-00016,2,129.99,78.72,259.98,259.98,102.54
ITM-000001070,ORD-00000768,PRD-00006,2,391.99,223.93,783.98,783.98,336.12
ITM-000001071,ORD-00000768,PRD-00071,1,86.99,31.3,86.99,86.99,55.69
ITM-000001072,ORD-00000768,PRD-00047,1,100.99,42.27,100.99,100.99,58.72
ITM-000001073,ORD-00000769,PRD-00054,1,137.99,68.35,137.99,137.99,69.64
ITM-000001074,ORD-00000770,PRD-00074,1,16.99,6.2,16.99,16.99,10.79
ITM-000001075,ORD-00000771,PRD-00047,1,100.99,42.27,100.99,100.99,58.72
ITM-000001076,ORD-00000772,PRD-00075,1,56.99,20.25,56.99,56.99,36.74
ITM-000001077,ORD-00000773,PRD-00050,1,173.99,93.04,173.99,173.99,80.95
ITM-000001078,ORD-00000774,PRD-00077,1,22.99,8.27,22.99,22.99,14.72
ITM-000001079,ORD-00000774,PRD-00002,2,203.99,113.88,407.98,407.98,180.22
ITM-000001080,ORD-00000775,PRD-00058,1,152.99,69.5,152.99,152.99,83.49
ITM-000001081,ORD-00000776,PRD-00042,1,121.99,52.18,121.99,121.99,69.81
ITM-000001082,ORD-00000776,PRD-00059,1,47.49,23.54,47.49,47.49,23.95
ITM-000001083,ORD-00000777,PRD-00094,1,245.99,110.0,245.99,245.99,135.99
ITM-000001084,ORD-00000778,PRD-00037,1,41.99,15.18,41.99,41.99,26.81
ITM-000001085,ORD-00000778,PRD-00014,1,337.99,200.36,337.99,337.99,137.63
ITM-000001086,ORD-00000779,PRD-00021,1,114.99,46.3,114.99,114.99,68.69
ITM-000001087,ORD-00000780,PRD-00022,1,49.99,20.52,49.99,49.99,29.47
ITM-000001088,ORD-00000780,PRD-00087,1,43.99,24.1,43.99,43.99,19.89
ITM-000001089,ORD-00000781,PRD-00018,1,72.99,37.97,72.99,72.99,35.02
ITM-000001090,ORD-00000781,PRD-00075,1,56.99,20.25,56.99,56.99,36.74
ITM-000001091,ORD-00000782,PRD-00093,1,227.99,111.71,227.99,227.99,116.28
ITM-000001092,ORD-00000782,PRD-00056,1,135.49,71.03,135.49,135.49,64.46
ITM-000001093,ORD-00000783,PRD-00037,1,41.99,15.18,41.99,41.99,26.81
ITM-000001094,ORD-00000783,PRD-00051,1,52.99,21.94,52.99,52.99,31.05
ITM-000001095,ORD-00000784,PRD-00002,1,203.99,113.88,203.99,203.99,90.11
ITM-000001096,ORD-00000784,PRD-00014,1,337.99,200.36,337.99,337.99,137.63
ITM-000001097,ORD-00000784,PRD-00008,2,325.99,186.16,651.98,651.98,279.66
ITM-000001098,ORD-00000785,PRD-00091,1,42.99,22.68,42.99,42.99,20.31
ITM-000001099,ORD-00000785,PRD-00018,1,72.99,37.97,72.99,72.99,35.02
ITM-000001100,ORD-00000785,PRD-00011,1,179.99,102.31,179.99,179.99,77.68
ITM-000001101,ORD-00000786,PRD-00049,1,162.99,86.22,162.99,162.99,76.77
ITM-000001102,ORD-00000787,PRD-00007,1,316.99,172.8,316.99,316.99,144.19
ITM-000001103,ORD-00000787,PRD-00010,2,207.99,120.07,415.98,415.98,175.84
ITM-000001104,ORD-00000788,PRD-00033,1,27.99,11.51,27.99,27.99,16.48
ITM-000001105,ORD-00000789,PRD-00018,2,72.99,37.97,145.98,145.98,70.04
ITM-000001106,ORD-00000790,PRD-00035,1,100.99,39.04,100.99,100.99,61.95
ITM-000001107,ORD-00000791,PRD-00044,1,72.99,36.23,72.99,72.99,36.76
ITM-000001108,ORD-00000792,PRD-00030,1,67.99,29.21,67.99,67.99,38.78
ITM-000001109,ORD-00000793,PRD-00024,2,54.99,26.28,109.98,109.98,57.42
ITM-000001110,ORD-00000793,PRD-00052,1,118.49,48.71,118.49,118.49,69.78
ITM-000001111,ORD-00000794,PRD-00090,1,232.99,113.86,232.99,232.99,119.13
ITM-000001112,ORD-00000795,PRD-00070,1,64.99,25.31,64.99,64.99,39.68
ITM-000001113,ORD-00000795,PRD-00016,1,129.99,78.72,129.99,129.99,51.27
ITM-000001114,ORD-00000796,PRD-00028,1,107.49,45.05,107.49,107.49,62.44
ITM-000001115,ORD-00000797,PRD-00029,2,94.49,33.63,188.98,188.98,121.72
ITM-000001116,ORD-00000798,PRD-00078,1,25.99,9.37,25.99,25.99,16.62
ITM-000001117,ORD-00000799,PRD-00093,1,227.99,111.71,227.99,227.99,116.28
ITM-000001118,ORD-00000800,PRD-00021,1,114.99,46.3,114.99,114.99,68.69
ITM-000001119,ORD-00000801,PRD-00009,1,94.99,52.51,94.99,94.99,42.48
ITM-000001120,ORD-00000802,PRD-00043,1,105.99,49.95,105.99,105.99,56.04
ITM-000001121,ORD-00000802,PRD-00054,1,137.99,68.35,137.99,137.99,69.64
ITM-000001122,ORD-00000802,PRD-00033,1,27.99,11.51,27.99,27.99,16.48
ITM-000001123,ORD-00000803,PRD-00083,1,115.99,58.28,115.99,115.99,57.71
ITM-000001124,ORD-00000804,PRD-00053,1,47.99,23.38,47.99,47.99,24.61
ITM-000001125,ORD-00000804,PRD-00075,1,56.99,20.25,56.99,56.99,36.74
ITM-000001126,ORD-00000805,PRD-00019,1,339.99,208.97,339.99,339.99,131.02
ITM-000001127,ORD-00000806,PRD-00099,1,50.99,27.57,50.99,50.99,23.42
ITM-000001128,ORD-00000807,PRD-00037,1,41.99,15.18,41.99,41.99,26.81
ITM-000001129,ORD-00000807,PRD-00002,1,203.99,113.88,203.99,203.99,90.11
ITM-000001130,ORD-00000808,PRD-00008,1,325.99,186.16,325.99,325.99,139.83
ITM-000001131,ORD-00000809,PRD-00015,1,205.99,123.35,205.99,205.99,82.64
ITM-000001132,ORD-00000810,PRD-00056,1,135.49,71.03,135.49,135.49,64.46
ITM-000001133,ORD-00000811,PRD-00026,1,94.99,41.91,94.99,94.99,53.08
ITM-000001134,ORD-00000811,PRD-00095,1,204.99,100.6,204.99,204.99,104.39
ITM-000001135,ORD-00000812,PRD-00058,1,152.99,69.5,152.99,152.99,83.49
ITM-000001136,ORD-00000813,PRD-00072,1,36.99,11.8,36.99,36.99,25.19
ITM-000001137,ORD-00000814,PRD-00061,1,75.99,20.12,75.99,75.99,55.87
ITM-000001138,ORD-00000815,PRD-00019,2,339.99,208.97,679.98,679.98,262.04
ITM-000001139,ORD-00000815,PRD-00080,1,87.99,32.75,87.99,87.99,55.24
ITM-000001140,ORD-00000815,PRD-00076,1,62.99,25.51,62.99,62.99,37.48
ITM-000001141,ORD-00000816,PRD-00021,1,114.99,46.3,114.99,114.99,68.69
ITM-000001142,ORD-00000817,PRD-00026,1,94.99,41.91,94.99,94.99,53.08
ITM-000001143,ORD-00000818,PRD-00098,2,199.49,113.09,398.98,398.98,172.8
ITM-000001144,ORD-00000818,PRD-00064,1,24.99,6.91,24.99,24.99,18.08
ITM-000001145,ORD-00000819,PRD-00100,1,143.99,66.17,143.99,143.99,77.82
ITM-000001146,ORD-00000820,PRD-00054,1,137.99,68.35,137.99,137.99,69.64
ITM-000001147,ORD-00000821,PRD-00006,1,391.99,223.93,391.99,391.99,168.06
ITM-000001148,ORD-00000822,PRD-00035,3,100.99,39.04,302.97,302.97,185.85
ITM-000001149,ORD-00000823,PRD-00057,1,146.49,75.56,146.49,146.49,70.93
ITM-000001150,ORD-00000824,PRD-00038,1,77.49,36.23,77.49,77.49,41.26
ITM-000001151,ORD-00000825,PRD-00097,1,167.49,87.54,167.49,167.49,79.95
ITM-000001152,ORD-00000826,PRD-00094,1,245.99,110.0,245.99,245.99,135.99
ITM-000001153,ORD-00000827,PRD-00081,1,77.99,39.19,77.99,77.99,38.8
ITM-000001154,ORD-00000827,PRD-00093,1,227.99,111.71,227.99,227.99,116.28
ITM-000001155,ORD-00000828,PRD-00012,1,374.49,207.75,374.49,374.49,166.74
ITM-000001156,ORD-00000829,PRD-00095,1,204.99,100.6,204.99,204.99,104.39
ITM-000001157,ORD-00000830,PRD-00089,1,31.99,18.14,31.99,31.99,13.85
ITM-000001158,ORD-00000831,PRD-00061,1,75.99,20.12,75.99,75.99,55.87
ITM-000001159,ORD-00000832,PRD-00071,1,86.99,31.3,86.99,86.99,55.69
ITM-000001160,ORD-00000833,PRD-00086,1,140.99,72.94,140.99,140.99,68.05
ITM-000001161,ORD-00000833,PRD-00031,1,110.99,51.16,110.99,110.99,59.83
ITM-000001162,ORD-00000834,PRD-00055,1,74.99,31.61,74.99,74.99,43.38
ITM-000001163,ORD-00000834,PRD-00002,1,203.99,113.88,203.99,203.99,90.11
ITM-000001164,ORD-00000835,PRD-00042,1,121.99,52.18,121.99,121.99,69.81
ITM-000001165,ORD-00000836,PRD-00045,1,83.49,36.38,83.49,83.49,47.11
ITM-000001166,ORD-00000837,PRD-00079,1,46.49,15.84,46.49,46.49,30.65
ITM-000001167,ORD-00000838,PRD-00032,1,42.49,17.54,42.49,42.49,24.95
ITM-000001168,ORD-00000839,PRD-00069,1,51.99,14.6,51.99,51.99,37.39
ITM-000001169,ORD-00000839,PRD-00077,1,22.99,8.27,22.99,22.99,14.72
ITM-000001170,ORD-00000840,PRD-00090,1,232.99,113.86,232.99,232.99,119.13
ITM-000001171,ORD-00000840,PRD-00080,1,87.99,32.75,87.99,87.99,55.24
ITM-000001172,ORD-00000841,PRD-00017,2,244.99,144.79,489.98,489.98,200.4
ITM-000001173,ORD-00000842,PRD-00092,1,214.99,101.72,214.99,214.99,113.27
ITM-000001174,ORD-00000843,PRD-00002,1,203.99,113.88,203.99,203.99,90.11
ITM-000001175,ORD-00000844,PRD-00024,1,54.99,26.28,54.99,54.99,28.71
ITM-000001176,ORD-00000845,PRD-00034,1,34.99,12.79,34.99,34.99,22.2
ITM-000001177,ORD-00000846,PRD-00081,1,77.99,39.19,77.99,77.99,38.8
ITM-000001178,ORD-00000846,PRD-00016,1,129.99,78.72,129.99,129.99,51.27
ITM-000001179,ORD-00000847,PRD-00059,1,47.49,23.54,47.49,47.49,23.95
ITM-000001180,ORD-00000848,PRD-00039,2,40.99,18.26,81.98,81.98,45.46
ITM-000001181,ORD-00000849,PRD-00083,1,115.99,58.28,115.99,115.99,57.71
ITM-000001182,ORD-00000849,PRD-00096,3,199.99,116.57,599.97,599.97,250.26
ITM-000001183,ORD-00000850,PRD-00043,1,105.99,49.95,105.99,105.99,56.04
ITM-000001184,ORD-00000851,PRD-00053,3,47.99,23.38,143.97,143.97,73.83
ITM-000001185,ORD-00000852,PRD-00053,1,47.99,23.38,47.99,47.99,24.61
ITM-000001186,ORD-00000853,PRD-00073,1,84.49,28.1,84.49,84.49,56.39
ITM-000001187,ORD-00000853,PRD-00059,2,47.49,23.54,94.98,94.98,47.9
ITM-000001188,ORD-00000854,PRD-00098,1,199.49,113.09,199.49,199.49,86.4
ITM-000001189,ORD-00000855,PRD-00046,1,113.49,52.53,113.49,113.49,60.96
ITM-000001190,ORD-00000856,PRD-00085,1,105.99,56.37,105.99,105.99,49.62
ITM-000001191,ORD-00000857,PRD-00013,1,275.99,176.16,275.99,275.99,99.83
ITM-000001192,ORD-00000857,PRD-00019,1,339.99,208.97,339.99,339.99,131.02
ITM-000001193,ORD-00000858,PRD-00045,1,83.49,36.38,83.49,83.49,47.11
ITM-000001194,ORD-00000858,PRD-00064,1,24.99,6.91,24.99,24.99,18.08
ITM-000001195,ORD-00000858,PRD-00096,2,199.99,116.57,399.98,399.98,166.84
ITM-000001196,ORD-00000859,PRD-00086,1,140.99,72.94,140.99,140.99,68.05
ITM-000001197,ORD-00000860,PRD-00088,2,211.99,101.84,423.98,423.98,220.3
ITM-000001198,ORD-00000860,PRD-00092,1,214.99,101.72,214.99,214.99,113.27
ITM-000001199,ORD-00000861,PRD-00047,1,100.99,42.27,100.99,100.99,58.72
ITM-000001200,ORD-00000862,PRD-00036,1,73.99,30.02,73.99,73.99,43.97
ITM-000001201,ORD-00000863,PRD-00020,1,271.99,147.22,271.99,271.99,124.77
ITM-000001202,ORD-00000864,PRD-00081,1,77.99,39.19,77.99,77.99,38.8
ITM-000001203,ORD-00000865,PRD-00039,2,40.99,18.26,81.98,81.98,45.46
ITM-000001204,ORD-00000865,PRD-00084,1,31.99,15.58,31.99,31.99,16.41
ITM-000001205,ORD-00000866,PRD-00004,1,294.49,168.07,294.49,294.49,126.42
ITM-000001206,ORD-00000866,PRD-00074,1,16.99,6.2,16.99,16.99,10.79
ITM-000001207,ORD-00000867,PRD-00016,1,129.99,78.72,129.99,129.99,51.27
ITM-000001208,ORD-00000868,PRD-00067,1,44.99,16.41,44.99,44.99,28.58
ITM-000001209,ORD-00000869,PRD-00050,1,173.99,93.04,173.99,173.99,80.95
ITM-000001210,ORD-00000869,PRD-00027,1,83.99,34.49,83.99,83.99,49.5
ITM-000001211,ORD-00000870,PRD-00077,1,22.99,8.27,22.99,22.99,14.72
ITM-000001212,ORD-00000871,PRD-00092,1,214.99,101.72,214.99,214.99,113.27
ITM-000001213,ORD-00000872,PRD-00018,1,72.99,37.97,72.99,72.99,35.02
ITM-000001214,ORD-00000872,PRD-00005,3,82.99,47.75,248.97,248.97,105.72
ITM-000001215,ORD-00000873,PRD-00013,1,275.99,176.16,275.99,275.99,99.83
ITM-000001216,ORD-00000874,PRD-00100,1,143.99,66.17,143.99,143.99,77.82
ITM-000001217,ORD-00000875,PRD-00018,1,72.99,37.97,72.99,72.99,35.02
ITM-000001218,ORD-00000875,PRD-00093,1,227.99,111.71,227.99,227.99,116.28
ITM-000001219,ORD-00000875,PRD-00002,1,203.99,113.88,203.99,203.99,90.11
ITM-000001220,ORD-00000876,PRD-00073,1,84.49,28.1,84.49,84.49,56.39
ITM-000001221,ORD-00000877,PRD-00064,1,24.99,6.91,24.99,24.99,18.08
ITM-000001222,ORD-00000877,PRD-00049,2,162.99,86.22,325.98,325.98,153.54
ITM-000001223,ORD-00000878,PRD-00066,1,84.99,33.73,84.99,84.99,51.26
ITM-000001224,ORD-00000879,PRD-00070,1,64.99,25.31,64.99,64.99,39.68
ITM-000001225,ORD-00000879,PRD-00033,1,27.99,11.51,27.99,27.99,16.48
ITM-000001226,ORD-00000880,PRD-00058,1,152.99,69.5,152.99,152.99,83.49
ITM-000001227,ORD-00000881,PRD-00045,1,83.49,36.38,83.49,83.49,47.11
ITM-000001228,ORD-00000881,PRD-00051,1,52.99,21.94,52.99,52.99,31.05
ITM-000001229,ORD-00000882,PRD-00093,2,227.99,111.71,455.98,455.98,232.56
ITM-000001230,ORD-00000882,PRD-00020,1,271.99,147.22,271.99,271.99,124.77
ITM-000001231,ORD-00000883,PRD-00045,1,83.49,36.38,83.49,83.49,47.11
ITM-000001232,ORD-00000884,PRD-00095,2,204.99,100.6,409.98,409.98,208.78
ITM-000001233,ORD-00000885,PRD-00072,1,36.99,11.8,36.99,36.99,25.19
ITM-000001234,ORD-00000886,PRD-00087,3,43.99,24.1,131.97,131.97,59.67
ITM-000001235,ORD-00000887,PRD-00099,1,50.99,27.57,50.99,50.99,23.42
ITM-000001236,ORD-00000888,PRD-00004,1,294.49,168.07,294.49,294.49,126.42
ITM-000001237,ORD-00000889,PRD-00039,1,40.99,18.26,40.99,40.99,22.73
ITM-000001238,ORD-00000890,PRD-00026,2,94.99,41.91,189.98,189.98,106.16
ITM-000001239,ORD-00000891,PRD-00090,3,232.99,113.86,698.97,698.97,357.39
ITM-000001240,ORD-00000892,PRD-00014,1,337.99,200.36,337.99,337.99,137.63
ITM-000001241,ORD-00000892,PRD-00026,1,94.99,41.91,94.99,94.99,53.08
ITM-000001242,ORD-00000893,PRD-00074,1,16.99,6.2,16.99,16.99,10.79
ITM-000001243,ORD-00000894,PRD-00082,2,151.49,68.21,302.98,302.98,166.56
ITM-000001244,ORD-00000894,PRD-00074,1,16.99,6.2,16.99,16.99,10.79
ITM-000001245,ORD-00000895,PRD-00072,1,36.99,11.8,36.99,36.99,25.19
ITM-000001246,ORD-00000895,PRD-00012,1,374.49,207.75,374.49,374.49,166.74
ITM-000001247,ORD-00000896,PRD-00040,2,98.99,45.24,197.98,197.98,107.5
ITM-000001248,ORD-00000897,PRD-00026,2,94.99,41.91,189.98,189.98,106.16
ITM-000001249,ORD-00000898,PRD-00016,1,129.99,78.72,129.99,129.99,51.27
ITM-000001250,ORD-00000899,PRD-00061,1,75.99,20.12,75.99,75.99,55.87
ITM-000001251,ORD-00000900,PRD-00073,1,84.49,28.1,84.49,84.49,56.39
ITM-000001252,ORD-00000901,PRD-00016,1,129.99,78.72,129.99,129.99,51.27
ITM-000001253,ORD-00000901,PRD-00017,1,244.99,144.79,244.99,244.99,100.2
ITM-000001254,ORD-00000902,PRD-00066,1,84.99,33.73,84.99,84.99,51.26
ITM-000001255,ORD-00000903,PRD-00006,1,391.99,223.93,391.99,391.99,168.06
ITM-000001256,ORD-00000904,PRD-00064,1,24.99,6.91,24.99,24.99,18.08
ITM-000001257,ORD-00000905,PRD-00049,1,162.99,86.22,162.99,162.99,76.77
ITM-000001258,ORD-00000905,PRD-00086,1,140.99,72.94,140.99,140.99,68.05
ITM-000001259,ORD-00000905,PRD-00034,1,34.99,12.79,34.99,34.99,22.2
ITM-000001260,ORD-00000906,PRD-00097,1,167.49,87.54,167.49,167.49,79.95
ITM-000001261,ORD-00000906,PRD-00049,1,162.99,86.22,162.99,162.99,76.77
ITM-000001262,ORD-00000906,PRD-00092,1,214.99,101.72,214.99,214.99,113.27
ITM-000001263,ORD-00000907,PRD-00098,1,199.49,113.09,199.49,199.49,86.4
ITM-000001264,ORD-00000908,PRD-00082,1,151.49,68.21,151.49,151.49,83.28
ITM-000001265,ORD-00000909,PRD-00042,1,121.99,52.18,121.99,121.99,69.81
ITM-000001266,ORD-00000910,PRD-00065,1,24.99,5.84,24.99,24.99,19.15
ITM-000001267,ORD-00000910,PRD-00069,1,51.99,14.6,51.99,51.99,37.39
ITM-000001268,ORD-00000910,PRD-00035,1,100.99,39.04,100.99,100.99,61.95
ITM-000001269,ORD-00000911,PRD-00098,1,199.49,113.09,199.49,199.49,86.4
ITM-000001270,ORD-00000911,PRD-00073,1,84.49,28.1,84.49,84.49,56.39
ITM-000001271,ORD-00000912,PRD-00041,1,180.99,84.81,180.99,180.99,96.18
ITM-000001272,ORD-00000912,PRD-00050,1,173.99,93.04,173.99,173.99,80.95
ITM-000001273,ORD-00000913,PRD-00002,1,203.99,113.88,203.99,203.99,90.11
ITM-000001274,ORD-00000914,PRD-00066,2,84.99,33.73,169.98,169.98,102.52
ITM-000001275,ORD-00000915,PRD-00079,1,46.49,15.84,46.49,46.49,30.65
ITM-000001276,ORD-00000916,PRD-00093,1,227.99,111.71,227.99,227.99,116.28
ITM-000001277,ORD-00000916,PRD-00033,1,27.99,11.51,27.99,27.99,16.48
ITM-000001278,ORD-00000916,PRD-00017,1,244.99,144.79,244.99,244.99,100.2
ITM-000001279,ORD-00000917,PRD-00058,1,152.99,69.5,152.99,152.99,83.49
ITM-000001280,ORD-00000917,PRD-00011,1,179.99,102.31,179.99,179.99,77.68
ITM-000001281,ORD-00000918,PRD-00019,1,339.99,208.97,339.99,339.99,131.02
ITM-000001282,ORD-00000919,PRD-00075,1,56.99,20.25,56.99,56.99,36.74
ITM-000001283,ORD-00000920,PRD-00081,1,77.99,39.19,77.99,77.99,38.8
ITM-000001284,ORD-00000921,PRD-00008,1,325.99,186.16,325.99,325.99,139.83
ITM-000001285,ORD-00000922,PRD-00055,1,74.99,31.61,74.99,74.99,43.38
ITM-000001286,ORD-00000922,PRD-00023,1,31.99,14.2,31.99,31.99,17.79
ITM-000001287,ORD-00000922,PRD-00053,1,47.99,23.38,47.99,47.99,24.61
ITM-000001288,ORD-00000923,PRD-00053,1,47.99,23.38,47.99,47.99,24.61
ITM-000001289,ORD-00000923,PRD-00082,2,151.49,68.21,302.98,302.98,166.56
ITM-000001290,ORD-00000924,PRD-00012,1,374.49,207.75,374.49,374.49,166.74
ITM-000001291,ORD-00000925,PRD-00037,1,41.99,15.18,41.99,41.99,26.81
ITM-000001292,ORD-00000926,PRD-00046,2,113.49,52.53,226.98,226.98,121.92
ITM-000001293,ORD-00000927,PRD-00081,1,77.99,39.19,77.99,77.99,38.8
ITM-000001294,ORD-00000927,PRD-00023,1,31.99,14.2,31.99,31.99,17.79
ITM-000001295,ORD-00000928,PRD-00091,1,42.99,22.68,42.99,42.99,20.31
ITM-000001296,ORD-00000929,PRD-00013,1,275.99,176.16,275.99,275.99,99.83
ITM-000001297,ORD-00000930,PRD-00068,1,37.49,12.61,37.49,37.49,24.88
ITM-000001298,ORD-00000931,PRD-00005,1,82.99,47.75,82.99,82.99,35.24
ITM-000001299,ORD-00000932,PRD-00085,1,105.99,56.37,105.99,105.99,49.62
ITM-000001300,ORD-00000933,PRD-00066,1,84.99,33.73,84.99,84.99,51.26
ITM-000001301,ORD-00000934,PRD-00022,1,49.99,20.52,49.99,49.99,29.47
ITM-000001302,ORD-00000935,PRD-00065,1,24.99,5.84,24.99,24.99,19.15
ITM-000001303,ORD-00000936,PRD-00062,1,68.49,27.5,68.49,68.49,40.99
ITM-000001304,ORD-00000936,PRD-00066,2,84.99,33.73,169.98,169.98,102.52
ITM-000001305,ORD-00000937,PRD-00065,1,24.99,5.84,24.99,24.99,19.15
ITM-000001306,ORD-00000938,PRD-00042,1,121.99,52.18,121.99,121.99,69.81
ITM-000001307,ORD-00000939,PRD-00077,1,22.99,8.27,22.99,22.99,14.72
ITM-000001308,ORD-00000940,PRD-00011,3,179.99,102.31,539.97,539.97,233.04
ITM-000001309,ORD-00000941,PRD-00050,1,173.99,93.04,173.99,173.99,80.95
ITM-000001310,ORD-00000942,PRD-00054,1,137.99,68.35,137.99,137.99,69.64
ITM-000001311,ORD-00000943,PRD-00082,1,151.49,68.21,151.49,151.49,83.28
ITM-000001312,ORD-00000944,PRD-00085,1,105.99,56.37,105.99,105.99,49.62
ITM-000001313,ORD-00000945,PRD-00077,1,22.99,8.27,22.99,22.99,14.72
ITM-000001314,ORD-00000946,PRD-00031,3,110.99,51.16,332.97,332.97,179.49
ITM-000001315,ORD-00000947,PRD-00097,1,167.49,87.54,167.49,167.49,79.95
ITM-000001316,ORD-00000948,PRD-00067,1,44.99,16.41,44.99,44.99,28.58
ITM-000001317,ORD-00000949,PRD-00060,1,176.49,84.75,176.49,176.49,91.74
ITM-000001318,ORD-00000949,PRD-00042,1,121.99,52.18,121.99,121.99,69.81
ITM-000001319,ORD-00000950,PRD-00025,1,55.99,23.35,55.99,55.99,32.64
ITM-000001320,ORD-00000951,PRD-00083,1,115.99,58.28,115.99,115.99,57.71
ITM-000001321,ORD-00000952,PRD-00074,1,16.99,6.2,16.99,16.99,10.79
ITM-000001322,ORD-00000952,PRD-00082,1,151.49,68.21,151.49,151.49,83.28
ITM-000001323,ORD-00000952,PRD-00047,1,100.99,42.27,100.99,100.99,58.72
ITM-000001324,ORD-00000953,PRD-00004,1,294.49,168.07,294.49,294.49,126.42
ITM-000001325,ORD-00000954,PRD-00041,2,180.99,84.81,361.98,361.98,192.36
ITM-000001326,ORD-00000955,PRD-00015,2,205.99,123.35,411.98,411.98,165.28
ITM-000001327,ORD-00000955,PRD-00066,2,84.99,33.73,169.98,169.98,102.52
ITM-000001328,ORD-00000955,PRD-00014,1,337.99,200.36,337.99,337.99,137.63
ITM-000001329,ORD-00000956,PRD-00033,1,27.99,11.51,27.99,27.99,16.48
ITM-000001330,ORD-00000957,PRD-00016,1,129.99,78.72,129.99,129.99,51.27
ITM-000001331,ORD-00000958,PRD-00074,2,16.99,6.2,33.98,33.98,21.58
ITM-000001332,ORD-00000959,PRD-00049,1,162.99,86.22,162.99,162.99,76.77
ITM-000001333,ORD-00000960,PRD-00061,1,75.99,20.12,75.99,75.99,55.87
ITM-000001334,ORD-00000961,PRD-00096,1,199.99,116.57,199.99,199.99,83.42
ITM-000001335,ORD-00000961,PRD-00028,2,107.49,45.05,214.98,214.98,124.88
ITM-000001336,ORD-00000962,PRD-00016,1,129.99,78.72,129.99,129.99,51.27
ITM-000001337,ORD-00000963,PRD-00015,3,205.99,123.35,617.97,617.97,247.92
ITM-000001338,ORD-00000964,PRD-00097,1,167.49,87.54,167.49,167.49,79.95
ITM-000001339,ORD-00000965,PRD-00003,1,350.49,212.61,350.49,350.49,137.88
ITM-000001340,ORD-00000966,PRD-00008,1,325.99,186.16,325.99,325.99,139.83
ITM-000001341,ORD-00000966,PRD-00081,1,77.99,39.19,77.99,77.99,38.8
ITM-000001342,ORD-00000967,PRD-00023,1,31.99,14.2,31.99,31.99,17.79
ITM-000001343,ORD-00000968,PRD-00095,1,204.99,100.6,204.99,204.99,104.39
ITM-000001344,ORD-00000969,PRD-00044,1,72.99,36.23,72.99,72.99,36.76
ITM-000001345,ORD-00000970,PRD-00034,1,34.99,12.79,34.99,34.99,22.2
ITM-000001346,ORD-00000971,PRD-00066,1,84.99,33.73,84.99,84.99,51.26
ITM-000001347,ORD-00000971,PRD-00005,1,82.99,47.75,82.99,82.99,35.24
ITM-000001348,ORD-00000972,PRD-00076,1,62.99,25.51,62.99,62.99,37.48
ITM-000001349,ORD-00000973,PRD-00027,1,83.99,34.49,83.99,83.99,49.5
ITM-000001350,ORD-00000973,PRD-00062,1,68.49,27.5,68.49,68.49,40.99
ITM-000001351,ORD-00000974,PRD-00005,1,82.99,47.75,82.99,82.99,35.24
ITM-000001352,ORD-00000974,PRD-00098,1,199.49,113.09,199.49,199.49,86.4
ITM-000001353,ORD-00000975,PRD-00048,1,33.49,15.83,33.49,33.49,17.66
ITM-000001354,ORD-00000975,PRD-00030,1,67.99,29.21,67.99,67.99,38.78
ITM-000001355,ORD-00000975,PRD-00062,1,68.49,27.5,68.49,68.49,40.99
ITM-000001356,ORD-00000976,PRD-00071,1,86.99,31.3,86.99,86.99,55.69
ITM-000001357,ORD-00000977,PRD-00038,1,77.49,36.23,77.49,77.49,41.26
ITM-000001358,ORD-00000978,PRD-00012,1,374.49,207.75,374.49,374.49,166.74
ITM-000001359,ORD-00000979,PRD-00002,1,203.99,113.88,203.99,203.99,90.11
ITM-000001360,ORD-00000980,PRD-00017,1,244.99,144.79,244.99,244.99,100.2
ITM-000001361,ORD-00000981,PRD-00021,1,114.99,46.3,114.99,114.99,68.69
ITM-000001362,ORD-00000982,PRD-00048,1,33.49,15.83,33.49,33.49,17.66
ITM-000001363,ORD-00000982,PRD-00041,1,180.99,84.81,180.99,180.99,96.18
ITM-000001364,ORD-00000983,PRD-00087,1,43.99,24.1,43.99,43.99,19.89
ITM-000001365,ORD-00000983,PRD-00011,1,179.99,102.31,179.99,179.99,77.68
ITM-000001366,ORD-00000984,PRD-00050,1,173.99,93.04,173.99,173.99,80.95
ITM-000001367,ORD-00000985,PRD-00029,1,94.49,33.63,94.49,94.49,60.86
ITM-000001368,ORD-00000986,PRD-00013,1,275.99,176.16,275.99,275.99,99.83
ITM-000001369,ORD-00000986,PRD-00033,1,27.99,11.51,27.99,27.99,16.48
ITM-000001370,ORD-00000987,PRD-00070,1,64.99,25.31,64.99,64.99,39.68
ITM-000001371,ORD-00000988,PRD-00055,1,74.99,31.61,74.99,74.99,43.38
ITM-000001372,ORD-00000989,PRD-00062,1,68.49,27.5,68.49,68.49,40.99
ITM-000001373,ORD-00000990,PRD-00023,1,31.99,14.2,31.99,31.99,17.79
ITM-000001374,ORD-00000990,PRD-00084,1,31.99,15.58,31.99,31.99,16.41
ITM-000001375,ORD-00000991,PRD-00044,1,72.99,36.23,72.99,72.99,36.76
ITM-000001376,ORD-00000992,PRD-00048,2,33.49,15.83,66.98,66.98,35.32
ITM-000001377,ORD-00000993,PRD-00012,1,374.49,207.75,374.49,374.49,166.74
ITM-000001378,ORD-00000994,PRD-00091,1,42.99,22.68,42.99,42.99,20.31
ITM-000001379,ORD-00000995,PRD-00092,1,214.99,101.72,214.99,214.99,113.27
ITM-000001380,ORD-00000996,PRD-00040,1,98.99,45.24,98.99,98.99,53.75
ITM-000001381,ORD-00000997,PRD-00021,1,114.99,46.3,114.99,114.99,68.69
ITM-000001382,ORD-00000998,PRD-00071,1,86.99,31.3,86.99,86.99,55.69
ITM-000001383,ORD-00000999,PRD-00022,2,49.99,20.52,99.98,99.98,58.94
ITM-000001384,ORD-00001000,PRD-00030,1,67.99,29.21,67.99,67.99,38.78
ITM-000001385,ORD-00001001,PRD-00034,1,34.99,12.79,34.99,34.99,22.2
ITM-000001386,ORD-00001001,PRD-00081,1,77.99,39.19,77.99,77.99,38.8
ITM-000001387,ORD-00001002,PRD-00011,1,179.99,102.31,179.99,179.99,77.68
ITM-000001388,ORD-00001003,PRD-00095,2,204.99,100.6,409.98,409.98,208.78
ITM-000001389,ORD-00001004,PRD-00043,1,105.99,49.95,105.99,105.99,56.04
ITM-000001390,ORD-00001004,PRD-00010,1,207.99,120.07,207.99,207.99,87.92
ITM-000001391,ORD-00001004,PRD-00016,1,129.99,78.72,129.99,129.99,51.27
ITM-000001392,ORD-00001005,PRD-00040,1,98.99,45.24,98.99,98.99,53.75
ITM-000001393,ORD-00001005,PRD-00031,1,110.99,51.16,110.99,110.99,59.83
ITM-000001394,ORD-00001005,PRD-00037,1,41.99,15.18,41.99,41.99,26.81
ITM-000001395,ORD-00001006,PRD-00057,1,146.49,75.56,146.49,146.49,70.93
ITM-000001396,ORD-00001007,PRD-00034,1,34.99,12.79,34.99,34.99,22.2
ITM-000001397,ORD-00001008,PRD-00054,1,137.99,68.35,137.99,137.99,69.64
ITM-000001398,ORD-00001009,PRD-00079,1,46.49,15.84,46.49,46.49,30.65
ITM-000001399,ORD-00001010,PRD-00014,1,337.99,200.36,337.99,337.99,137.63
ITM-000001400,ORD-00001011,PRD-00034,1,34.99,12.79,34.99,34.99,22.2
ITM-000001401,ORD-00001011,PRD-00063,1,70.49,27.76,70.49,70.49,42.73
ITM-000001402,ORD-00001012,PRD-00088,1,211.99,101.84,211.99,211.99,110.15
ITM-000001403,ORD-00001013,PRD-00024,1,54.99,26.28,54.99,54.99,28.71
ITM-000001404,ORD-00001014,PRD-00079,2,46.49,15.84,92.98,92.98,61.3
ITM-000001405,ORD-00001015,PRD-00086,1,140.99,72.94,140.99,140.99,68.05
ITM-000001406,ORD-00001016,PRD-00087,1,43.99,24.1,43.99,43.99,19.89
ITM-000001407,ORD-00001017,PRD-00010,2,207.99,120.07,415.98,415.98,175.84
ITM-000001408,ORD-00001018,PRD-00013,1,275.99,176.16,275.99,275.99,99.83
ITM-000001409,ORD-00001019,PRD-00086,1,140.99,72.94,140.99,140.99,68.05
ITM-000001410,ORD-00001019,PRD-00042,1,121.99,52.18,121.99,121.99,69.81
ITM-000001411,ORD-00001020,PRD-00065,1,24.99,5.84,24.99,24.99,19.15
ITM-000001412,ORD-00001021,PRD-00027,1,83.99,34.49,83.99,83.99,49.5
ITM-000001413,ORD-00001022,PRD-00068,1,37.49,12.61,37.49,37.49,24.88
ITM-000001414,ORD-00001023,PRD-00007,1,316.99,172.8,316.99,316.99,144.19
ITM-000001415,ORD-00001024,PRD-00070,1,64.99,25.31,64.99,64.99,39.68
ITM-000001416,ORD-00001025,PRD-00065,1,24.99,5.84,24.99,24.99,19.15
ITM-000001417,ORD-00001025,PRD-00057,2,146.49,75.56,292.98,292.98,141.86
ITM-000001418,ORD-00001026,PRD-00049,1,162.99,86.22,162.99,162.99,76.77
ITM-000001419,ORD-00001027,PRD-00060,1,176.49,84.75,176.49,176.49,91.74
ITM-000001420,ORD-00001027,PRD-00035,1,100.99,39.04,100.99,100.99,61.95
ITM-000001421,ORD-00001028,PRD-00065,1,24.99,5.84,24.99,24.99,19.15
ITM-000001422,ORD-00001028,PRD-00004,1,294.49,168.07,294.49,294.49,126.42
ITM-000001423,ORD-00001029,PRD-00078,1,25.99,9.37,25.99,25.99,16.62
ITM-000001424,ORD-00001030,PRD-00090,1,232.99,113.86,232.99,232.99,119.13
ITM-000001425,ORD-00001031,PRD-00019,2,339.99,208.97,679.98,679.98,262.04
ITM-000001426,ORD-00001032,PRD-00018,1,72.99,37.97,72.99,72.99,35.02
ITM-000001427,ORD-00001033,PRD-00046,1,113.49,52.53,113.49,113.49,60.96
ITM-000001428,ORD-00001033,PRD-00029,1,94.49,33.63,94.49,94.49,60.86
ITM-000001429,ORD-00001033,PRD-00086,1,140.99,72.94,140.99,140.99,68.05
ITM-000001430,ORD-00001034,PRD-00003,1,350.49,212.61,350.49,350.49,137.88
ITM-000001431,ORD-00001034,PRD-00062,1,68.49,27.5,68.49,68.49,40.99
ITM-000001432,ORD-00001035,PRD-00038,1,77.49,36.23,77.49,77.49,41.26
ITM-000001433,ORD-00001036,PRD-00087,1,43.99,24.1,43.99,43.99,19.89
ITM-000001434,ORD-00001037,PRD-00067,1,44.99,16.41,44.99,44.99,28.58
ITM-000001435,ORD-00001037,PRD-00094,1,245.99,110.0,245.99,245.99,135.99
ITM-000001436,ORD-00001038,PRD-00009,1,94.99,52.51,94.99,94.99,42.48
ITM-000001437,ORD-00001038,PRD-00027,1,83.99,34.49,83.99,83.99,49.5
ITM-000001438,ORD-00001039,PRD-00038,1,77.49,36.23,77.49,77.49,41.26
ITM-000001439,ORD-00001040,PRD-00077,1,22.99,8.27,22.99,22.99,14.72
ITM-000001440,ORD-00001041,PRD-00012,1,374.49,207.75,374.49,374.49,166.74
ITM-000001441,ORD-00001042,PRD-00005,1,82.99,47.75,82.99,82.99,35.24
ITM-000001442,ORD-00001042,PRD-00052,1,118.49,48.71,118.49,118.49,69.78
ITM-000001443,ORD-00001043,PRD-00046,1,113.49,52.53,113.49,113.49,60.96
ITM-000001444,ORD-00001044,PRD-00031,1,110.99,51.16,110.99,110.99,59.83
ITM-000001445,ORD-00001045,PRD-00013,1,275.99,176.16,275.99,275.99,99.83
ITM-000001446,ORD-00001045,PRD-00075,1,56.99,20.25,56.99,56.99,36.74
ITM-000001447,ORD-00001046,PRD-00044,1,72.99,36.23,72.99,72.99,36.76
ITM-000001448,ORD-00001047,PRD-00012,1,374.49,207.75,374.49,374.49,166.74
ITM-000001449,ORD-00001047,PRD-00035,1,100.99,39.04,100.99,100.99,61.95
ITM-000001450,ORD-00001048,PRD-00088,1,211.99,101.84,211.99,211.99,110.15
ITM-000001451,ORD-00001048,PRD-00077,1,22.99,8.27,22.99,22.99,14.72
ITM-000001452,ORD-00001048,PRD-00051,1,52.99,21.94,52.99,52.99,31.05
ITM-000001453,ORD-00001049,PRD-00007,2,316.99,172.8,633.98,633.98,288.38
ITM-000001454,ORD-00001050,PRD-00025,1,55.99,23.35,55.99,55.99,32.64
ITM-000001455,ORD-00001051,PRD-00066,1,84.99,33.73,84.99,84.99,51.26
ITM-000001456,ORD-00001051,PRD-00042,3,121.99,52.18,365.97,365.97,209.43
ITM-000001457,ORD-00001052,PRD-00056,2,135.49,71.03,270.98,270.98,128.92
ITM-000001458,ORD-00001053,PRD-00039,1,40.99,18.26,40.99,40.99,22.73
ITM-000001459,ORD-00001054,PRD-00060,1,176.49,84.75,176.49,176.49,91.74
ITM-000001460,ORD-00001054,PRD-00099,1,50.99,27.57,50.99,50.99,23.42
ITM-000001461,ORD-00001055,PRD-00001,1,320.99,176.63,320.99,320.99,144.36
ITM-000001462,ORD-00001056,PRD-00048,1,33.49,15.83,33.49,33.49,17.66
ITM-000001463,ORD-00001057,PRD-00005,1,82.99,47.75,82.99,82.99,35.24
ITM-000001464,ORD-00001057,PRD-00065,1,24.99,5.84,24.99,24.99,19.15
ITM-000001465,ORD-00001057,PRD-00055,1,74.99,31.61,74.99,74.99,43.38
ITM-000001466,ORD-00001058,PRD-00044,3,72.99,36.23,218.97,218.97,110.28
ITM-000001467,ORD-00001059,PRD-00098,1,199.49,113.09,199.49,199.49,86.4
ITM-000001468,ORD-00001060,PRD-00007,1,316.99,172.8,316.99,316.99,144.19
ITM-000001469,ORD-00001061,PRD-00060,1,176.49,84.75,176.49,176.49,91.74
ITM-000001470,ORD-00001062,PRD-00069,2,51.99,14.6,103.98,103.98,74.78
ITM-000001471,ORD-00001063,PRD-00067,1,44.99,16.41,44.99,44.99,28.58
ITM-000001472,ORD-00001064,PRD-00043,1,105.99,49.95,105.99,105.99,56.04
ITM-000001473,ORD-00001065,PRD-00022,1,49.99,20.52,49.99,49.99,29.47
ITM-000001474,ORD-00001066,PRD-00026,1,94.99,41.91,94.99,94.99,53.08
ITM-000001475,ORD-00001067,PRD-00100,2,143.99,66.17,287.98,287.98,155.64
ITM-000001476,ORD-00001067,PRD-00096,2,199.99,116.57,399.98,399.98,166.84
ITM-000001477,ORD-00001068,PRD-00080,1,87.99,32.75,87.99,87.99,55.24
ITM-000001478,ORD-00001069,PRD-00027,1,83.99,34.49,83.99,83.99,49.5
ITM-000001479,ORD-00001069,PRD-00087,1,43.99,24.1,43.99,43.99,19.89
ITM-000001480,ORD-00001070,PRD-00062,1,68.49,27.5,68.49,68.49,40.99
ITM-000001481,ORD-00001071,PRD-00054,1,137.99,68.35,137.99,137.99,69.64
ITM-000001482,ORD-00001071,PRD-00043,1,105.99,49.95,105.99,105.99,56.04
ITM-000001483,ORD-00001072,PRD-00021,1,114.99,46.3,114.99,114.99,68.69
ITM-000001484,ORD-00001073,PRD-00080,1,87.99,32.75,87.99,87.99,55.24
ITM-000001485,ORD-00001073,PRD-00057,1,146.49,75.56,146.49,146.49,70.93
ITM-000001486,ORD-00001074,PRD-00055,1,74.99,31.61,74.99,74.99,43.38
ITM-000001487,ORD-00001075,PRD-00012,1,374.49,207.75,374.49,374.49,166.74
ITM-000001488,ORD-00001076,PRD-00036,1,73.99,30.02,73.99,73.99,43.97
ITM-000001489,ORD-00001077,PRD-00031,1,110.99,51.16,110.99,110.99,59.83
ITM-000001490,ORD-00001078,PRD-00014,1,337.99,200.36,337.99,337.99,137.63
ITM-000001491,ORD-00001078,PRD-00090,1,232.99,113.86,232.99,232.99,119.13
ITM-000001492,ORD-00001079,PRD-00060,1,176.49,84.75,176.49,176.49,91.74
ITM-000001493,ORD-00001080,PRD-00068,1,37.49,12.61,37.49,37.49,24.88
ITM-000001494,ORD-00001081,PRD-00063,1,70.49,27.76,70.49,70.49,42.73
ITM-000001495,ORD-00001081,PRD-00039,1,40.99,18.26,40.99,40.99,22.73
ITM-000001496,ORD-00001082,PRD-00040,1,98.99,45.24,98.99,98.99,53.75
ITM-000001497,ORD-00001083,PRD-00090,2,232.99,113.86,465.98,465.98,238.26
ITM-000001498,ORD-00001084,PRD-00095,1,204.99,100.6,204.99,204.99,104.39
ITM-000001499,ORD-00001084,PRD-00036,1,73.99,30.02,73.99,73.99,43.97
ITM-000001500,ORD-00001085,PRD-00030,1,67.99,29.21,67.99,67.99,38.78
ITM-000001501,ORD-00001086,PRD-00050,1,173.99,93.04,173.99,173.99,80.95
ITM-000001502,ORD-00001087,PRD-00055,3,74.99,31.61,224.97,224.97,130.14
ITM-000001503,ORD-00001087,PRD-00100,1,143.99,66.17,143.99,143.99,77.82
ITM-000001504,ORD-00001087,PRD-00070,1,64.99,25.31,64.99,64.99,39.68
ITM-000001505,ORD-00001088,PRD-00011,1,179.99,102.31,179.99,179.99,77.68
ITM-000001506,ORD-00001088,PRD-00055,1,74.99,31.61,74.99,74.99,43.38
ITM-000001507,ORD-00001089,PRD-00048,1,33.49,15.83,33.49,33.49,17.66
ITM-000001508,ORD-00001090,PRD-00009,1,94.99,52.51,94.99,94.99,42.48
ITM-000001509,ORD-00001091,PRD-00058,1,152.99,69.5,152.99,152.99,83.49
ITM-000001510,ORD-00001092,PRD-00073,1,84.49,28.1,84.49,84.49,56.39
ITM-000001511,ORD-00001093,PRD-00015,3,205.99,123.35,617.97,617.97,247.92
ITM-000001512,ORD-00001094,PRD-00058,3,152.99,69.5,458.97,458.97,250.47
ITM-000001513,ORD-00001095,PRD-00085,2,105.99,56.37,211.98,211.98,99.24
ITM-000001514,ORD-00001096,PRD-00081,1,77.99,39.19,77.99,77.99,38.8
ITM-000001515,ORD-00001097,PRD-00089,1,31.99,18.14,31.99,31.99,13.85
ITM-000001516,ORD-00001098,PRD-00036,1,73.99,30.02,73.99,73.99,43.97
ITM-000001517,ORD-00001098,PRD-00009,1,94.99,52.51,94.99,94.99,42.48
ITM-000001518,ORD-00001098,PRD-00034,1,34.99,12.79,34.99,34.99,22.2
ITM-000001519,ORD-00001099,PRD-00024,1,54.99,26.28,54.99,54.99,28.71
ITM-000001520,ORD-00001100,PRD-00020,1,271.99,147.22,271.99,271.99,124.77
ITM-000001521,ORD-00001101,PRD-00040,1,98.99,45.24,98.99,98.99,53.75
ITM-000001522,ORD-00001101,PRD-00001,1,320.99,176.63,320.99,320.99,144.36
ITM-000001523,ORD-00001102,PRD-00079,2,46.49,15.84,92.98,92.98,61.3
ITM-000001524,ORD-00001102,PRD-00022,1,49.99,20.52,49.99,49.99,29.47
ITM-000001525,ORD-00001102,PRD-00033,1,27.99,11.51,27.99,27.99,16.48
ITM-000001526,ORD-00001103,PRD-00015,2,205.99,123.35,411.98,411.98,165.28
ITM-000001527,ORD-00001104,PRD-00054,1,137.99,68.35,137.99,137.99,69.64
ITM-000001528,ORD-00001105,PRD-00077,1,22.99,8.27,22.99,22.99,14.72
ITM-000001529,ORD-00001106,PRD-00005,1,82.99,47.75,82.99,82.99,35.24
ITM-000001530,ORD-00001107,PRD-00079,1,46.49,15.84,46.49,46.49,30.65
ITM-000001531,ORD-00001108,PRD-00059,1,47.49,23.54,47.49,47.49,23.95
ITM-000001532,ORD-00001108,PRD-00047,1,100.99,42.27,100.99,100.99,58.72
ITM-000001533,ORD-00001109,PRD-00026,2,94.99,41.91,189.98,189.98,106.16
ITM-000001534,ORD-00001110,PRD-00067,1,44.99,16.41,44.99,44.99,28.58
ITM-000001535,ORD-00001111,PRD-00003,1,350.49,212.61,350.49,350.49,137.88
ITM-000001536,ORD-00001112,PRD-00016,2,129.99,78.72,259.98,259.98,102.54
ITM-000001537,ORD-00001112,PRD-00006,1,391.99,223.93,391.99,391.99,168.06
ITM-000001538,ORD-00001113,PRD-00099,1,50.99,27.57,50.99,50.99,23.42
ITM-000001539,ORD-00001114,PRD-00059,3,47.49,23.54,142.47,142.47,71.85
ITM-000001540,ORD-00001114,PRD-00060,3,176.49,84.75,529.47,529.47,275.22
ITM-000001541,ORD-00001115,PRD-00080,2,87.99,32.75,175.98,175.98,110.48
ITM-000001542,ORD-00001116,PRD-00061,1,75.99,20.12,75.99,75.99,55.87
ITM-000001543,ORD-00001117,PRD-00048,1,33.49,15.83,33.49,33.49,17.66
ITM-000001544,ORD-00001118,PRD-00040,1,98.99,45.24,98.99,98.99,53.75
ITM-000001545,ORD-00001119,PRD-00084,1,31.99,15.58,31.99,31.99,16.41
ITM-000001546,ORD-00001120,PRD-00074,1,16.99,6.2,16.99,16.99,10.79
ITM-000001547,ORD-00001121,PRD-00062,2,68.49,27.5,136.98,136.98,81.98
ITM-000001548,ORD-00001121,PRD-00084,1,31.99,15.58,31.99,31.99,16.41
ITM-000001549,ORD-00001122,PRD-00051,2,52.99,21.94,105.98,105.98,62.1
ITM-000001550,ORD-00001123,PRD-00014,1,337.99,200.36,337.99,337.99,137.63
ITM-000001551,ORD-00001123,PRD-00066,1,84.99,33.73,84.99,84.99,51.26
ITM-000001552,ORD-00001123,PRD-00009,1,94.99,52.51,94.99,94.99,42.48
ITM-000001553,ORD-00001124,PRD-00028,2,107.49,45.05,214.98,214.98,124.88
ITM-000001554,ORD-00001125,PRD-00093,1,227.99,111.71,227.99,227.99,116.28
ITM-000001555,ORD-00001125,PRD-00057,1,146.49,75.56,146.49,146.49,70.93
ITM-000001556,ORD-00001126,PRD-00005,1,82.99,47.75,82.99,82.99,35.24
ITM-000001557,ORD-00001127,PRD-00033,2,27.99,11.51,55.98,55.98,32.96
ITM-000001558,ORD-00001128,PRD-00082,1,151.49,68.21,151.49,151.49,83.28
ITM-000001559,ORD-00001129,PRD-00052,1,118.49,48.71,118.49,118.49,69.78
ITM-000001560,ORD-00001130,PRD-00085,1,105.99,56.37,105.99,105.99,49.62
ITM-000001561,ORD-00001131,PRD-00016,1,129.99,78.72,129.99,129.99,51.27
ITM-000001562,ORD-00001131,PRD-00070,1,64.99,25.31,64.99,64.99,39.68
ITM-000001563,ORD-00001132,PRD-00043,1,105.99,49.95,105.99,105.99,56.04
ITM-000001564,ORD-00001133,PRD-00082,1,151.49,68.21,151.49,151.49,83.28
ITM-000001565,ORD-00001133,PRD-00036,2,73.99,30.02,147.98,147.98,87.94
ITM-000001566,ORD-00001134,PRD-00053,1,47.99,23.38,47.99,47.99,24.61
ITM-000001567,ORD-00001135,PRD-00053,1,47.99,23.38,47.99,47.99,24.61
ITM-000001568,ORD-00001135,PRD-00046,1,113.49,52.53,113.49,113.49,60.96
ITM-000001569,ORD-00001136,PRD-00029,1,94.49,33.63,94.49,94.49,60.86
ITM-000001570,ORD-00001137,PRD-00081,1,77.99,39.19,77.99,77.99,38.8
ITM-000001571,ORD-00001138,PRD-00013,2,275.99,176.16,551.98,551.98,199.66
ITM-000001572,ORD-00001139,PRD-00084,3,31.99,15.58,95.97,95.97,49.23
ITM-000001573,ORD-00001140,PRD-00051,1,52.99,21.94,52.99,52.99,31.05
ITM-000001574,ORD-00001141,PRD-00092,1,214.99,101.72,214.99,214.99,113.27
ITM-000001575,ORD-00001141,PRD-00036,3,73.99,30.02,221.97,221.97,131.91
ITM-000001576,ORD-00001141,PRD-00012,1,374.49,207.75,374.49,374.49,166.74
ITM-000001577,ORD-00001142,PRD-00014,1,337.99,200.36,337.99,337.99,137.63
ITM-000001578,ORD-00001142,PRD-00069,1,51.99,14.6,51.99,51.99,37.39
ITM-000001579,ORD-00001143,PRD-00083,3,115.99,58.28,347.97,347.97,173.13
ITM-000001580,ORD-00001144,PRD-00068,1,37.49,12.61,37.49,37.49,24.88
ITM-000001581,ORD-00001145,PRD-00045,1,83.49,36.38,83.49,83.49,47.11
ITM-000001582,ORD-00001146,PRD-00011,1,179.99,102.31,179.99,179.99,77.68
ITM-000001583,ORD-00001147,PRD-00081,1,77.99,39.19,77.99,77.99,38.8
ITM-000001584,ORD-00001147,PRD-00082,1,151.49,68.21,151.49,151.49,83.28
ITM-000001585,ORD-00001148,PRD-00019,1,339.99,208.97,339.99,339.99,131.02
ITM-000001586,ORD-00001149,PRD-00071,1,86.99,31.3,86.99,86.99,55.69
ITM-000001587,ORD-00001150,PRD-00040,1,98.99,45.24,98.99,98.99,53.75
ITM-000001588,ORD-00001151,PRD-00073,2,84.49,28.1,168.98,168.98,112.78
ITM-000001589,ORD-00001152,PRD-00065,1,24.99,5.84,24.99,24.99,19.15
ITM-000001590,ORD-00001153,PRD-00048,1,33.49,15.83,33.49,33.49,17.66
ITM-000001591,ORD-00001153,PRD-00023,1,31.99,14.2,31.99,31.99,17.79
ITM-000001592,ORD-00001154,PRD-00089,1,31.99,18.14,31.99,31.99,13.85
ITM-000001593,ORD-00001155,PRD-00050,1,173.99,93.04,173.99,173.99,80.95
ITM-000001594,ORD-00001155,PRD-00060,1,176.49,84.75,176.49,176.49,91.74
ITM-000001595,ORD-00001156,PRD-00072,1,36.99,11.8,36.99,36.99,25.19
ITM-000001596,ORD-00001157,PRD-00065,1,24.99,5.84,24.99,24.99,19.15
ITM-000001597,ORD-00001157,PRD-00027,1,83.99,34.49,83.99,83.99,49.5
ITM-000001598,ORD-00001158,PRD-00031,1,110.99,51.16,110.99,110.99,59.83
ITM-000001599,ORD-00001158,PRD-00039,1,40.99,18.26,40.99,40.99,22.73
ITM-000001600,ORD-00001159,PRD-00064,2,24.99,6.91,49.98,49.98,36.16
ITM-000001601,ORD-00001159,PRD-00015,1,205.99,123.35,205.99,205.99,82.64
ITM-000001602,ORD-00001160,PRD-00036,1,73.99,30.02,73.99,73.99,43.97
ITM-000001603,ORD-00001161,PRD-00082,1,151.49,68.21,151.49,151.49,83.28
ITM-000001604,ORD-00001162,PRD-00048,1,33.49,15.83,33.49,33.49,17.66
ITM-000001605,ORD-00001162,PRD-00073,1,84.49,28.1,84.49,84.49,56.39
ITM-000001606,ORD-00001163,PRD-00021,1,114.99,46.3,114.99,114.99,68.69
ITM-000001607,ORD-00001164,PRD-00022,2,49.99,20.52,99.98,99.98,58.94
ITM-000001608,ORD-00001165,PRD-00082,1,151.49,68.21,151.49,151.49,83.28
ITM-000001609,ORD-00001166,PRD-00003,1,350.49,212.61,350.49,350.49,137.88
ITM-000001610,ORD-00001167,PRD-00073,1,84.49,28.1,84.49,84.49,56.39
ITM-000001611,ORD-00001168,PRD-00078,1,25.99,9.37,25.99,25.99,16.62
ITM-000001612,ORD-00001169,PRD-00093,1,227.99,111.71,227.99,227.99,116.28
ITM-000001613,ORD-00001170,PRD-00050,1,173.99,93.04,173.99,173.99,80.95
ITM-000001614,ORD-00001171,PRD-00033,1,27.99,11.51,27.99,27.99,16.48
ITM-000001615,ORD-00001172,PRD-00080,1,87.99,32.75,87.99,87.99,55.24
ITM-000001616,ORD-00001172,PRD-00017,1,244.99,144.79,244.99,244.99,100.2
ITM-000001617,ORD-00001172,PRD-00003,1,350.49,212.61,350.49,350.49,137.88
ITM-000001618,ORD-00001173,PRD-00034,1,34.99,12.79,34.99,34.99,22.2
ITM-000001619,ORD-00001174,PRD-00093,1,227.99,111.71,227.99,227.99,116.28
ITM-000001620,ORD-00001174,PRD-00099,1,50.99,27.57,50.99,50.99,23.42
ITM-000001621,ORD-00001175,PRD-00091,1,42.99,22.68,42.99,42.99,20.31
ITM-000001622,ORD-00001176,PRD-00079,1,46.49,15.84,46.49,46.49,30.65
ITM-000001623,ORD-00001177,PRD-00095,1,204.99,100.6,204.99,204.99,104.39
ITM-000001624,ORD-00001178,PRD-00018,1,72.99,37.97,72.99,72.99,35.02
ITM-000001625,ORD-00001179,PRD-00022,1,49.99,20.52,49.99,49.99,29.47
ITM-000001626,ORD-00001179,PRD-00013,1,275.99,176.16,275.99,275.99,99.83
ITM-000001627,ORD-00001179,PRD-00093,1,227.99,111.71,227.99,227.99,116.28
ITM-000001628,ORD-00001180,PRD-00043,1,105.99,49.95,105.99,105.99,56.04
ITM-000001629,ORD-00001181,PRD-00033,1,27.99,11.51,27.99,27.99,16.48
ITM-000001630,ORD-00001182,PRD-00020,1,271.99,147.22,271.99,271.99,124.77
ITM-000001631,ORD-00001183,PRD-00037,1,41.99,15.18,41.99,41.99,26.81
ITM-000001632,ORD-00001184,PRD-00050,3,173.99,93.04,521.97,521.97,242.85
ITM-000001633,ORD-00001184,PRD-00093,2,227.99,111.71,455.98,455.98,232.56
ITM-000001634,ORD-00001185,PRD-00041,1,180.99,84.81,180.99,180.99,96.18
ITM-000001635,ORD-00001186,PRD-00041,1,180.99,84.81,180.99,180.99,96.18
ITM-000001636,ORD-00001186,PRD-00094,1,245.99,110.0,245.99,245.99,135.99
ITM-000001637,ORD-00001187,PRD-00051,2,52.99,21.94,105.98,105.98,62.1
ITM-000001638,ORD-00001188,PRD-00009,1,94.99,52.51,94.99,94.99,42.48
ITM-000001639,ORD-00001189,PRD-00033,2,27.99,11.51,55.98,55.98,32.96
ITM-000001640,ORD-00001190,PRD-00050,1,173.99,93.04,173.99,173.99,80.95
ITM-000001641,ORD-00001191,PRD-00076,1,62.99,25.51,62.99,62.99,37.48
ITM-000001642,ORD-00001191,PRD-00092,1,214.99,101.72,214.99,214.99,113.27
ITM-000001643,ORD-00001192,PRD-00054,1,137.99,68.35,137.99,137.99,69.64
ITM-000001644,ORD-00001192,PRD-00011,1,179.99,102.31,179.99,179.99,77.68
ITM-000001645,ORD-00001193,PRD-00049,1,162.99,86.22,162.99,162.99,76.77
ITM-000001646,ORD-00001194,PRD-00051,1,52.99,21.94,52.99,52.99,31.05
ITM-000001647,ORD-00001195,PRD-00073,3,84.49,28.1,253.47,253.47,169.17
ITM-000001648,ORD-00001196,PRD-00071,1,86.99,31.3,86.99,86.99,55.69
ITM-000001649,ORD-00001197,PRD-00038,1,77.49,36.23,77.49,77.49,41.26
ITM-000001650,ORD-00001198,PRD-00081,1,77.99,39.19,77.99,77.99,38.8
ITM-000001651,ORD-00001199,PRD-00040,1,98.99,45.24,98.99,98.99,53.75
ITM-000001652,ORD-00001200,PRD-00037,1,41.99,15.18,41.99,41.99,26.81
ITM-000001653,ORD-00001201,PRD-00058,1,152.99,69.5,152.99,152.99,83.49
ITM-000001654,ORD-00001201,PRD-00082,1,151.49,68.21,151.49,151.49,83.28
ITM-000001655,ORD-00001202,PRD-00083,1,115.99,58.28,115.99,115.99,57.71
ITM-000001656,ORD-00001202,PRD-00029,1,94.49,33.63,94.49,94.49,60.86
ITM-000001657,ORD-00001202,PRD-00053,1,47.99,23.38,47.99,47.99,24.61
ITM-000001658,ORD-00001203,PRD-00061,1,75.99,20.12,75.99,75.99,55.87
ITM-000001659,ORD-00001204,PRD-00054,1,137.99,68.35,137.99,137.99,69.64
ITM-000001660,ORD-00001205,PRD-00023,1,31.99,14.2,31.99,31.99,17.79
ITM-000001661,ORD-00001205,PRD-00065,1,24.99,5.84,24.99,24.99,19.15
ITM-000001662,ORD-00001206,PRD-00035,2,100.99,39.04,201.98,201.98,123.9
ITM-000001663,ORD-00001207,PRD-00092,1,214.99,101.72,214.99,214.99,113.27
ITM-000001664,ORD-00001208,PRD-00003,2,350.49,212.61,700.98,700.98,275.76
ITM-000001665,ORD-00001209,PRD-00043,1,105.99,49.95,105.99,105.99,56.04
ITM-000001666,ORD-00001210,PRD-00005,1,82.99,47.75,82.99,82.99,35.24
ITM-000001667,ORD-00001211,PRD-00010,1,207.99,120.07,207.99,207.99,87.92
ITM-000001668,ORD-00001212,PRD-00049,1,162.99,86.22,162.99,162.99,76.77
ITM-000001669,ORD-00001213,PRD-00003,1,350.49,212.61,350.49,350.49,137.88
ITM-000001670,ORD-00001214,PRD-00015,2,205.99,123.35,411.98,411.98,165.28
ITM-000001671,ORD-00001214,PRD-00088,1,211.99,101.84,211.99,211.99,110.15
ITM-000001672,ORD-00001215,PRD-00068,1,37.49,12.61,37.49,37.49,24.88
ITM-000001673,ORD-00001216,PRD-00026,2,94.99,41.91,189.98,189.98,106.16
ITM-000001674,ORD-00001217,PRD-00030,1,67.99,29.21,67.99,67.99,38.78
ITM-000001675,ORD-00001218,PRD-00009,1,94.99,52.51,94.99,94.99,42.48
ITM-000001676,ORD-00001219,PRD-00016,1,129.99,78.72,129.99,129.99,51.27
ITM-000001677,ORD-00001220,PRD-00091,1,42.99,22.68,42.99,42.99,20.31
ITM-000001678,ORD-00001221,PRD-00054,1,137.99,68.35,137.99,137.99,69.64
ITM-000001679,ORD-00001222,PRD-00039,1,40.99,18.26,40.99,40.99,22.73
ITM-000001680,ORD-00001223,PRD-00067,2,44.99,16.41,89.98,89.98,57.16
ITM-000001681,ORD-00001224,PRD-00069,1,51.99,14.6,51.99,51.99,37.39
ITM-000001682,ORD-00001225,PRD-00060,1,176.49,84.75,176.49,176.49,91.74
ITM-000001683,ORD-00001226,PRD-00050,1,173.99,93.04,173.99,173.99,80.95
ITM-000001684,ORD-00001227,PRD-00062,1,68.49,27.5,68.49,68.49,40.99
ITM-000001685,ORD-00001228,PRD-00085,1,105.99,56.37,105.99,105.99,49.62
ITM-000001686,ORD-00001229,PRD-00011,1,179.99,102.31,179.99,179.99,77.68
ITM-000001687,ORD-00001230,PRD-00043,1,105.99,49.95,105.99,105.99,56.04
ITM-000001688,ORD-00001231,PRD-00024,1,54.99,26.28,54.99,54.99,28.71
ITM-000001689,ORD-00001231,PRD-00050,1,173.99,93.04,173.99,173.99,80.95
ITM-000001690,ORD-00001232,PRD-00083,2,115.99,58.28,231.98,231.98,115.42
ITM-000001691,ORD-00001232,PRD-00053,2,47.99,23.38,95.98,95.98,49.22
ITM-000001692,ORD-00001233,PRD-00032,2,42.49,17.54,84.98,84.98,49.9
ITM-000001693,ORD-00001234,PRD-00056,1,135.49,71.03,135.49,135.49,64.46
ITM-000001694,ORD-00001235,PRD-00080,1,87.99,32.75,87.99,87.99,55.24
ITM-000001695,ORD-00001235,PRD-00070,1,64.99,25.31,64.99,64.99,39.68
ITM-000001696,ORD-00001236,PRD-00059,3,47.49,23.54,142.47,142.47,71.85
ITM-000001697,ORD-00001237,PRD-00042,1,121.99,52.18,121.99,121.99,69.81
ITM-000001698,ORD-00001237,PRD-00071,1,86.99,31.3,86.99,86.99,55.69
ITM-000001699,ORD-00001238,PRD-00035,1,100.99,39.04,100.99,100.99,61.95
ITM-000001700,ORD-00001238,PRD-00007,1,316.99,172.8,316.99,316.99,144.19
ITM-000001701,ORD-00001238,PRD-00092,3,214.99,101.72,644.97,644.97,339.81
ITM-000001702,ORD-00001239,PRD-00037,1,41.99,15.18,41.99,41.99,26.81
ITM-000001703,ORD-00001239,PRD-00005,1,82.99,47.75,82.99,82.99,35.24
ITM-000001704,ORD-00001240,PRD-00031,1,110.99,51.16,110.99,110.99,59.83
ITM-000001705,ORD-00001241,PRD-00081,1,77.99,39.19,77.99,77.99,38.8
ITM-000001706,ORD-00001242,PRD-00011,1,179.99,102.31,179.99,179.99,77.68
ITM-000001707,ORD-00001242,PRD-00045,1,83.49,36.38,83.49,83.49,47.11
ITM-000001708,ORD-00001243,PRD-00013,1,275.99,176.16,275.99,275.99,99.83
ITM-000001709,ORD-00001244,PRD-00046,1,113.49,52.53,113.49,113.49,60.96
ITM-000001710,ORD-00001245,PRD-00044,1,72.99,36.23,72.99,72.99,36.76
ITM-000001711,ORD-00001246,PRD-00049,1,162.99,86.22,162.99,162.99,76.77
ITM-000001712,ORD-00001247,PRD-00057,1,146.49,75.56,146.49,146.49,70.93
ITM-000001713,ORD-00001248,PRD-00052,3,118.49,48.71,355.47,355.47,209.34
ITM-000001714,ORD-00001249,PRD-00030,1,67.99,29.21,67.99,67.99,38.78
ITM-000001715,ORD-00001250,PRD-00075,1,56.99,20.25,56.99,56.99,36.74
ITM-000001716,ORD-00001251,PRD-00049,1,162.99,86.22,162.99,162.99,76.77
ITM-000001717,ORD-00001251,PRD-00070,1,64.99,25.31,64.99,64.99,39.68
ITM-000001718,ORD-00001251,PRD-00031,1,110.99,51.16,110.99,110.99,59.83
ITM-000001719,ORD-00001252,PRD-00031,1,110.99,51.16,110.99,110.99,59.83
ITM-000001720,ORD-00001252,PRD-00058,1,152.99,69.5,152.99,152.99,83.49
ITM-000001721,ORD-00001253,PRD-00021,1,114.99,46.3,114.99,114.99,68.69
ITM-000001722,ORD-00001254,PRD-00035,1,100.99,39.04,100.99,100.99,61.95
ITM-000001723,ORD-00001254,PRD-00065,1,24.99,5.84,24.99,24.99,19.15
ITM-000001724,ORD-00001255,PRD-00066,1,84.99,33.73,84.99,84.99,51.26
ITM-000001725,ORD-00001256,PRD-00066,1,84.99,33.73,84.99,84.99,51.26
ITM-000001726,ORD-00001257,PRD-00084,1,31.99,15.58,31.99,31.99,16.41
ITM-000001727,ORD-00001258,PRD-00036,1,73.99,30.02,73.99,73.99,43.97
ITM-000001728,ORD-00001258,PRD-00010,1,207.99,120.07,207.99,207.99,87.92
ITM-000001729,ORD-00001258,PRD-00021,1,114.99,46.3,114.99,114.99,68.69
ITM-000001730,ORD-00001259,PRD-00076,1,62.99,25.51,62.99,62.99,37.48
ITM-000001731,ORD-00001260,PRD-00082,1,151.49,68.21,151.49,151.49,83.28
ITM-000001732,ORD-00001260,PRD-00032,1,42.49,17.54,42.49,42.49,24.95
ITM-000001733,ORD-00001261,PRD-00001,1,320.99,176.63,320.99,320.99,144.36
ITM-000001734,ORD-00001262,PRD-00017,1,244.99,144.79,244.99,244.99,100.2
ITM-000001735,ORD-00001262,PRD-00059,1,47.49,23.54,47.49,47.49,23.95
ITM-000001736,ORD-00001263,PRD-00057,1,146.49,75.56,146.49,146.49,70.93
ITM-000001737,ORD-00001264,PRD-00094,1,245.99,110.0,245.99,245.99,135.99
ITM-000001738,ORD-00001264,PRD-00100,3,143.99,66.17,431.97,431.97,233.46
ITM-000001739,ORD-00001265,PRD-00011,1,179.99,102.31,179.99,179.99,77.68
ITM-000001740,ORD-00001266,PRD-00072,2,36.99,11.8,73.98,73.98,50.38
ITM-000001741,ORD-00001267,PRD-00017,1,244.99,144.79,244.99,244.99,100.2
ITM-000001742,ORD-00001268,PRD-00057,1,146.49,75.56,146.49,146.49,70.93
ITM-000001743,ORD-00001269,PRD-00014,1,337.99,200.36,337.99,337.99,137.63
ITM-000001744,ORD-00001270,PRD-00046,1,113.49,52.53,113.49,113.49,60.96
ITM-000001745,ORD-00001271,PRD-00043,2,105.99,49.95,211.98,211.98,112.08
ITM-000001746,ORD-00001272,PRD-00011,1,179.99,102.31,179.99,179.99,77.68
ITM-000001747,ORD-00001273,PRD-00064,1,24.99,6.91,24.99,24.99,18.08
ITM-000001748,ORD-00001274,PRD-00064,1,24.99,6.91,24.99,24.99,18.08
ITM-000001749,ORD-00001275,PRD-00065,1,24.99,5.84,24.99,24.99,19.15
ITM-000001750,ORD-00001276,PRD-00068,1,37.49,12.61,37.49,37.49,24.88
ITM-000001751,ORD-00001277,PRD-00071,1,86.99,31.3,86.99,86.99,55.69
ITM-000001752,ORD-00001278,PRD-00008,1,325.99,186.16,325.99,325.99,139.83
ITM-000001753,ORD-00001279,PRD-00039,1,40.99,18.26,40.99,40.99,22.73
ITM-000001754,ORD-00001279,PRD-00094,1,245.99,110.0,245.99,245.99,135.99
ITM-000001755,ORD-00001279,PRD-00015,1,205.99,123.35,205.99,205.99,82.64
ITM-000001756,ORD-00001280,PRD-00043,1,105.99,49.95,105.99,105.99,56.04
ITM-000001757,ORD-00001280,PRD-00066,1,84.99,33.73,84.99,84.99,51.26
ITM-000001758,ORD-00001281,PRD-00046,1,113.49,52.53,113.49,113.49,60.96
ITM-000001759,ORD-00001282,PRD-00037,1,41.99,15.18,41.99,41.99,26.81
ITM-000001760,ORD-00001283,PRD-00092,1,214.99,101.72,214.99,214.99,113.27
ITM-000001761,ORD-00001284,PRD-00083,1,115.99,58.28,115.99,115.99,57.71
ITM-000001762,ORD-00001285,PRD-00038,1,77.49,36.23,77.49,77.49,41.26
ITM-000001763,ORD-00001285,PRD-00012,1,374.49,207.75,374.49,374.49,166.74
ITM-000001764,ORD-00001286,PRD-00085,1,105.99,56.37,105.99,105.99,49.62
ITM-000001765,ORD-00001287,PRD-00085,1,105.99,56.37,105.99,105.99,49.62
ITM-000001766,ORD-00001288,PRD-00084,1,31.99,15.58,31.99,31.99,16.41
ITM-000001767,ORD-00001289,PRD-00058,1,152.99,69.5,152.99,152.99,83.49
ITM-000001768,ORD-00001290,PRD-00021,1,114.99,46.3,114.99,114.99,68.69
ITM-000001769,ORD-00001291,PRD-00087,1,43.99,24.1,43.99,43.99,19.89
ITM-000001770,ORD-00001291,PRD-00049,1,162.99,86.22,162.99,162.99,76.77
ITM-000001771,ORD-00001291,PRD-00009,1,94.99,52.51,94.99,94.99,42.48
ITM-000001772,ORD-00001292,PRD-00044,1,72.99,36.23,72.99,72.99,36.76
ITM-000001773,ORD-00001293,PRD-00012,1,374.49,207.75,374.49,374.49,166.74
ITM-000001774,ORD-00001294,PRD-00019,1,339.99,208.97,339.99,339.99,131.02
ITM-000001775,ORD-00001295,PRD-00018,1,72.99,37.97,72.99,72.99,35.02
ITM-000001776,ORD-00001296,PRD-00086,1,140.99,72.94,140.99,140.99,68.05
ITM-000001777,ORD-00001297,PRD-00035,1,100.99,39.04,100.99,100.99,61.95
ITM-000001778,ORD-00001298,PRD-00061,1,75.99,20.12,75.99,75.99,55.87
ITM-000001779,ORD-00001298,PRD-00064,1,24.99,6.91,24.99,24.99,18.08
ITM-000001780,ORD-00001299,PRD-00069,2,51.99,14.6,103.98,103.98,74.78
ITM-000001781,ORD-00001300,PRD-00025,1,55.99,23.35,55.99,55.99,32.64
ITM-000001782,ORD-00001301,PRD-00066,2,84.99,33.73,169.98,169.98,102.52
ITM-000001783,ORD-00001302,PRD-00081,1,77.99,39.19,77.99,77.99,38.8
ITM-000001784,ORD-00001303,PRD-00084,1,31.99,15.58,31.99,31.99,16.41
ITM-000001785,ORD-00001304,PRD-00022,1,49.99,20.52,49.99,49.99,29.47
ITM-000001786,ORD-00001305,PRD-00031,1,110.99,51.16,110.99,110.99,59.83
ITM-000001787,ORD-00001306,PRD-00084,2,31.99,15.58,63.98,63.98,32.82
ITM-000001788,ORD-00001307,PRD-00005,1,82.99,47.75,82.99,82.99,35.24
ITM-000001789,ORD-00001308,PRD-00039,1,40.99,18.26,40.99,40.99,22.73
ITM-000001790,ORD-00001309,PRD-00009,1,94.99,52.51,94.99,94.99,42.48
ITM-000001791,ORD-00001310,PRD-00076,1,62.99,25.51,62.99,62.99,37.48
ITM-000001792,ORD-00001311,PRD-00064,2,24.99,6.91,49.98,49.98,36.16
ITM-000001793,ORD-00001311,PRD-00084,1,31.99,15.58,31.99,31.99,16.41
ITM-000001794,ORD-00001311,PRD-00020,1,271.99,147.22,271.99,271.99,124.77
ITM-000001795,ORD-00001312,PRD-00013,1,275.99,176.16,275.99,275.99,99.83
ITM-000001796,ORD-00001313,PRD-00041,1,180.99,84.81,180.99,180.99,96.18
ITM-000001797,ORD-00001314,PRD-00076,1,62.99,25.51,62.99,62.99,37.48
ITM-000001798,ORD-00001314,PRD-00027,1,83.99,34.49,83.99,83.99,49.5
ITM-000001799,ORD-00001315,PRD-00066,1,84.99,33.73,84.99,84.99,51.26
ITM-000001800,ORD-00001315,PRD-00010,1,207.99,120.07,207.99,207.99,87.92
ITM-000001801,ORD-00001316,PRD-00038,1,77.49,36.23,77.49,77.49,41.26
ITM-000001802,ORD-00001317,PRD-00048,1,33.49,15.83,33.49,33.49,17.66
ITM-000001803,ORD-00001318,PRD-00063,1,70.49,27.76,70.49,70.49,42.73
ITM-000001804,ORD-00001318,PRD-00051,1,52.99,21.94,52.99,52.99,31.05
ITM-000001805,ORD-00001319,PRD-00042,1,121.99,52.18,121.99,121.99,69.81
ITM-000001806,ORD-00001319,PRD-00026,2,94.99,41.91,189.98,189.98,106.16
ITM-000001807,ORD-00001320,PRD-00083,1,115.99,58.28,115.99,115.99,57.71
ITM-000001808,ORD-00001321,PRD-00067,1,44.99,16.41,44.99,44.99,28.58
ITM-000001809,ORD-00001321,PRD-00064,1,24.99,6.91,24.99,24.99,18.08
ITM-000001810,ORD-00001322,PRD-00022,2,49.99,20.52,99.98,99.98,58.94
ITM-000001811,ORD-00001322,PRD-00038,1,77.49,36.23,77.49,77.49,41.26
ITM-000001812,ORD-00001323,PRD-00039,1,40.99,18.26,40.99,40.99,22.73
ITM-000001813,ORD-00001324,PRD-00021,1,114.99,46.3,114.99,114.99,68.69
ITM-000001814,ORD-00001324,PRD-00045,1,83.49,36.38,83.49,83.49,47.11
ITM-000001815,ORD-00001325,PRD-00055,2,74.99,31.61,149.98,149.98,86.76
ITM-000001816,ORD-00001326,PRD-00100,1,143.99,66.17,143.99,143.99,77.82
ITM-000001817,ORD-00001326,PRD-00041,1,180.99,84.81,180.99,180.99,96.18
ITM-000001818,ORD-00001327,PRD-00005,1,82.99,47.75,82.99,82.99,35.24
ITM-000001819,ORD-00001328,PRD-00067,1,44.99,16.41,44.99,44.99,28.58
ITM-000001820,ORD-00001328,PRD-00089,1,31.99,18.14,31.99,31.99,13.85
ITM-000001821,ORD-00001329,PRD-00086,1,140.99,72.94,140.99,140.99,68.05
ITM-000001822,ORD-00001329,PRD-00048,2,33.49,15.83,66.98,66.98,35.32
ITM-000001823,ORD-00001329,PRD-00084,2,31.99,15.58,63.98,63.98,32.82
ITM-000001824,ORD-00001330,PRD-00092,1,214.99,101.72,214.99,214.99,113.27
ITM-000001825,ORD-00001331,PRD-00060,2,176.49,84.75,352.98,352.98,183.48
ITM-000001826,ORD-00001332,PRD-00087,1,43.99,24.1,43.99,43.99,19.89
ITM-000001827,ORD-00001333,PRD-00048,1,33.49,15.83,33.49,33.49,17.66
ITM-000001828,ORD-00001333,PRD-00016,1,129.99,78.72,129.99,129.99,51.27
ITM-000001829,ORD-00001334,PRD-00008,1,325.99,186.16,325.99,325.99,139.83
ITM-000001830,ORD-00001335,PRD-00010,1,207.99,120.07,207.99,207.99,87.92
ITM-000001831,ORD-00001336,PRD-00078,2,25.99,9.37,51.98,51.98,33.24
ITM-000001832,ORD-00001337,PRD-00064,1,24.99,6.91,24.99,24.99,18.08
ITM-000001833,ORD-00001337,PRD-00067,1,44.99,16.41,44.99,44.99,28.58
ITM-000001834,ORD-00001338,PRD-00057,1,146.49,75.56,146.49,146.49,70.93
ITM-000001835,ORD-00001338,PRD-00099,1,50.99,27.57,50.99,50.99,23.42
ITM-000001836,ORD-00001338,PRD-00088,1,211.99,101.84,211.99,211.99,110.15
ITM-000001837,ORD-00001339,PRD-00007,1,316.99,172.8,316.99,316.99,144.19
ITM-000001838,ORD-00001340,PRD-00066,1,84.99,33.73,84.99,84.99,51.26
ITM-000001839,ORD-00001341,PRD-00051,2,52.99,21.94,105.98,105.98,62.1
ITM-000001840,ORD-00001342,PRD-00047,1,100.99,42.27,100.99,100.99,58.72
ITM-000001841,ORD-00001343,PRD-00017,1,244.99,144.79,244.99,244.99,100.2
ITM-000001842,ORD-00001343,PRD-00099,1,50.99,27.57,50.99,50.99,23.42
ITM-000001843,ORD-00001344,PRD-00053,1,47.99,23.38,47.99,47.99,24.61
ITM-000001844,ORD-00001345,PRD-00024,1,54.99,26.28,54.99,54.99,28.71
ITM-000001845,ORD-00001346,PRD-00022,1,49.99,20.52,49.99,49.99,29.47
ITM-000001846,ORD-00001347,PRD-00093,1,227.99,111.71,227.99,227.99,116.28
ITM-000001847,ORD-00001348,PRD-00046,1,113.49,52.53,113.49,113.49,60.96
ITM-000001848,ORD-00001348,PRD-00045,1,83.49,36.38,83.49,83.49,47.11
ITM-000001849,ORD-00001349,PRD-00004,1,294.49,168.07,294.49,294.49,126.42
ITM-000001850,ORD-00001350,PRD-00046,1,113.49,52.53,113.49,113.49,60.96
ITM-000001851,ORD-00001351,PRD-00056,2,135.49,71.03,270.98,270.98,128.92
ITM-000001852,ORD-00001352,PRD-00006,1,391.99,223.93,391.99,391.99,168.06
ITM-000001853,ORD-00001353,PRD-00030,1,67.99,29.21,67.99,67.99,38.78
ITM-000001854,ORD-00001354,PRD-00021,1,114.99,46.3,114.99,114.99,68.69
ITM-000001855,ORD-00001355,PRD-00058,1,152.99,69.5,152.99,152.99,83.49
ITM-000001856,ORD-00001355,PRD-00032,1,42.49,17.54,42.49,42.49,24.95
ITM-000001857,ORD-00001356,PRD-00070,1,64.99,25.31,64.99,64.99,39.68
ITM-000001858,ORD-00001357,PRD-00042,1,121.99,52.18,121.99,121.99,69.81
ITM-000001859,ORD-00001357,PRD-00080,1,87.99,32.75,87.99,87.99,55.24
ITM-000001860,ORD-00001358,PRD-00042,2,121.99,52.18,243.98,243.98,139.62
ITM-000001861,ORD-00001359,PRD-00089,1,31.99,18.14,31.99,31.99,13.85
ITM-000001862,ORD-00001360,PRD-00081,1,77.99,39.19,77.99,77.99,38.8
ITM-000001863,ORD-00001361,PRD-00008,1,325.99,186.16,325.99,325.99,139.83
ITM-000001864,ORD-00001361,PRD-00016,2,129.99,78.72,259.98,259.98,102.54
ITM-000001865,ORD-00001362,PRD-00040,2,98.99,45.24,197.98,197.98,107.5
ITM-000001866,ORD-00001362,PRD-00099,1,50.99,27.57,50.99,50.99,23.42
ITM-000001867,ORD-00001363,PRD-00026,1,94.99,41.91,94.99,94.99,53.08
ITM-000001868,ORD-00001364,PRD-00058,1,152.99,69.5,152.99,152.99,83.49
ITM-000001869,ORD-00001365,PRD-00097,1,167.49,87.54,167.49,167.49,79.95
ITM-000001870,ORD-00001365,PRD-00062,1,68.49,27.5,68.49,68.49,40.99
ITM-000001871,ORD-00001365,PRD-00073,1,84.49,28.1,84.49,84.49,56.39
ITM-000001872,ORD-00001366,PRD-00017,1,244.99,144.79,244.99,244.99,100.2
ITM-000001873,ORD-00001366,PRD-00053,1,47.99,23.38,47.99,47.99,24.61
ITM-000001874,ORD-00001367,PRD-00019,1,339.99,208.97,339.99,339.99,131.02
ITM-000001875,ORD-00001368,PRD-00090,1,232.99,113.86,232.99,232.99,119.13
ITM-000001876,ORD-00001369,PRD-00074,1,16.99,6.2,16.99,16.99,10.79
ITM-000001877,ORD-00001370,PRD-00011,1,179.99,102.31,179.99,179.99,77.68
ITM-000001878,ORD-00001370,PRD-00013,1,275.99,176.16,275.99,275.99,99.83
ITM-000001879,ORD-00001371,PRD-00089,1,31.99,18.14,31.99,31.99,13.85
ITM-000001880,ORD-00001372,PRD-00064,1,24.99,6.91,24.99,24.99,18.08
ITM-000001881,ORD-00001373,PRD-00066,2,84.99,33.73,169.98,169.98,102.52
ITM-000001882,ORD-00001373,PRD-00048,1,33.49,15.83,33.49,33.49,17.66
ITM-000001883,ORD-00001374,PRD-00009,1,94.99,52.51,94.99,94.99,42.48
ITM-000001884,ORD-00001375,PRD-00028,1,107.49,45.05,107.49,107.49,62.44
ITM-000001885,ORD-00001376,PRD-00028,1,107.49,45.05,107.49,107.49,62.44
ITM-000001886,ORD-00001377,PRD-00063,1,70.49,27.76,70.49,70.49,42.73
ITM-000001887,ORD-00001378,PRD-00087,1,43.99,24.1,43.99,43.99,19.89
ITM-000001888,ORD-00001379,PRD-00084,1,31.99,15.58,31.99,31.99,16.41
ITM-000001889,ORD-00001380,PRD-00090,1,232.99,113.86,232.99,232.99,119.13
ITM-000001890,ORD-00001381,PRD-00039,1,40.99,18.26,40.99,40.99,22.73
ITM-000001891,ORD-00001382,PRD-00032,2,42.49,17.54,84.98,84.98,49.9
ITM-000001892,ORD-00001382,PRD-00030,1,67.99,29.21,67.99,67.99,38.78
ITM-000001893,ORD-00001383,PRD-00021,1,114.99,46.3,114.99,114.99,68.69
ITM-000001894,ORD-00001383,PRD-00046,1,113.49,52.53,113.49,113.49,60.96
ITM-000001895,ORD-00001384,PRD-00100,2,143.99,66.17,287.98,287.98,155.64
ITM-000001896,ORD-00001384,PRD-00001,2,320.99,176.63,641.98,641.98,288.72
ITM-000001897,ORD-00001385,PRD-00064,1,24.99,6.91,24.99,24.99,18.08
ITM-000001898,ORD-00001386,PRD-00096,1,199.99,116.57,199.99,199.99,83.42
ITM-000001899,ORD-00001386,PRD-00014,1,337.99,200.36,337.99,337.99,137.63
ITM-000001900,ORD-00001386,PRD-00034,1,34.99,12.79,34.99,34.99,22.2
ITM-000001901,ORD-00001387,PRD-00099,1,50.99,27.57,50.99,50.99,23.42
ITM-000001902,ORD-00001388,PRD-00004,1,294.49,168.07,294.49,294.49,126.42
ITM-000001903,ORD-00001388,PRD-00088,1,211.99,101.84,211.99,211.99,110.15
ITM-000001904,ORD-00001389,PRD-00029,1,94.49,33.63,94.49,94.49,60.86
ITM-000001905,ORD-00001389,PRD-00004,1,294.49,168.07,294.49,294.49,126.42
ITM-000001906,ORD-00001390,PRD-00090,1,232.99,113.86,232.99,232.99,119.13
ITM-000001907,ORD-00001390,PRD-00088,2,211.99,101.84,423.98,423.98,220.3
ITM-000001908,ORD-00001391,PRD-00038,2,77.49,36.23,154.98,154.98,82.52
ITM-000001909,ORD-00001392,PRD-00073,1,84.49,28.1,84.49,84.49,56.39
ITM-000001910,ORD-00001392,PRD-00089,1,31.99,18.14,31.99,31.99,13.85
ITM-000001911,ORD-00001393,PRD-00084,1,31.99,15.58,31.99,31.99,16.41
ITM-000001912,ORD-00001394,PRD-00002,1,203.99,113.88,203.99,203.99,90.11
ITM-000001913,ORD-00001395,PRD-00029,1,94.49,33.63,94.49,94.49,60.86
ITM-000001914,ORD-00001395,PRD-00058,1,152.99,69.5,152.99,152.99,83.49
ITM-000001915,ORD-00001396,PRD-00071,2,86.99,31.3,173.98,173.98,111.38
ITM-000001916,ORD-00001396,PRD-00028,1,107.49,45.05,107.49,107.49,62.44
ITM-000001917,ORD-00001397,PRD-00074,1,16.99,6.2,16.99,16.99,10.79
ITM-000001918,ORD-00001397,PRD-00027,1,83.99,34.49,83.99,83.99,49.5
ITM-000001919,ORD-00001397,PRD-00044,1,72.99,36.23,72.99,72.99,36.76
ITM-000001920,ORD-00001398,PRD-00034,1,34.99,12.79,34.99,34.99,22.2
ITM-000001921,ORD-00001398,PRD-00076,2,62.99,25.51,125.98,125.98,74.96
ITM-000001922,ORD-00001398,PRD-00071,1,86.99,31.3,86.99,86.99,55.69
ITM-000001923,ORD-00001399,PRD-00060,1,176.49,84.75,176.49,176.49,91.74
ITM-000001924,ORD-00001400,PRD-00005,2,82.99,47.75,165.98,165.98,70.48
ITM-000001925,ORD-00001400,PRD-00055,1,74.99,31.61,74.99,74.99,43.38
ITM-000001926,ORD-00001400,PRD-00060,2,176.49,84.75,352.98,352.98,183.48
ITM-000001927,ORD-00001401,PRD-00012,2,374.49,207.75,748.98,748.98,333.48
ITM-000001928,ORD-00001402,PRD-00088,1,211.99,101.84,211.99,211.99,110.15
ITM-000001929,ORD-00001403,PRD-00075,1,56.99,20.25,56.99,56.99,36.74
ITM-000001930,ORD-00001404,PRD-00003,1,350.49,212.61,350.49,350.49,137.88
ITM-000001931,ORD-00001405,PRD-00049,1,162.99,86.22,162.99,162.99,76.77
ITM-000001932,ORD-00001406,PRD-00076,1,62.99,25.51,62.99,62.99,37.48
ITM-000001933,ORD-00001407,PRD-00063,2,70.49,27.76,140.98,140.98,85.46
ITM-000001934,ORD-00001408,PRD-00091,1,42.99,22.68,42.99,42.99,20.31
ITM-000001935,ORD-00001409,PRD-00084,1,31.99,15.58,31.99,31.99,16.41
ITM-000001936,ORD-00001410,PRD-00004,2,294.49,168.07,588.98,588.98,252.84
ITM-000001937,ORD-00001411,PRD-00068,1,37.49,12.61,37.49,37.49,24.88
ITM-000001938,ORD-00001412,PRD-00058,2,152.99,69.5,305.98,305.98,166.98
ITM-000001939,ORD-00001413,PRD-00057,1,146.49,75.56,146.49,146.49,70.93
ITM-000001940,ORD-00001413,PRD-00073,1,84.49,28.1,84.49,84.49,56.39
ITM-000001941,ORD-00001414,PRD-00059,1,47.49,23.54,47.49,47.49,23.95
ITM-000001942,ORD-00001415,PRD-00044,1,72.99,36.23,72.99,72.99,36.76
ITM-000001943,ORD-00001416,PRD-00038,1,77.49,36.23,77.49,77.49,41.26
ITM-000001944,ORD-00001417,PRD-00045,1,83.49,36.38,83.49,83.49,47.11
ITM-000001945,ORD-00001418,PRD-00069,1,51.99,14.6,51.99,51.99,37.39
ITM-000001946,ORD-00001419,PRD-00034,1,34.99,12.79,34.99,34.99,22.2
ITM-000001947,ORD-00001420,PRD-00001,1,320.99,176.63,320.99,320.99,144.36
ITM-000001948,ORD-00001421,PRD-00067,1,44.99,16.41,44.99,44.99,28.58
ITM-000001949,ORD-00001421,PRD-00086,1,140.99,72.94,140.99,140.99,68.05
ITM-000001950,ORD-00001422,PRD-00050,1,173.99,93.04,173.99,173.99,80.95
ITM-000001951,ORD-00001423,PRD-00054,1,137.99,68.35,137.99,137.99,69.64
ITM-000001952,ORD-00001424,PRD-00008,1,325.99,186.16,325.99,325.99,139.83
ITM-000001953,ORD-00001425,PRD-00054,1,137.99,68.35,137.99,137.99,69.64
ITM-000001954,ORD-00001426,PRD-00022,1,49.99,20.52,49.99,49.99,29.47
ITM-000001955,ORD-00001427,PRD-00070,1,64.99,25.31,64.99,64.99,39.68
ITM-000001956,ORD-00001428,PRD-00086,1,140.99,72.94,140.99,140.99,68.05
ITM-000001957,ORD-00001429,PRD-00017,1,244.99,144.79,244.99,244.99,100.2
ITM-000001958,ORD-00001429,PRD-00089,1,31.99,18.14,31.99,31.99,13.85
ITM-000001959,ORD-00001430,PRD-00022,1,49.99,20.52,49.99,49.99,29.47
ITM-000001960,ORD-00001431,PRD-00002,1,203.99,113.88,203.99,203.99,90.11
ITM-000001961,ORD-00001431,PRD-00092,1,214.99,101.72,214.99,214.99,113.27
ITM-000001962,ORD-00001432,PRD-00042,1,121.99,52.18,121.99,121.99,69.81
ITM-000001963,ORD-00001433,PRD-00096,1,199.99,116.57,199.99,199.99,83.42
ITM-000001964,ORD-00001434,PRD-00055,1,74.99,31.61,74.99,74.99,43.38
ITM-000001965,ORD-00001435,PRD-00089,1,31.99,18.14,31.99,31.99,13.85
ITM-000001966,ORD-00001435,PRD-00055,1,74.99,31.61,74.99,74.99,43.38
ITM-000001967,ORD-00001436,PRD-00084,1,31.99,15.58,31.99,31.99,16.41
ITM-000001968,ORD-00001437,PRD-00045,2,83.49,36.38,166.98,166.98,94.22
ITM-000001969,ORD-00001438,PRD-00051,1,52.99,21.94,52.99,52.99,31.05
ITM-000001970,ORD-00001438,PRD-00055,1,74.99,31.61,74.99,74.99,43.38
ITM-000001971,ORD-00001438,PRD-00073,1,84.49,28.1,84.49,84.49,56.39
ITM-000001972,ORD-00001439,PRD-00031,1,110.99,51.16,110.99,110.99,59.83
ITM-000001973,ORD-00001439,PRD-00040,1,98.99,45.24,98.99,98.99,53.75
ITM-000001974,ORD-00001440,PRD-00053,1,47.99,23.38,47.99,47.99,24.61
ITM-000001975,ORD-00001441,PRD-00091,2,42.99,22.68,85.98,85.98,40.62
ITM-000001976,ORD-00001441,PRD-00072,1,36.99,11.8,36.99,36.99,25.19
ITM-000001977,ORD-00001442,PRD-00032,3,42.49,17.54,127.47,127.47,74.85
ITM-000001978,ORD-00001443,PRD-00034,1,34.99,12.79,34.99,34.99,22.2
ITM-000001979,ORD-00001443,PRD-00013,1,275.99,176.16,275.99,275.99,99.83
ITM-000001980,ORD-00001443,PRD-00002,1,203.99,113.88,203.99,203.99,90.11
ITM-000001981,ORD-00001444,PRD-00069,1,51.99,14.6,51.99,51.99,37.39
ITM-000001982,ORD-00001445,PRD-00074,1,16.99,6.2,16.99,16.99,10.79
ITM-000001983,ORD-00001445,PRD-00097,1,167.49,87.54,167.49,167.49,79.95
ITM-000001984,ORD-00001446,PRD-00029,1,94.49,33.63,94.49,94.49,60.86
ITM-000001985,ORD-00001447,PRD-00072,3,36.99,11.8,110.97,110.97,75.57
ITM-000001986,ORD-00001448,PRD-00028,1,107.49,45.05,107.49,107.49,62.44
ITM-000001987,ORD-00001449,PRD-00057,1,146.49,75.56,146.49,146.49,70.93
ITM-000001988,ORD-00001450,PRD-00021,3,114.99,46.3,344.97,344.97,206.07
ITM-000001989,ORD-00001450,PRD-00077,1,22.99,8.27,22.99,22.99,14.72
ITM-000001990,ORD-00001451,PRD-00086,1,140.99,72.94,140.99,140.99,68.05
ITM-000001991,ORD-00001451,PRD-00016,1,129.99,78.72,129.99,129.99,51.27
ITM-000001992,ORD-00001451,PRD-00045,2,83.49,36.38,166.98,166.98,94.22
ITM-000001993,ORD-00001452,PRD-00010,1,207.99,120.07,207.99,207.99,87.92
ITM-000001994,ORD-00001453,PRD-00079,1,46.49,15.84,46.49,46.49,30.65
ITM-000001995,ORD-00001454,PRD-00087,1,43.99,24.1,43.99,43.99,19.89
ITM-000001996,ORD-00001455,PRD-00018,1,72.99,37.97,72.99,72.99,35.02
ITM-000001997,ORD-00001456,PRD-00026,1,94.99,41.91,94.99,94.99,53.08
ITM-000001998,ORD-00001457,PRD-00049,1,162.99,86.22,162.99,162.99,76.77
ITM-000001999,ORD-00001458,PRD-00053,1,47.99,23.38,47.99,47.99,24.61
ITM-000002000,ORD-00001458,PRD-00052,1,118.49,48.71,118.49,118.49,69.78
ITM-000002001,ORD-00001458,PRD-00073,1,84.49,28.1,84.49,84.49,56.39
ITM-000002002,ORD-00001459,PRD-00022,1,49.99,20.52,49.99,49.99,29.47
ITM-000002003,ORD-00001459,PRD-00008,1,325.99,186.16,325.99,325.99,139.83
ITM-000002004,ORD-00001460,PRD-00094,1,245.99,110.0,245.99,245.99,135.99
ITM-000002005,ORD-00001461,PRD-00078,2,25.99,9.37,51.98,51.98,33.24
ITM-000002006,ORD-00001462,PRD-00090,1,232.99,113.86,232.99,232.99,119.13
ITM-000002007,ORD-00001463,PRD-00002,1,203.99,113.88,203.99,203.99,90.11
ITM-000002008,ORD-00001464,PRD-00086,2,140.99,72.94,281.98,281.98,136.1
ITM-000002009,ORD-00001465,PRD-00083,2,115.99,58.28,231.98,231.98,115.42
ITM-000002010,ORD-00001466,PRD-00025,1,55.99,23.35,55.99,55.99,32.64
ITM-000002011,ORD-00001466,PRD-00031,1,110.99,51.16,110.99,110.99,59.83
ITM-000002012,ORD-00001466,PRD-00050,1,173.99,93.04,173.99,173.99,80.95
ITM-000002013,ORD-00001467,PRD-00044,1,72.99,36.23,72.99,72.99,36.76
ITM-000002014,ORD-00001467,PRD-00030,1,67.99,29.21,67.99,67.99,38.78
ITM-000002015,ORD-00001468,PRD-00067,1,44.99,16.41,44.99,44.99,28.58
ITM-000002016,ORD-00001468,PRD-00048,2,33.49,15.83,66.98,66.98,35.32
ITM-000002017,ORD-00001469,PRD-00083,2,115.99,58.28,231.98,231.98,115.42
ITM-000002018,ORD-00001469,PRD-00097,1,167.49,87.54,167.49,167.49,79.95
ITM-000002019,ORD-00001470,PRD-00002,1,203.99,113.88,203.99,203.99,90.11
ITM-000002020,ORD-00001471,PRD-00024,1,54.99,26.28,54.99,54.99,28.71
ITM-000002021,ORD-00001471,PRD-00020,3,271.99,147.22,815.97,815.97,374.31
ITM-000002022,ORD-00001472,PRD-00099,1,50.99,27.57,50.99,50.99,23.42
ITM-000002023,ORD-00001473,PRD-00088,3,211.99,101.84,635.97,635.97,330.45
ITM-000002024,ORD-00001474,PRD-00081,2,77.99,39.19,155.98,155.98,77.6
ITM-000002025,ORD-00001475,PRD-00013,3,275.99,176.16,827.97,827.97,299.49
ITM-000002026,ORD-00001475,PRD-00045,2,83.49,36.38,166.98,166.98,94.22
ITM-000002027,ORD-00001475,PRD-00009,1,94.99,52.51,94.99,94.99,42.48
ITM-000002028,ORD-00001476,PRD-00044,1,72.99,36.23,72.99,72.99,36.76
ITM-000002029,ORD-00001477,PRD-00064,1,24.99,6.91,24.99,24.99,18.08
ITM-000002030,ORD-00001478,PRD-00063,1,70.49,27.76,70.49,70.49,42.73
ITM-000002031,ORD-00001478,PRD-00043,1,105.99,49.95,105.99,105.99,56.04
ITM-000002032,ORD-00001479,PRD-00038,2,77.49,36.23,154.98,154.98,82.52
ITM-000002033,ORD-00001480,PRD-00045,1,83.49,36.38,83.49,83.49,47.11
ITM-000002034,ORD-00001481,PRD-00012,1,374.49,207.75,374.49,374.49,166.74
ITM-000002035,ORD-00001482,PRD-00094,2,245.99,110.0,491.98,491.98,271.98
ITM-000002036,ORD-00001482,PRD-00017,1,244.99,144.79,244.99,244.99,100.2
ITM-000002037,ORD-00001482,PRD-00098,1,199.49,113.09,199.49,199.49,86.4
ITM-000002038,ORD-00001483,PRD-00036,1,73.99,30.02,73.99,73.99,43.97
ITM-000002039,ORD-00001483,PRD-00075,1,56.99,20.25,56.99,56.99,36.74
ITM-000002040,ORD-00001483,PRD-00010,1,207.99,120.07,207.99,207.99,87.92
ITM-000002041,ORD-00001484,PRD-00049,1,162.99,86.22,162.99,162.99,76.77
ITM-000002042,ORD-00001485,PRD-00038,1,77.49,36.23,77.49,77.49,41.26
ITM-000002043,ORD-00001485,PRD-00091,1,42.99,22.68,42.99,42.99,20.31
ITM-000002044,ORD-00001486,PRD-00077,1,22.99,8.27,22.99,22.99,14.72
ITM-000002045,ORD-00001487,PRD-00041,1,180.99,84.81,180.99,180.99,96.18
ITM-000002046,ORD-00001488,PRD-00053,1,47.99,23.38,47.99,47.99,24.61
ITM-000002047,ORD-00001489,PRD-00081,2,77.99,39.19,155.98,155.98,77.6
ITM-000002048,ORD-00001489,PRD-00051,1,52.99,21.94,52.99,52.99,31.05
ITM-000002049,ORD-00001490,PRD-00084,1,31.99,15.58,31.99,31.99,16.41
ITM-000002050,ORD-00001490,PRD-00058,1,152.99,69.5,152.99,152.99,83.49
ITM-000002051,ORD-00001490,PRD-00017,2,244.99,144.79,489.98,489.98,200.4
ITM-000002052,ORD-00001491,PRD-00011,1,179.99,102.31,179.99,179.99,77.68
ITM-000002053,ORD-00001491,PRD-00082,1,151.49,68.21,151.49,151.49,83.28
ITM-000002054,ORD-00001492,PRD-00100,1,143.99,66.17,143.99,143.99,77.82
ITM-000002055,ORD-00001493,PRD-00010,2,207.99,120.07,415.98,415.98,175.84
ITM-000002056,ORD-00001494,PRD-00010,1,207.99,120.07,207.99,207.99,87.92
ITM-000002057,ORD-00001495,PRD-00049,1,162.99,86.22,162.99,162.99,76.77
ITM-000002058,ORD-00001496,PRD-00036,1,73.99,30.02,73.99,73.99,43.97
ITM-000002059,ORD-00001497,PRD-00083,1,115.99,58.28,115.99,115.99,57.71
ITM-000002060,ORD-00001497,PRD-00098,1,199.49,113.09,199.49,199.49,86.4
ITM-000002061,ORD-00001498,PRD-00040,2,98.99,45.24,197.98,197.98,107.5
ITM-000002062,ORD-00001498,PRD-00054,1,137.99,68.35,137.99,137.99,69.64
ITM-000002063,ORD-00001499,PRD-00018,1,72.99,37.97,72.99,72.99,35.02
ITM-000002064,ORD-00001499,PRD-00062,1,68.49,27.5,68.49,68.49,40.99
ITM-000002065,ORD-00001499,PRD-00055,1,74.99,31.61,74.99,74.99,43.38
ITM-000002066,ORD-00001500,PRD-00015,1,205.99,123.35,205.99,205.99,82.64
ITM-000002067,ORD-00001501,PRD-00003,1,350.49,212.61,350.49,350.49,137.88
ITM-000002068,ORD-00001501,PRD-00065,1,24.99,5.84,24.99,24.99,19.15
ITM-000002069,ORD-00001501,PRD-00027,1,83.99,34.49,83.99,83.99,49.5
ITM-000002070,ORD-00001502,PRD-00008,2,325.99,186.16,651.98,651.98,279.66
ITM-000002071,ORD-00001502,PRD-00003,1,350.49,212.61,350.49,350.49,137.88
ITM-000002072,ORD-00001503,PRD-00087,1,43.99,24.1,43.99,43.99,19.89
ITM-000002073,ORD-00001504,PRD-00096,2,199.99,116.57,399.98,399.98,166.84
ITM-000002074,ORD-00001504,PRD-00051,1,52.99,21.94,52.99,52.99,31.05
ITM-000002075,ORD-00001505,PRD-00044,2,72.99,36.23,145.98,145.98,73.52
ITM-000002076,ORD-00001506,PRD-00081,1,77.99,39.19,77.99,77.99,38.8
ITM-000002077,ORD-00001506,PRD-00009,1,94.99,52.51,94.99,94.99,42.48
ITM-000002078,ORD-00001507,PRD-00036,1,73.99,30.02,73.99,73.99,43.97
ITM-000002079,ORD-00001508,PRD-00069,1,51.99,14.6,51.99,51.99,37.39
ITM-000002080,ORD-00001509,PRD-00046,1,113.49,52.53,113.49,113.49,60.96
ITM-000002081,ORD-00001509,PRD-00089,1,31.99,18.14,31.99,31.99,13.85
ITM-000002082,ORD-00001510,PRD-00024,1,54.99,26.28,54.99,54.99,28.71
ITM-000002083,ORD-00001511,PRD-00066,1,84.99,33.73,84.99,84.99,51.26
ITM-000002084,ORD-00001511,PRD-00031,1,110.99,51.16,110.99,110.99,59.83
ITM-000002085,ORD-00001512,PRD-00082,1,151.49,68.21,151.49,151.49,83.28
ITM-000002086,ORD-00001513,PRD-00064,1,24.99,6.91,24.99,24.99,18.08
ITM-000002087,ORD-00001513,PRD-00060,1,176.49,84.75,176.49,176.49,91.74
ITM-000002088,ORD-00001514,PRD-00005,1,82.99,47.75,82.99,82.99,35.24
ITM-000002089,ORD-00001515,PRD-00078,1,25.99,9.37,25.99,25.99,16.62
ITM-000002090,ORD-00001516,PRD-00024,1,54.99,26.28,54.99,54.99,28.71
ITM-000002091,ORD-00001517,PRD-00012,2,374.49,207.75,748.98,748.98,333.48
ITM-000002092,ORD-00001518,PRD-00076,2,62.99,25.51,125.98,125.98,74.96
ITM-000002093,ORD-00001519,PRD-00034,1,34.99,12.79,34.99,34.99,22.2
ITM-000002094,ORD-00001519,PRD-00057,2,146.49,75.56,292.98,292.98,141.86
ITM-000002095,ORD-00001520,PRD-00024,1,54.99,26.28,54.99,54.99,28.71
ITM-000002096,ORD-00001521,PRD-00092,1,214.99,101.72,214.99,214.99,113.27
ITM-000002097,ORD-00001521,PRD-00011,1,179.99,102.31,179.99,179.99,77.68
ITM-000002098,ORD-00001522,PRD-00051,1,52.99,21.94,52.99,52.99,31.05
ITM-000002099,ORD-00001523,PRD-00014,1,337.99,200.36,337.99,337.99,137.63
ITM-000002100,ORD-00001524,PRD-00013,1,275.99,176.16,275.99,275.99,99.83
ITM-000002101,ORD-00001525,PRD-00086,1,140.99,72.94,140.99,140.99,68.05
ITM-000002102,ORD-00001526,PRD-00056,2,135.49,71.03,270.98,270.98,128.92
ITM-000002103,ORD-00001526,PRD-00005,1,82.99,47.75,82.99,82.99,35.24
ITM-000002104,ORD-00001527,PRD-00011,1,179.99,102.31,179.99,179.99,77.68
ITM-000002105,ORD-00001527,PRD-00032,1,42.49,17.54,42.49,42.49,24.95
ITM-000002106,ORD-00001528,PRD-00008,1,325.99,186.16,325.99,325.99,139.83
ITM-000002107,ORD-00001528,PRD-00099,1,50.99,27.57,50.99,50.99,23.42
ITM-000002108,ORD-00001529,PRD-00055,1,74.99,31.61,74.99,74.99,43.38
ITM-000002109,ORD-00001529,PRD-00096,2,199.99,116.57,399.98,399.98,166.84
ITM-000002110,ORD-00001530,PRD-00070,1,64.99,25.31,64.99,64.99,39.68
ITM-000002111,ORD-00001531,PRD-00080,2,87.99,32.75,175.98,175.98,110.48
ITM-000002112,ORD-00001532,PRD-00038,1,77.49,36.23,77.49,77.49,41.26
ITM-000002113,ORD-00001533,PRD-00053,1,47.99,23.38,47.99,47.99,24.61
ITM-000002114,ORD-00001533,PRD-00072,1,36.99,11.8,36.99,36.99,25.19
ITM-000002115,ORD-00001534,PRD-00088,1,211.99,101.84,211.99,211.99,110.15
ITM-000002116,ORD-00001534,PRD-00008,1,325.99,186.16,325.99,325.99,139.83
ITM-000002117,ORD-00001535,PRD-00064,2,24.99,6.91,49.98,49.98,36.16
ITM-000002118,ORD-00001535,PRD-00073,1,84.49,28.1,84.49,84.49,56.39
ITM-000002119,ORD-00001536,PRD-00094,1,245.99,110.0,245.99,245.99,135.99
ITM-000002120,ORD-00001537,PRD-00002,1,203.99,113.88,203.99,203.99,90.11
ITM-000002121,ORD-00001538,PRD-00011,1,179.99,102.31,179.99,179.99,77.68
ITM-000002122,ORD-00001539,PRD-00063,1,70.49,27.76,70.49,70.49,42.73
ITM-000002123,ORD-00001540,PRD-00072,1,36.99,11.8,36.99,36.99,25.19
ITM-000002124,ORD-00001541,PRD-00060,1,176.49,84.75,176.49,176.49,91.74
ITM-000002125,ORD-00001542,PRD-00034,1,34.99,12.79,34.99,34.99,22.2
ITM-000002126,ORD-00001543,PRD-00089,1,31.99,18.14,31.99,31.99,13.85
ITM-000002127,ORD-00001544,PRD-00077,2,22.99,8.27,45.98,45.98,29.44
ITM-000002128,ORD-00001545,PRD-00091,1,42.99,22.68,42.99,42.99,20.31
ITM-000002129,ORD-00001546,PRD-00042,1,121.99,52.18,121.99,121.99,69.81
ITM-000002130,ORD-00001547,PRD-00088,1,211.99,101.84,211.99,211.99,110.15
ITM-000002131,ORD-00001548,PRD-00081,1,77.99,39.19,77.99,77.99,38.8
ITM-000002132,ORD-00001549,PRD-00066,1,84.99,33.73,84.99,84.99,51.26
ITM-000002133,ORD-00001549,PRD-00042,2,121.99,52.18,243.98,243.98,139.62
ITM-000002134,ORD-00001549,PRD-00070,2,64.99,25.31,129.98,129.98,79.36
ITM-000002135,ORD-00001550,PRD-00044,1,72.99,36.23,72.99,72.99,36.76
ITM-000002136,ORD-00001551,PRD-00020,1,271.99,147.22,271.99,271.99,124.77
ITM-000002137,ORD-00001552,PRD-00045,1,83.49,36.38,83.49,83.49,47.11
ITM-000002138,ORD-00001553,PRD-00049,1,162.99,86.22,162.99,162.99,76.77
ITM-000002139,ORD-00001554,PRD-00081,1,77.99,39.19,77.99,77.99,38.8
ITM-000002140,ORD-00001555,PRD-00072,1,36.99,11.8,36.99,36.99,25.19
ITM-000002141,ORD-00001556,PRD-00100,1,143.99,66.17,143.99,143.99,77.82
ITM-000002142,ORD-00001557,PRD-00046,1,113.49,52.53,113.49,113.49,60.96
ITM-000002143,ORD-00001557,PRD-00061,1,75.99,20.12,75.99,75.99,55.87
ITM-000002144,ORD-00001558,PRD-00010,1,207.99,120.07,207.99,207.99,87.92
ITM-000002145,ORD-00001559,PRD-00030,1,67.99,29.21,67.99,67.99,38.78
ITM-000002146,ORD-00001560,PRD-00085,1,105.99,56.37,105.99,105.99,49.62
ITM-000002147,ORD-00001561,PRD-00058,1,152.99,69.5,152.99,152.99,83.49
ITM-000002148,ORD-00001561,PRD-00076,2,62.99,25.51,125.98,125.98,74.96
ITM-000002149,ORD-00001562,PRD-00055,1,74.99,31.61,74.99,74.99,43.38
ITM-000002150,ORD-00001563,PRD-00081,1,77.99,39.19,77.99,77.99,38.8
ITM-000002151,ORD-00001563,PRD-00034,1,34.99,12.79,34.99,34.99,22.2
ITM-000002152,ORD-00001563,PRD-00097,1,167.49,87.54,167.49,167.49,79.95
ITM-000002153,ORD-00001564,PRD-00081,1,77.99,39.19,77.99,77.99,38.8
ITM-000002154,ORD-00001565,PRD-00012,1,374.49,207.75,374.49,374.49,166.74
ITM-000002155,ORD-00001565,PRD-00072,1,36.99,11.8,36.99,36.99,25.19
ITM-000002156,ORD-00001565,PRD-00093,1,227.99,111.71,227.99,227.99,116.28
ITM-000002157,ORD-00001566,PRD-00004,1,294.49,168.07,294.49,294.49,126.42
ITM-000002158,ORD-00001566,PRD-00068,1,37.49,12.61,37.49,37.49,24.88
ITM-000002159,ORD-00001567,PRD-00033,1,27.99,11.51,27.99,27.99,16.48
ITM-000002160,ORD-00001568,PRD-00057,1,146.49,75.56,146.49,146.49,70.93
ITM-000002161,ORD-00001568,PRD-00099,2,50.99,27.57,101.98,101.98,46.84
ITM-000002162,ORD-00001568,PRD-00028,1,107.49,45.05,107.49,107.49,62.44
ITM-000002163,ORD-00001569,PRD-00047,1,100.99,42.27,100.99,100.99,58.72
ITM-000002164,ORD-00001569,PRD-00069,1,51.99,14.6,51.99,51.99,37.39
ITM-000002165,ORD-00001570,PRD-00030,1,67.99,29.21,67.99,67.99,38.78
ITM-000002166,ORD-00001571,PRD-00100,1,143.99,66.17,143.99,143.99,77.82
ITM-000002167,ORD-00001572,PRD-00042,1,121.99,52.18,121.99,121.99,69.81
ITM-000002168,ORD-00001573,PRD-00025,2,55.99,23.35,111.98,111.98,65.28
ITM-000002169,ORD-00001574,PRD-00097,1,167.49,87.54,167.49,167.49,79.95
ITM-000002170,ORD-00001575,PRD-00053,1,47.99,23.38,47.99,47.99,24.61
ITM-000002171,ORD-00001576,PRD-00038,1,77.49,36.23,77.49,77.49,41.26
ITM-000002172,ORD-00001577,PRD-00079,1,46.49,15.84,46.49,46.49,30.65
ITM-000002173,ORD-00001578,PRD-00046,1,113.49,52.53,113.49,113.49,60.96
ITM-000002174,ORD-00001578,PRD-00022,1,49.99,20.52,49.99,49.99,29.47
ITM-000002175,ORD-00001578,PRD-00060,1,176.49,84.75,176.49,176.49,91.74
ITM-000002176,ORD-00001579,PRD-00010,1,207.99,120.07,207.99,207.99,87.92
ITM-000002177,ORD-00001580,PRD-00064,1,24.99,6.91,24.99,24.99,18.08
ITM-000002178,ORD-00001581,PRD-00031,1,110.99,51.16,110.99,110.99,59.83
ITM-000002179,ORD-00001582,PRD-00059,1,47.49,23.54,47.49,47.49,23.95
ITM-000002180,ORD-00001583,PRD-00084,1,31.99,15.58,31.99,31.99,16.41
ITM-000002181,ORD-00001584,PRD-00004,2,294.49,168.07,588.98,588.98,252.84
ITM-000002182,ORD-00001585,PRD-00039,1,40.99,18.26,40.99,40.99,22.73
ITM-000002183,ORD-00001586,PRD-00038,1,77.49,36.23,77.49,77.49,41.26
ITM-000002184,ORD-00001587,PRD-00093,1,227.99,111.71,227.99,227.99,116.28
ITM-000002185,ORD-00001587,PRD-00020,1,271.99,147.22,271.99,271.99,124.77
ITM-000002186,ORD-00001588,PRD-00085,1,105.99,56.37,105.99,105.99,49.62
ITM-000002187,ORD-00001589,PRD-00066,1,84.99,33.73,84.99,84.99,51.26
ITM-000002188,ORD-00001589,PRD-00049,1,162.99,86.22,162.99,162.99,76.77
ITM-000002189,ORD-00001590,PRD-00050,1,173.99,93.04,173.99,173.99,80.95
ITM-000002190,ORD-00001591,PRD-00091,2,42.99,22.68,85.98,85.98,40.62
ITM-000002191,ORD-00001591,PRD-00032,1,42.49,17.54,42.49,42.49,24.95
ITM-000002192,ORD-00001592,PRD-00077,3,22.99,8.27,68.97,68.97,44.16
ITM-000002193,ORD-00001593,PRD-00053,3,47.99,23.38,143.97,143.97,73.83
ITM-000002194,ORD-00001594,PRD-00029,1,94.49,33.63,94.49,94.49,60.86
ITM-000002195,ORD-00001595,PRD-00026,1,94.99,41.91,94.99,94.99,53.08
ITM-000002196,ORD-00001596,PRD-00043,1,105.99,49.95,105.99,105.99,56.04
ITM-000002197,ORD-00001596,PRD-00028,1,107.49,45.05,107.49,107.49,62.44
ITM-000002198,ORD-00001597,PRD-00082,1,151.49,68.21,151.49,151.49,83.28
ITM-000002199,ORD-00001597,PRD-00069,1,51.99,14.6,51.99,51.99,37.39
ITM-000002200,ORD-00001598,PRD-00099,1,50.99,27.57,50.99,50.99,23.42
ITM-000002201,ORD-00001598,PRD-00006,1,391.99,223.93,391.99,391.99,168.06
ITM-000002202,ORD-00001599,PRD-00058,1,152.99,69.5,152.99,152.99,83.49
ITM-000002203,ORD-00001599,PRD-00045,1,83.49,36.38,83.49,83.49,47.11
ITM-000002204,ORD-00001600,PRD-00079,1,46.49,15.84,46.49,46.49,30.65
ITM-000002205,ORD-00001600,PRD-00073,1,84.49,28.1,84.49,84.49,56.39
ITM-000002206,ORD-00001601,PRD-00010,1,207.99,120.07,207.99,207.99,87.92
ITM-000002207,ORD-00001601,PRD-00072,1,36.99,11.8,36.99,36.99,25.19
ITM-000002208,ORD-00001602,PRD-00026,1,94.99,41.91,94.99,94.99,53.08
ITM-000002209,ORD-00001603,PRD-00041,1,180.99,84.81,180.99,180.99,96.18
ITM-000002210,ORD-00001604,PRD-00070,1,64.99,25.31,64.99,64.99,39.68
ITM-000002211,ORD-00001604,PRD-00022,1,49.99,20.52,49.99,49.99,29.47
ITM-000002212,ORD-00001604,PRD-00048,1,33.49,15.83,33.49,33.49,17.66
ITM-000002213,ORD-00001605,PRD-00072,1,36.99,11.8,36.99,36.99,25.19
ITM-000002214,ORD-00001605,PRD-00098,1,199.49,113.09,199.49,199.49,86.4
ITM-000002215,ORD-00001606,PRD-00069,1,51.99,14.6,51.99,51.99,37.39
ITM-000002216,ORD-00001607,PRD-00066,1,84.99,33.73,84.99,84.99,51.26
ITM-000002217,ORD-00001608,PRD-00009,1,94.99,52.51,94.99,94.99,42.48
ITM-000002218,ORD-00001609,PRD-00040,1,98.99,45.24,98.99,98.99,53.75
ITM-000002219,ORD-00001609,PRD-00091,2,42.99,22.68,85.98,85.98,40.62
ITM-000002220,ORD-00001609,PRD-00030,2,67.99,29.21,135.98,135.98,77.56
ITM-000002221,ORD-00001610,PRD-00052,1,118.49,48.71,118.49,118.49,69.78
ITM-000002222,ORD-00001611,PRD-00036,1,73.99,30.02,73.99,73.99,43.97
ITM-000002223,ORD-00001612,PRD-00008,1,325.99,186.16,325.99,325.99,139.83
ITM-000002224,ORD-00001613,PRD-00052,1,118.49,48.71,118.49,118.49,69.78
ITM-000002225,ORD-00001613,PRD-00047,1,100.99,42.27,100.99,100.99,58.72
ITM-000002226,ORD-00001614,PRD-00087,1,43.99,24.1,43.99,43.99,19.89
ITM-000002227,ORD-00001615,PRD-00029,1,94.49,33.63,94.49,94.49,60.86
ITM-000002228,ORD-00001616,PRD-00086,1,140.99,72.94,140.99,140.99,68.05
ITM-000002229,ORD-00001617,PRD-00095,1,204.99,100.6,204.99,204.99,104.39
ITM-000002230,ORD-00001618,PRD-00086,1,140.99,72.94,140.99,140.99,68.05
ITM-000002231,ORD-00001619,PRD-00018,1,72.99,37.97,72.99,72.99,35.02
ITM-000002232,ORD-00001619,PRD-00007,1,316.99,172.8,316.99,316.99,144.19
ITM-000002233,ORD-00001620,PRD-00070,1,64.99,25.31,64.99,64.99,39.68
ITM-000002234,ORD-00001621,PRD-00040,1,98.99,45.24,98.99,98.99,53.75
ITM-000002235,ORD-00001622,PRD-00025,1,55.99,23.35,55.99,55.99,32.64
ITM-000002236,ORD-00001623,PRD-00042,1,121.99,52.18,121.99,121.99,69.81
ITM-000002237,ORD-00001624,PRD-00087,1,43.99,24.1,43.99,43.99,19.89
ITM-000002238,ORD-00001625,PRD-00052,1,118.49,48.71,118.49,118.49,69.78
ITM-000002239,ORD-00001626,PRD-00002,1,203.99,113.88,203.99,203.99,90.11
ITM-000002240,ORD-00001627,PRD-00013,1,275.99,176.16,275.99,275.99,99.83
ITM-000002241,ORD-00001628,PRD-00049,1,162.99,86.22,162.99,162.99,76.77
ITM-000002242,ORD-00001628,PRD-00100,1,143.99,66.17,143.99,143.99,77.82
ITM-000002243,ORD-00001629,PRD-00041,1,180.99,84.81,180.99,180.99,96.18
ITM-000002244,ORD-00001629,PRD-00015,1,205.99,123.35,205.99,205.99,82.64
ITM-000002245,ORD-00001630,PRD-00029,1,94.49,33.63,94.49,94.49,60.86
ITM-000002246,ORD-00001631,PRD-00096,1,199.99,116.57,199.99,199.99,83.42
ITM-000002247,ORD-00001632,PRD-00088,2,211.99,101.84,423.98,423.98,220.3
ITM-000002248,ORD-00001633,PRD-00073,1,84.49,28.1,84.49,84.49,56.39
ITM-000002249,ORD-00001634,PRD-00040,1,98.99,45.24,98.99,98.99,53.75
ITM-000002250,ORD-00001635,PRD-00072,1,36.99,11.8,36.99,36.99,25.19
ITM-000002251,ORD-00001636,PRD-00076,2,62.99,25.51,125.98,125.98,74.96
ITM-000002252,ORD-00001637,PRD-00052,2,118.49,48.71,236.98,236.98,139.56
ITM-000002253,ORD-00001637,PRD-00069,1,51.99,14.6,51.99,51.99,37.39
ITM-000002254,ORD-00001638,PRD-00006,1,391.99,223.93,391.99,391.99,168.06
ITM-000002255,ORD-00001638,PRD-00045,1,83.49,36.38,83.49,83.49,47.11
ITM-000002256,ORD-00001639,PRD-00004,1,294.49,168.07,294.49,294.49,126.42
ITM-000002257,ORD-00001640,PRD-00036,3,73.99,30.02,221.97,221.97,131.91
ITM-000002258,ORD-00001641,PRD-00004,2,294.49,168.07,588.98,588.98,252.84
ITM-000002259,ORD-00001642,PRD-00044,1,72.99,36.23,72.99,72.99,36.76
ITM-000002260,ORD-00001643,PRD-00039,1,40.99,18.26,40.99,40.99,22.73
ITM-000002261,ORD-00001644,PRD-00038,1,77.49,36.23,77.49,77.49,41.26
ITM-000002262,ORD-00001645,PRD-00017,2,244.99,144.79,489.98,489.98,200.4
ITM-000002263,ORD-00001646,PRD-00069,1,51.99,14.6,51.99,51.99,37.39
ITM-000002264,ORD-00001647,PRD-00030,1,67.99,29.21,67.99,67.99,38.78
ITM-000002265,ORD-00001648,PRD-00013,1,275.99,176.16,275.99,275.99,99.83
ITM-000002266,ORD-00001649,PRD-00003,1,350.49,212.61,350.49,350.49,137.88
ITM-000002267,ORD-00001650,PRD-00077,1,22.99,8.27,22.99,22.99,14.72
ITM-000002268,ORD-00001651,PRD-00023,1,31.99,14.2,31.99,31.99,17.79
ITM-000002269,ORD-00001652,PRD-00052,2,118.49,48.71,236.98,236.98,139.56
ITM-000002270,ORD-00001652,PRD-00047,1,100.99,42.27,100.99,100.99,58.72
ITM-000002271,ORD-00001653,PRD-00021,1,114.99,46.3,114.99,114.99,68.69
ITM-000002272,ORD-00001654,PRD-00022,1,49.99,20.52,49.99,49.99,29.47
ITM-000002273,ORD-00001654,PRD-00078,1,25.99,9.37,25.99,25.99,16.62
ITM-000002274,ORD-00001654,PRD-00070,1,64.99,25.31,64.99,64.99,39.68
ITM-000002275,ORD-00001655,PRD-00008,1,325.99,186.16,325.99,325.99,139.83
ITM-000002276,ORD-00001655,PRD-00012,2,374.49,207.75,748.98,748.98,333.48
ITM-000002277,ORD-00001656,PRD-00003,1,350.49,212.61,350.49,350.49,137.88
ITM-000002278,ORD-00001656,PRD-00056,1,135.49,71.03,135.49,135.49,64.46
ITM-000002279,ORD-00001657,PRD-00083,1,115.99,58.28,115.99,115.99,57.71
ITM-000002280,ORD-00001658,PRD-00014,1,337.99,200.36,337.99,337.99,137.63
ITM-000002281,ORD-00001658,PRD-00070,1,64.99,25.31,64.99,64.99,39.68
ITM-000002282,ORD-00001659,PRD-00028,1,107.49,45.05,107.49,107.49,62.44
ITM-000002283,ORD-00001660,PRD-00080,1,87.99,32.75,87.99,87.99,55.24
ITM-000002284,ORD-00001661,PRD-00083,1,115.99,58.28,115.99,115.99,57.71
ITM-000002285,ORD-00001662,PRD-00079,2,46.49,15.84,92.98,92.98,61.3
ITM-000002286,ORD-00001663,PRD-00072,1,36.99,11.8,36.99,36.99,25.19
ITM-000002287,ORD-00001664,PRD-00084,2,31.99,15.58,63.98,63.98,32.82
ITM-000002288,ORD-00001665,PRD-00029,1,94.49,33.63,94.49,94.49,60.86
ITM-000002289,ORD-00001666,PRD-00020,1,271.99,147.22,271.99,271.99,124.77
ITM-000002290,ORD-00001667,PRD-00056,1,135.49,71.03,135.49,135.49,64.46
ITM-000002291,ORD-00001667,PRD-00031,1,110.99,51.16,110.99,110.99,59.83
ITM-000002292,ORD-00001668,PRD-00024,1,54.99,26.28,54.99,54.99,28.71
ITM-000002293,ORD-00001669,PRD-00044,1,72.99,36.23,72.99,72.99,36.76
ITM-000002294,ORD-00001670,PRD-00070,1,64.99,25.31,64.99,64.99,39.68
ITM-000002295,ORD-00001670,PRD-00001,1,320.99,176.63,320.99,320.99,144.36
ITM-000002296,ORD-00001671,PRD-00064,1,24.99,6.91,24.99,24.99,18.08
ITM-000002297,ORD-00001671,PRD-00043,1,105.99,49.95,105.99,105.99,56.04
ITM-000002298,ORD-00001672,PRD-00097,3,167.49,87.54,502.47,502.47,239.85
ITM-000002299,ORD-00001673,PRD-00067,3,44.99,16.41,134.97,134.97,85.74
ITM-000002300,ORD-00001674,PRD-00067,2,44.99,16.41,89.98,89.98,57.16
ITM-000002301,ORD-00001674,PRD-00031,2,110.99,51.16,221.98,221.98,119.66
ITM-000002302,ORD-00001675,PRD-00047,1,100.99,42.27,100.99,100.99,58.72
ITM-000002303,ORD-00001676,PRD-00085,1,105.99,56.37,105.99,105.99,49.62
ITM-000002304,ORD-00001677,PRD-00032,1,42.49,17.54,42.49,42.49,24.95
ITM-000002305,ORD-00001678,PRD-00069,1,51.99,14.6,51.99,51.99,37.39
ITM-000002306,ORD-00001679,PRD-00027,1,83.99,34.49,83.99,83.99,49.5
ITM-000002307,ORD-00001679,PRD-00036,1,73.99,30.02,73.99,73.99,43.97
ITM-000002308,ORD-00001680,PRD-00049,1,162.99,86.22,162.99,162.99,76.77
ITM-000002309,ORD-00001681,PRD-00085,1,105.99,56.37,105.99,105.99,49.62
ITM-000002310,ORD-00001682,PRD-00078,1,25.99,9.37,25.99,25.99,16.62
ITM-000002311,ORD-00001682,PRD-00064,1,24.99,6.91,24.99,24.99,18.08
ITM-000002312,ORD-00001683,PRD-00048,1,33.49,15.83,33.49,33.49,17.66
ITM-000002313,ORD-00001684,PRD-00077,1,22.99,8.27,22.99,22.99,14.72
ITM-000002314,ORD-00001685,PRD-00096,1,199.99,116.57,199.99,199.99,83.42
ITM-000002315,ORD-00001686,PRD-00060,1,176.49,84.75,176.49,176.49,91.74
ITM-000002316,ORD-00001687,PRD-00075,1,56.99,20.25,56.99,56.99,36.74
ITM-000002317,ORD-00001687,PRD-00035,1,100.99,39.04,100.99,100.99,61.95
ITM-000002318,ORD-00001688,PRD-00034,1,34.99,12.79,34.99,34.99,22.2
ITM-000002319,ORD-00001689,PRD-00076,1,62.99,25.51,62.99,62.99,37.48
ITM-000002320,ORD-00001689,PRD-00081,1,77.99,39.19,77.99,77.99,38.8
ITM-000002321,ORD-00001689,PRD-00047,1,100.99,42.27,100.99,100.99,58.72
ITM-000002322,ORD-00001690,PRD-00043,1,105.99,49.95,105.99,105.99,56.04
ITM-000002323,ORD-00001691,PRD-00059,1,47.49,23.54,47.49,47.49,23.95
ITM-000002324,ORD-00001692,PRD-00018,1,72.99,37.97,72.99,72.99,35.02
ITM-000002325,ORD-00001693,PRD-00060,1,176.49,84.75,176.49,176.49,91.74
ITM-000002326,ORD-00001693,PRD-00082,1,151.49,68.21,151.49,151.49,83.28
ITM-000002327,ORD-00001694,PRD-00063,1,70.49,27.76,70.49,70.49,42.73
ITM-000002328,ORD-00001695,PRD-00065,1,24.99,5.84,24.99,24.99,19.15
ITM-000002329,ORD-00001696,PRD-00092,2,214.99,101.72,429.98,429.98,226.54
ITM-000002330,ORD-00001697,PRD-00012,1,374.49,207.75,374.49,374.49,166.74
ITM-000002331,ORD-00001698,PRD-00042,1,121.99,52.18,121.99,121.99,69.81
ITM-000002332,ORD-00001698,PRD-00018,1,72.99,37.97,72.99,72.99,35.02
ITM-000002333,ORD-00001699,PRD-00047,1,100.99,42.27,100.99,100.99,58.72
ITM-000002334,ORD-00001700,PRD-00099,1,50.99,27.57,50.99,50.99,23.42
ITM-000002335,ORD-00001701,PRD-00014,2,337.99,200.36,675.98,675.98,275.26
ITM-000002336,ORD-00001701,PRD-00040,2,98.99,45.24,197.98,197.98,107.5
ITM-000002337,ORD-00001702,PRD-00058,1,152.99,69.5,152.99,152.99,83.49
ITM-000002338,ORD-00001703,PRD-00064,1,24.99,6.91,24.99,24.99,18.08
ITM-000002339,ORD-00001704,PRD-00047,1,100.99,42.27,100.99,100.99,58.72
ITM-000002340,ORD-00001705,PRD-00085,1,105.99,56.37,105.99,105.99,49.62
ITM-000002341,ORD-00001706,PRD-00091,2,42.99,22.68,85.98,85.98,40.62
ITM-000002342,ORD-00001707,PRD-00041,1,180.99,84.81,180.99,180.99,96.18
ITM-000002343,ORD-00001707,PRD-00069,1,51.99,14.6,51.99,51.99,37.39
ITM-000002344,ORD-00001708,PRD-00073,1,84.49,28.1,84.49,84.49,56.39
ITM-000002345,ORD-00001709,PRD-00019,1,339.99,208.97,339.99,339.99,131.02
ITM-000002346,ORD-00001709,PRD-00082,1,151.49,68.21,151.49,151.49,83.28
ITM-000002347,ORD-00001710,PRD-00073,1,84.49,28.1,84.49,84.49,56.39
ITM-000002348,ORD-00001711,PRD-00006,1,391.99,223.93,391.99,391.99,168.06
ITM-000002349,ORD-00001712,PRD-00015,1,205.99,123.35,205.99,205.99,82.64
ITM-000002350,ORD-00001713,PRD-00021,1,114.99,46.3,114.99,114.99,68.69
ITM-000002351,ORD-00001714,PRD-00021,2,114.99,46.3,229.98,229.98,137.38
ITM-000002352,ORD-00001714,PRD-00069,1,51.99,14.6,51.99,51.99,37.39
ITM-000002353,ORD-00001714,PRD-00054,1,137.99,68.35,137.99,137.99,69.64
ITM-000002354,ORD-00001715,PRD-00072,1,36.99,11.8,36.99,36.99,25.19
ITM-000002355,ORD-00001716,PRD-00072,1,36.99,11.8,36.99,36.99,25.19
ITM-000002356,ORD-00001717,PRD-00089,1,31.99,18.14,31.99,31.99,13.85
ITM-000002357,ORD-00001717,PRD-00092,2,214.99,101.72,429.98,429.98,226.54
ITM-000002358,ORD-00001717,PRD-00091,1,42.99,22.68,42.99,42.99,20.31
ITM-000002359,ORD-00001718,PRD-00058,1,152.99,69.5,152.99,152.99,83.49
ITM-000002360,ORD-00001719,PRD-00084,1,31.99,15.58,31.99,31.99,16.41
ITM-000002361,ORD-00001720,PRD-00057,1,146.49,75.56,146.49,146.49,70.93
ITM-000002362,ORD-00001720,PRD-00033,1,27.99,11.51,27.99,27.99,16.48
ITM-000002363,ORD-00001721,PRD-00084,1,31.99,15.58,31.99,31.99,16.41
ITM-000002364,ORD-00001722,PRD-00076,1,62.99,25.51,62.99,62.99,37.48
ITM-000002365,ORD-00001723,PRD-00075,1,56.99,20.25,56.99,56.99,36.74
ITM-000002366,ORD-00001724,PRD-00028,1,107.49,45.05,107.49,107.49,62.44
ITM-000002367,ORD-00001725,PRD-00051,2,52.99,21.94,105.98,105.98,62.1
ITM-000002368,ORD-00001726,PRD-00085,1,105.99,56.37,105.99,105.99,49.62
ITM-000002369,ORD-00001726,PRD-00081,1,77.99,39.19,77.99,77.99,38.8
ITM-000002370,ORD-00001727,PRD-00091,1,42.99,22.68,42.99,42.99,20.31
ITM-000002371,ORD-00001727,PRD-00084,1,31.99,15.58,31.99,31.99,16.41
ITM-000002372,ORD-00001728,PRD-00007,3,316.99,172.8,950.97,950.97,432.57
ITM-000002373,ORD-00001729,PRD-00087,2,43.99,24.1,87.98,87.98,39.78
ITM-000002374,ORD-00001729,PRD-00014,1,337.99,200.36,337.99,337.99,137.63
ITM-000002375,ORD-00001730,PRD-00060,2,176.49,84.75,352.98,352.98,183.48
ITM-000002376,ORD-00001731,PRD-00050,1,173.99,93.04,173.99,173.99,80.95
ITM-000002377,ORD-00001732,PRD-00081,1,77.99,39.19,77.99,77.99,38.8
ITM-000002378,ORD-00001732,PRD-00014,1,337.99,200.36,337.99,337.99,137.63
ITM-000002379,ORD-00001733,PRD-00004,1,294.49,168.07,294.49,294.49,126.42
ITM-000002380,ORD-00001733,PRD-00068,2,37.49,12.61,74.98,74.98,49.76
ITM-000002381,ORD-00001734,PRD-00091,1,42.99,22.68,42.99,42.99,20.31
ITM-000002382,ORD-00001734,PRD-00090,1,232.99,113.86,232.99,232.99,119.13
ITM-000002383,ORD-00001735,PRD-00077,2,22.99,8.27,45.98,45.98,29.44
ITM-000002384,ORD-00001735,PRD-00018,1,72.99,37.97,72.99,72.99,35.02
ITM-000002385,ORD-00001736,PRD-00071,1,86.99,31.3,86.99,86.99,55.69
ITM-000002386,ORD-00001737,PRD-00089,1,31.99,18.14,31.99,31.99,13.85
ITM-000002387,ORD-00001738,PRD-00004,1,294.49,168.07,294.49,294.49,126.42
ITM-000002388,ORD-00001739,PRD-00058,1,152.99,69.5,152.99,152.99,83.49
ITM-000002389,ORD-00001739,PRD-00023,1,31.99,14.2,31.99,31.99,17.79
ITM-000002390,ORD-00001740,PRD-00007,1,316.99,172.8,316.99,316.99,144.19
ITM-000002391,ORD-00001741,PRD-00046,1,113.49,52.53,113.49,113.49,60.96
ITM-000002392,ORD-00001742,PRD-00038,1,77.49,36.23,77.49,77.49,41.26
ITM-000002393,ORD-00001742,PRD-00056,1,135.49,71.03,135.49,135.49,64.46
ITM-000002394,ORD-00001743,PRD-00060,1,176.49,84.75,176.49,176.49,91.74
ITM-000002395,ORD-00001743,PRD-00032,2,42.49,17.54,84.98,84.98,49.9
ITM-000002396,ORD-00001743,PRD-00076,1,62.99,25.51,62.99,62.99,37.48
ITM-000002397,ORD-00001744,PRD-00007,1,316.99,172.8,316.99,316.99,144.19
ITM-000002398,ORD-00001745,PRD-00016,1,129.99,78.72,129.99,129.99,51.27
ITM-000002399,ORD-00001745,PRD-00092,1,214.99,101.72,214.99,214.99,113.27
ITM-000002400,ORD-00001746,PRD-00075,1,56.99,20.25,56.99,56.99,36.74
ITM-000002401,ORD-00001747,PRD-00067,1,44.99,16.41,44.99,44.99,28.58
ITM-000002402,ORD-00001748,PRD-00063,2,70.49,27.76,140.98,140.98,85.46
ITM-000002403,ORD-00001749,PRD-00001,1,320.99,176.63,320.99,320.99,144.36
ITM-000002404,ORD-00001750,PRD-00068,1,37.49,12.61,37.49,37.49,24.88
ITM-000002405,ORD-00001750,PRD-00080,1,87.99,32.75,87.99,87.99,55.24
ITM-000002406,ORD-00001750,PRD-00018,1,72.99,37.97,72.99,72.99,35.02
ITM-000002407,ORD-00001751,PRD-00044,1,72.99,36.23,72.99,72.99,36.76
ITM-000002408,ORD-00001751,PRD-00080,1,87.99,32.75,87.99,87.99,55.24
ITM-000002409,ORD-00001752,PRD-00080,2,87.99,32.75,175.98,175.98,110.48
ITM-000002410,ORD-00001753,PRD-00047,1,100.99,42.27,100.99,100.99,58.72
ITM-000002411,ORD-00001754,PRD-00011,2,179.99,102.31,359.98,359.98,155.36
ITM-000002412,ORD-00001755,PRD-00017,2,244.99,144.79,489.98,489.98,200.4
ITM-000002413,ORD-00001755,PRD-00095,2,204.99,100.6,409.98,409.98,208.78
ITM-000002414,ORD-00001756,PRD-00090,1,232.99,113.86,232.99,232.99,119.13
ITM-000002415,ORD-00001757,PRD-00059,3,47.49,23.54,142.47,142.47,71.85
ITM-000002416,ORD-00001757,PRD-00044,1,72.99,36.23,72.99,72.99,36.76
ITM-000002417,ORD-00001758,PRD-00076,1,62.99,25.51,62.99,62.99,37.48
ITM-000002418,ORD-00001759,PRD-00079,1,46.49,15.84,46.49,46.49,30.65
ITM-000002419,ORD-00001760,PRD-00027,2,83.99,34.49,167.98,167.98,99.0
ITM-000002420,ORD-00001761,PRD-00037,1,41.99,15.18,41.99,41.99,26.81
ITM-000002421,ORD-00001762,PRD-00088,1,211.99,101.84,211.99,211.99,110.15
ITM-000002422,ORD-00001763,PRD-00087,1,43.99,24.1,43.99,43.99,19.89
ITM-000002423,ORD-00001764,PRD-00095,1,204.99,100.6,204.99,204.99,104.39
ITM-000002424,ORD-00001764,PRD-00053,1,47.99,23.38,47.99,47.99,24.61
ITM-000002425,ORD-00001764,PRD-00038,1,77.49,36.23,77.49,77.49,41.26
ITM-000002426,ORD-00001765,PRD-00047,1,100.99,42.27,100.99,100.99,58.72
ITM-000002427,ORD-00001766,PRD-00079,1,46.49,15.84,46.49,46.49,30.65
ITM-000002428,ORD-00001767,PRD-00014,1,337.99,200.36,337.99,337.99,137.63
ITM-000002429,ORD-00001767,PRD-00022,1,49.99,20.52,49.99,49.99,29.47
ITM-000002430,ORD-00001768,PRD-00064,1,24.99,6.91,24.99,24.99,18.08
ITM-000002431,ORD-00001769,PRD-00027,1,83.99,34.49,83.99,83.99,49.5
ITM-000002432,ORD-00001769,PRD-00063,1,70.49,27.76,70.49,70.49,42.73
ITM-000002433,ORD-00001770,PRD-00053,1,47.99,23.38,47.99,47.99,24.61
ITM-000002434,ORD-00001771,PRD-00033,1,27.99,11.51,27.99,27.99,16.48
ITM-000002435,ORD-00001772,PRD-00042,1,121.99,52.18,121.99,121.99,69.81
ITM-000002436,ORD-00001772,PRD-00020,1,271.99,147.22,271.99,271.99,124.77
ITM-000002437,ORD-00001773,PRD-00023,1,31.99,14.2,31.99,31.99,17.79
ITM-000002438,ORD-00001773,PRD-00099,2,50.99,27.57,101.98,101.98,46.84
ITM-000002439,ORD-00001774,PRD-00012,1,374.49,207.75,374.49,374.49,166.74
ITM-000002440,ORD-00001774,PRD-00007,1,316.99,172.8,316.99,316.99,144.19
ITM-000002441,ORD-00001774,PRD-00031,1,110.99,51.16,110.99,110.99,59.83
ITM-000002442,ORD-00001775,PRD-00068,1,37.49,12.61,37.49,37.49,24.88
ITM-000002443,ORD-00001776,PRD-00074,1,16.99,6.2,16.99,16.99,10.79
ITM-000002444,ORD-00001777,PRD-00010,1,207.99,120.07,207.99,207.99,87.92
ITM-000002445,ORD-00001778,PRD-00068,2,37.49,12.61,74.98,74.98,49.76
ITM-000002446,ORD-00001779,PRD-00027,2,83.99,34.49,167.98,167.98,99.0
ITM-000002447,ORD-00001780,PRD-00077,1,22.99,8.27,22.99,22.99,14.72
ITM-000002448,ORD-00001780,PRD-00046,2,113.49,52.53,226.98,226.98,121.92
ITM-000002449,ORD-00001781,PRD-00027,1,83.99,34.49,83.99,83.99,49.5
ITM-000002450,ORD-00001781,PRD-00042,3,121.99,52.18,365.97,365.97,209.43
ITM-000002451,ORD-00001782,PRD-00034,1,34.99,12.79,34.99,34.99,22.2
ITM-000002452,ORD-00001783,PRD-00071,1,86.99,31.3,86.99,86.99,55.69
ITM-000002453,ORD-00001784,PRD-00010,1,207.99,120.07,207.99,207.99,87.92
ITM-000002454,ORD-00001785,PRD-00042,1,121.99,52.18,121.99,121.99,69.81
ITM-000002455,ORD-00001786,PRD-00014,1,337.99,200.36,337.99,337.99,137.63
ITM-000002456,ORD-00001786,PRD-00064,1,24.99,6.91,24.99,24.99,18.08
ITM-000002457,ORD-00001787,PRD-00016,1,129.99,78.72,129.99,129.99,51.27
ITM-000002458,ORD-00001788,PRD-00062,1,68.49,27.5,68.49,68.49,40.99
ITM-000002459,ORD-00001789,PRD-00043,1,105.99,49.95,105.99,105.99,56.04
ITM-000002460,ORD-00001790,PRD-00015,1,205.99,123.35,205.99,205.99,82.64
ITM-000002461,ORD-00001790,PRD-00094,1,245.99,110.0,245.99,245.99,135.99
ITM-000002462,ORD-00001790,PRD-00054,1,137.99,68.35,137.99,137.99,69.64
ITM-000002463,ORD-00001791,PRD-00093,1,227.99,111.71,227.99,227.99,116.28
ITM-000002464,ORD-00001791,PRD-00097,1,167.49,87.54,167.49,167.49,79.95
ITM-000002465,ORD-00001792,PRD-00100,2,143.99,66.17,287.98,287.98,155.64
ITM-000002466,ORD-00001792,PRD-00015,1,205.99,123.35,205.99,205.99,82.64
ITM-000002467,ORD-00001793,PRD-00045,1,83.49,36.38,83.49,83.49,47.11
ITM-000002468,ORD-00001794,PRD-00099,2,50.99,27.57,101.98,101.98,46.84
ITM-000002469,ORD-00001795,PRD-00046,1,113.49,52.53,113.49,113.49,60.96
ITM-000002470,ORD-00001796,PRD-00069,1,51.99,14.6,51.99,51.99,37.39
ITM-000002471,ORD-00001796,PRD-00057,1,146.49,75.56,146.49,146.49,70.93
ITM-000002472,ORD-00001797,PRD-00083,1,115.99,58.28,115.99,115.99,57.71
ITM-000002473,ORD-00001798,PRD-00090,1,232.99,113.86,232.99,232.99,119.13
ITM-000002474,ORD-00001799,PRD-00061,1,75.99,20.12,75.99,75.99,55.87
ITM-000002475,ORD-00001800,PRD-00082,2,151.49,68.21,302.98,302.98,166.56
ITM-000002476,ORD-00001801,PRD-00053,1,47.99,23.38,47.99,47.99,24.61
ITM-000002477,ORD-00001802,PRD-00060,1,176.49,84.75,176.49,176.49,91.74
ITM-000002478,ORD-00001803,PRD-00087,3,43.99,24.1,131.97,131.97,59.67
ITM-000002479,ORD-00001803,PRD-00032,2,42.49,17.54,84.98,84.98,49.9
ITM-000002480,ORD-00001804,PRD-00096,1,199.99,116.57,199.99,199.99,83.42
ITM-000002481,ORD-00001805,PRD-00029,1,94.49,33.63,94.49,94.49,60.86
ITM-000002482,ORD-00001806,PRD-00036,1,73.99,30.02,73.99,73.99,43.97
ITM-000002483,ORD-00001807,PRD-00085,2,105.99,56.37,211.98,211.98,99.24
ITM-000002484,ORD-00001808,PRD-00008,1,325.99,186.16,325.99,325.99,139.83
ITM-000002485,ORD-00001809,PRD-00034,1,34.99,12.79,34.99,34.99,22.2
ITM-000002486,ORD-00001810,PRD-00086,1,140.99,72.94,140.99,140.99,68.05
ITM-000002487,ORD-00001811,PRD-00032,1,42.49,17.54,42.49,42.49,24.95
ITM-000002488,ORD-00001812,PRD-00029,1,94.49,33.63,94.49,94.49,60.86
ITM-000002489,ORD-00001812,PRD-00062,1,68.49,27.5,68.49,68.49,40.99
ITM-000002490,ORD-00001813,PRD-00094,1,245.99,110.0,245.99,245.99,135.99
ITM-000002491,ORD-00001814,PRD-00059,1,47.49,23.54,47.49,47.49,23.95
ITM-000002492,ORD-00001814,PRD-00004,1,294.49,168.07,294.49,294.49,126.42
ITM-000002493,ORD-00001815,PRD-00074,1,16.99,6.2,16.99,16.99,10.79
ITM-000002494,ORD-00001816,PRD-00042,1,121.99,52.18,121.99,121.99,69.81
ITM-000002495,ORD-00001816,PRD-00073,1,84.49,28.1,84.49,84.49,56.39
ITM-000002496,ORD-00001817,PRD-00044,1,72.99,36.23,72.99,72.99,36.76
ITM-000002497,ORD-00001818,PRD-00075,1,56.99,20.25,56.99,56.99,36.74
ITM-000002498,ORD-00001819,PRD-00052,1,118.49,48.71,118.49,118.49,69.78
ITM-000002499,ORD-00001819,PRD-00090,3,232.99,113.86,698.97,698.97,357.39
ITM-000002500,ORD-00001820,PRD-00084,1,31.99,15.58,31.99,31.99,16.41
ITM-000002501,ORD-00001821,PRD-00069,1,51.99,14.6,51.99,51.99,37.39
ITM-000002502,ORD-00001821,PRD-00062,1,68.49,27.5,68.49,68.49,40.99
ITM-000002503,ORD-00001822,PRD-00062,1,68.49,27.5,68.49,68.49,40.99
ITM-000002504,ORD-00001822,PRD-00084,1,31.99,15.58,31.99,31.99,16.41
ITM-000002505,ORD-00001823,PRD-00022,1,49.99,20.52,49.99,49.99,29.47
ITM-000002506,ORD-00001824,PRD-00062,1,68.49,27.5,68.49,68.49,40.99
ITM-000002507,ORD-00001824,PRD-00021,1,114.99,46.3,114.99,114.99,68.69
ITM-000002508,ORD-00001824,PRD-00068,1,37.49,12.61,37.49,37.49,24.88
ITM-000002509,ORD-00001825,PRD-00012,1,374.49,207.75,374.49,374.49,166.74
ITM-000002510,ORD-00001826,PRD-00082,1,151.49,68.21,151.49,151.49,83.28
ITM-000002511,ORD-00001827,PRD-00025,1,55.99,23.35,55.99,55.99,32.64
ITM-000002512,ORD-00001828,PRD-00078,3,25.99,9.37,77.97,77.97,49.86
ITM-000002513,ORD-00001829,PRD-00089,1,31.99,18.14,31.99,31.99,13.85
ITM-000002514,ORD-00001830,PRD-00052,1,118.49,48.71,118.49,118.49,69.78
ITM-000002515,ORD-00001831,PRD-00022,1,49.99,20.52,49.99,49.99,29.47
ITM-000002516,ORD-00001832,PRD-00051,1,52.99,21.94,52.99,52.99,31.05
ITM-000002517,ORD-00001833,PRD-00025,1,55.99,23.35,55.99,55.99,32.64
ITM-000002518,ORD-00001834,PRD-00016,1,129.99,78.72,129.99,129.99,51.27
ITM-000002519,ORD-00001835,PRD-00088,1,211.99,101.84,211.99,211.99,110.15
ITM-000002520,ORD-00001836,PRD-00082,2,151.49,68.21,302.98,302.98,166.56
ITM-000002521,ORD-00001836,PRD-00043,1,105.99,49.95,105.99,105.99,56.04
ITM-000002522,ORD-00001837,PRD-00078,3,25.99,9.37,77.97,77.97,49.86
ITM-000002523,ORD-00001838,PRD-00048,1,33.49,15.83,33.49,33.49,17.66
ITM-000002524,ORD-00001839,PRD-00052,1,118.49,48.71,118.49,118.49,69.78
ITM-000002525,ORD-00001840,PRD-00081,1,77.99,39.19,77.99,77.99,38.8
ITM-000002526,ORD-00001840,PRD-00021,1,114.99,46.3,114.99,114.99,68.69
ITM-000002527,ORD-00001841,PRD-00075,1,56.99,20.25,56.99,56.99,36.74
ITM-000002528,ORD-00001842,PRD-00084,3,31.99,15.58,95.97,95.97,49.23
ITM-000002529,ORD-00001843,PRD-00098,1,199.49,113.09,199.49,199.49,86.4
ITM-000002530,ORD-00001844,PRD-00042,1,121.99,52.18,121.99,121.99,69.81
ITM-000002531,ORD-00001845,PRD-00056,3,135.49,71.03,406.47,406.47,193.38
ITM-000002532,ORD-00001846,PRD-00015,1,205.99,123.35,205.99,205.99,82.64
ITM-000002533,ORD-00001847,PRD-00023,1,31.99,14.2,31.99,31.99,17.79
ITM-000002534,ORD-00001847,PRD-00051,1,52.99,21.94,52.99,52.99,31.05
ITM-000002535,ORD-00001848,PRD-00093,1,227.99,111.71,227.99,227.99,116.28
ITM-000002536,ORD-00001849,PRD-00003,1,350.49,212.61,350.49,350.49,137.88
ITM-000002537,ORD-00001849,PRD-00091,1,42.99,22.68,42.99,42.99,20.31
ITM-000002538,ORD-00001850,PRD-00008,1,325.99,186.16,325.99,325.99,139.83
ITM-000002539,ORD-00001851,PRD-00078,1,25.99,9.37,25.99,25.99,16.62
ITM-000002540,ORD-00001852,PRD-00056,1,135.49,71.03,135.49,135.49,64.46
ITM-000002541,ORD-00001853,PRD-00076,1,62.99,25.51,62.99,62.99,37.48
ITM-000002542,ORD-00001854,PRD-00014,1,337.99,200.36,337.99,337.99,137.63
ITM-000002543,ORD-00001855,PRD-00042,1,121.99,52.18,121.99,121.99,69.81
ITM-000002544,ORD-00001855,PRD-00053,1,47.99,23.38,47.99,47.99,24.61
ITM-000002545,ORD-00001856,PRD-00042,1,121.99,52.18,121.99,121.99,69.81
ITM-000002546,ORD-00001857,PRD-00088,1,211.99,101.84,211.99,211.99,110.15
ITM-000002547,ORD-00001858,PRD-00074,1,16.99,6.2,16.99,16.99,10.79
ITM-000002548,ORD-00001858,PRD-00043,1,105.99,49.95,105.99,105.99,56.04
ITM-000002549,ORD-00001858,PRD-00096,1,199.99,116.57,199.99,199.99,83.42
ITM-000002550,ORD-00001859,PRD-00059,1,47.49,23.54,47.49,47.49,23.95
ITM-000002551,ORD-00001860,PRD-00094,1,245.99,110.0,245.99,245.99,135.99
ITM-000002552,ORD-00001860,PRD-00066,1,84.99,33.73,84.99,84.99,51.26
ITM-000002553,ORD-00001861,PRD-00100,1,143.99,66.17,143.99,143.99,77.82
ITM-000002554,ORD-00001862,PRD-00025,1,55.99,23.35,55.99,55.99,32.64
ITM-000002555,ORD-00001863,PRD-00023,1,31.99,14.2,31.99,31.99,17.79
ITM-000002556,ORD-00001863,PRD-00094,1,245.99,110.0,245.99,245.99,135.99
ITM-000002557,ORD-00001863,PRD-00077,3,22.99,8.27,68.97,68.97,44.16
ITM-000002558,ORD-00001864,PRD-00082,1,151.49,68.21,151.49,151.49,83.28
ITM-000002559,ORD-00001865,PRD-00060,1,176.49,84.75,176.49,176.49,91.74
ITM-000002560,ORD-00001866,PRD-00046,1,113.49,52.53,113.49,113.49,60.96
ITM-000002561,ORD-00001867,PRD-00095,1,204.99,100.6,204.99,204.99,104.39
ITM-000002562,ORD-00001867,PRD-00087,1,43.99,24.1,43.99,43.99,19.89
ITM-000002563,ORD-00001868,PRD-00030,2,67.99,29.21,135.98,135.98,77.56
ITM-000002564,ORD-00001869,PRD-00044,1,72.99,36.23,72.99,72.99,36.76
ITM-000002565,ORD-00001869,PRD-00044,1,72.99,36.23,72.99,72.99,36.76
ITM-000002566,ORD-00001870,PRD-00044,1,72.99,36.23,72.99,72.99,36.76
ITM-000002567,ORD-00001871,PRD-00025,1,55.99,23.35,55.99,55.99,32.64
ITM-000002568,ORD-00001871,PRD-00082,1,151.49,68.21,151.49,151.49,83.28
ITM-000002569,ORD-00001872,PRD-00091,1,42.99,22.68,42.99,42.99,20.31
ITM-000002570,ORD-00001873,PRD-00047,1,100.99,42.27,100.99,100.99,58.72
ITM-000002571,ORD-00001874,PRD-00077,1,22.99,8.27,22.99,22.99,14.72
ITM-000002572,ORD-00001875,PRD-00046,1,113.49,52.53,113.49,113.49,60.96
ITM-000002573,ORD-00001876,PRD-00099,1,50.99,27.57,50.99,50.99,23.42
ITM-000002574,ORD-00001877,PRD-00036,1,73.99,30.02,73.99,73.99,43.97
ITM-000002575,ORD-00001877,PRD-00007,1,316.99,172.8,316.99,316.99,144.19
ITM-000002576,ORD-00001878,PRD-00046,2,113.49,52.53,226.98,226.98,121.92
ITM-000002577,ORD-00001879,PRD-00089,1,31.99,18.14,31.99,31.99,13.85
ITM-000002578,ORD-00001880,PRD-00008,1,325.99,186.16,325.99,325.99,139.83
ITM-000002579,ORD-00001881,PRD-00011,1,179.99,102.31,179.99,179.99,77.68
ITM-000002580,ORD-00001882,PRD-00039,1,40.99,18.26,40.99,40.99,22.73
ITM-000002581,ORD-00001883,PRD-00093,1,227.99,111.71,227.99,227.99,116.28
ITM-000002582,ORD-00001884,PRD-00061,1,75.99,20.12,75.99,75.99,55.87
ITM-000002583,ORD-00001885,PRD-00062,1,68.49,27.5,68.49,68.49,40.99
ITM-000002584,ORD-00001885,PRD-00098,3,199.49,113.09,598.47,598.47,259.2
ITM-000002585,ORD-00001885,PRD-00070,1,64.99,25.31,64.99,64.99,39.68
ITM-000002586,ORD-00001886,PRD-00066,1,84.99,33.73,84.99,84.99,51.26
ITM-000002587,ORD-00001886,PRD-00051,1,52.99,21.94,52.99,52.99,31.05
ITM-000002588,ORD-00001887,PRD-00037,1,41.99,15.18,41.99,41.99,26.81
ITM-000002589,ORD-00001888,PRD-00044,1,72.99,36.23,72.99,72.99,36.76
ITM-000002590,ORD-00001888,PRD-00083,1,115.99,58.28,115.99,115.99,57.71
ITM-000002591,ORD-00001889,PRD-00048,1,33.49,15.83,33.49,33.49,17.66
ITM-000002592,ORD-00001890,PRD-00091,1,42.99,22.68,42.99,42.99,20.31
ITM-000002593,ORD-00001891,PRD-00071,2,86.99,31.3,173.98,173.98,111.38
ITM-000002594,ORD-00001892,PRD-00009,1,94.99,52.51,94.99,94.99,42.48
ITM-000002595,ORD-00001893,PRD-00079,2,46.49,15.84,92.98,92.98,61.3
ITM-000002596,ORD-00001894,PRD-00014,1,337.99,200.36,337.99,337.99,137.63
ITM-000002597,ORD-00001895,PRD-00041,1,180.99,84.81,180.99,180.99,96.18
ITM-000002598,ORD-00001895,PRD-00018,1,72.99,37.97,72.99,72.99,35.02
ITM-000002599,ORD-00001895,PRD-00045,1,83.49,36.38,83.49,83.49,47.11
ITM-000002600,ORD-00001896,PRD-00098,1,199.49,113.09,199.49,199.49,86.4
ITM-000002601,ORD-00001897,PRD-00075,1,56.99,20.25,56.99,56.99,36.74
ITM-000002602,ORD-00001898,PRD-00036,1,73.99,30.02,73.99,73.99,43.97
ITM-000002603,ORD-00001898,PRD-00078,1,25.99,9.37,25.99,25.99,16.62
ITM-000002604,ORD-00001898,PRD-00010,1,207.99,120.07,207.99,207.99,87.92
ITM-000002605,ORD-00001899,PRD-00068,1,37.49,12.61,37.49,37.49,24.88
ITM-000002606,ORD-00001899,PRD-00095,1,204.99,100.6,204.99,204.99,104.39
ITM-000002607,ORD-00001899,PRD-00038,1,77.49,36.23,77.49,77.49,41.26
ITM-000002608,ORD-00001900,PRD-00064,1,24.99,6.91,24.99,24.99,18.08
ITM-000002609,ORD-00001901,PRD-00028,1,107.49,45.05,107.49,107.49,62.44
ITM-000002610,ORD-00001902,PRD-00058,1,152.99,69.5,152.99,152.99,83.49
ITM-000002611,ORD-00001902,PRD-00039,1,40.99,18.26,40.99,40.99,22.73
ITM-000002612,ORD-00001903,PRD-00020,2,271.99,147.22,543.98,543.98,249.54
ITM-000002613,ORD-00001904,PRD-00086,1,140.99,72.94,140.99,140.99,68.05
ITM-000002614,ORD-00001905,PRD-00074,1,16.99,6.2,16.99,16.99,10.79
ITM-000002615,ORD-00001905,PRD-00037,1,41.99,15.18,41.99,41.99,26.81
ITM-000002616,ORD-00001906,PRD-00094,1,245.99,110.0,245.99,245.99,135.99
ITM-000002617,ORD-00001907,PRD-00080,1,87.99,32.75,87.99,87.99,55.24
ITM-000002618,ORD-00001908,PRD-00066,1,84.99,33.73,84.99,84.99,51.26
ITM-000002619,ORD-00001909,PRD-00032,2,42.49,17.54,84.98,84.98,49.9
ITM-000002620,ORD-00001909,PRD-00059,1,47.49,23.54,47.49,47.49,23.95
ITM-000002621,ORD-00001910,PRD-00057,1,146.49,75.56,146.49,146.49,70.93
ITM-000002622,ORD-00001910,PRD-00087,1,43.99,24.1,43.99,43.99,19.89
ITM-000002623,ORD-00001911,PRD-00078,1,25.99,9.37,25.99,25.99,16.62
ITM-000002624,ORD-00001912,PRD-00053,1,47.99,23.38,47.99,47.99,24.61
ITM-000002625,ORD-00001913,PRD-00038,1,77.49,36.23,77.49,77.49,41.26
ITM-000002626,ORD-00001914,PRD-00038,1,77.49,36.23,77.49,77.49,41.26
ITM-000002627,ORD-00001914,PRD-00085,2,105.99,56.37,211.98,211.98,99.24
ITM-000002628,ORD-00001914,PRD-00001,1,320.99,176.63,320.99,320.99,144.36
ITM-000002629,ORD-00001915,PRD-00047,2,100.99,42.27,201.98,201.98,117.44
ITM-000002630,ORD-00001916,PRD-00063,1,70.49,27.76,70.49,70.49,42.73
ITM-000002631,ORD-00001917,PRD-00060,2,176.49,84.75,352.98,352.98,183.48
ITM-000002632,ORD-00001918,PRD-00041,1,180.99,84.81,180.99,180.99,96.18
ITM-000002633,ORD-00001918,PRD-00067,1,44.99,16.41,44.99,44.99,28.58
ITM-000002634,ORD-00001919,PRD-00034,3,34.99,12.79,104.97,104.97,66.6
ITM-000002635,ORD-00001919,PRD-00023,2,31.99,14.2,63.98,63.98,35.58
ITM-000002636,ORD-00001920,PRD-00032,1,42.49,17.54,42.49,42.49,24.95
ITM-000002637,ORD-00001921,PRD-00027,1,83.99,34.49,83.99,83.99,49.5
ITM-000002638,ORD-00001922,PRD-00031,1,110.99,51.16,110.99,110.99,59.83
ITM-000002639,ORD-00001922,PRD-00009,1,94.99,52.51,94.99,94.99,42.48
ITM-000002640,ORD-00001923,PRD-00076,1,62.99,25.51,62.99,62.99,37.48
ITM-000002641,ORD-00001924,PRD-00003,1,350.49,212.61,350.49,350.49,137.88
ITM-000002642,ORD-00001924,PRD-00059,2,47.49,23.54,94.98,94.98,47.9
ITM-000002643,ORD-00001925,PRD-00009,1,94.99,52.51,94.99,94.99,42.48
ITM-000002644,ORD-00001926,PRD-00064,1,24.99,6.91,24.99,24.99,18.08
ITM-000002645,ORD-00001927,PRD-00046,1,113.49,52.53,113.49,113.49,60.96
ITM-000002646,ORD-00001928,PRD-00083,1,115.99,58.28,115.99,115.99,57.71
ITM-000002647,ORD-00001929,PRD-00094,1,245.99,110.0,245.99,245.99,135.99
ITM-000002648,ORD-00001930,PRD-00018,2,72.99,37.97,145.98,145.98,70.04
ITM-000002649,ORD-00001931,PRD-00056,1,135.49,71.03,135.49,135.49,64.46
ITM-000002650,ORD-00001932,PRD-00032,1,42.49,17.54,42.49,42.49,24.95
ITM-000002651,ORD-00001933,PRD-00098,1,199.49,113.09,199.49,199.49,86.4
ITM-000002652,ORD-00001933,PRD-00044,2,72.99,36.23,145.98,145.98,73.52
ITM-000002653,ORD-00001933,PRD-00014,1,337.99,200.36,337.99,337.99,137.63
ITM-000002654,ORD-00001934,PRD-00004,1,294.49,168.07,294.49,294.49,126.42
ITM-000002655,ORD-00001935,PRD-00091,1,42.99,22.68,42.99,42.99,20.31
ITM-000002656,ORD-00001936,PRD-00003,1,350.49,212.61,350.49,350.49,137.88
ITM-000002657,ORD-00001937,PRD-00094,2,245.99,110.0,491.98,491.98,271.98
ITM-000002658,ORD-00001937,PRD-00063,1,70.49,27.76,70.49,70.49,42.73
ITM-000002659,ORD-00001938,PRD-00067,3,44.99,16.41,134.97,134.97,85.74
ITM-000002660,ORD-00001939,PRD-00030,2,67.99,29.21,135.98,135.98,77.56
ITM-000002661,ORD-00001940,PRD-00095,1,204.99,100.6,204.99,204.99,104.39
ITM-000002662,ORD-00001941,PRD-00066,1,84.99,33.73,84.99,84.99,51.26
ITM-000002663,ORD-00001942,PRD-00084,1,31.99,15.58,31.99,31.99,16.41
ITM-000002664,ORD-00001943,PRD-00090,1,232.99,113.86,232.99,232.99,119.13
ITM-000002665,ORD-00001943,PRD-00081,1,77.99,39.19,77.99,77.99,38.8
ITM-000002666,ORD-00001944,PRD-00035,2,100.99,39.04,201.98,201.98,123.9
ITM-000002667,ORD-00001945,PRD-00032,1,42.49,17.54,42.49,42.49,24.95
ITM-000002668,ORD-00001946,PRD-00036,1,73.99,30.02,73.99,73.99,43.97
ITM-000002669,ORD-00001946,PRD-00023,3,31.99,14.2,95.97,95.97,53.37
ITM-000002670,ORD-00001947,PRD-00079,2,46.49,15.84,92.98,92.98,61.3
ITM-000002671,ORD-00001947,PRD-00004,1,294.49,168.07,294.49,294.49,126.42
ITM-000002672,ORD-00001948,PRD-00071,1,86.99,31.3,86.99,86.99,55.69
ITM-000002673,ORD-00001948,PRD-00095,2,204.99,100.6,409.98,409.98,208.78
ITM-000002674,ORD-00001949,PRD-00081,1,77.99,39.19,77.99,77.99,38.8
ITM-000002675,ORD-00001949,PRD-00080,1,87.99,32.75,87.99,87.99,55.24
ITM-000002676,ORD-00001950,PRD-00022,1,49.99,20.52,49.99,49.99,29.47
ITM-000002677,ORD-00001950,PRD-00037,2,41.99,15.18,83.98,83.98,53.62
ITM-000002678,ORD-00001951,PRD-00092,1,214.99,101.72,214.99,214.99,113.27
ITM-000002679,ORD-00001951,PRD-00086,1,140.99,72.94,140.99,140.99,68.05
ITM-000002680,ORD-00001951,PRD-00099,1,50.99,27.57,50.99,50.99,23.42
ITM-000002681,ORD-00001952,PRD-00100,1,143.99,66.17,143.99,143.99,77.82
ITM-000002682,ORD-00001953,PRD-00096,1,199.99,116.57,199.99,199.99,83.42
ITM-000002683,ORD-00001953,PRD-00093,1,227.99,111.71,227.99,227.99,116.28
ITM-000002684,ORD-00001954,PRD-00036,1,73.99,30.02,73.99,73.99,43.97
ITM-000002685,ORD-00001954,PRD-00045,1,83.49,36.38,83.49,83.49,47.11
ITM-000002686,ORD-00001955,PRD-00098,2,199.49,113.09,398.98,398.98,172.8
ITM-000002687,ORD-00001956,PRD-00054,1,137.99,68.35,137.99,137.99,69.64
ITM-000002688,ORD-00001957,PRD-00027,1,83.99,34.49,83.99,83.99,49.5
ITM-000002689,ORD-00001958,PRD-00064,1,24.99,6.91,24.99,24.99,18.08
ITM-000002690,ORD-00001959,PRD-00090,1,232.99,113.86,232.99,232.99,119.13
ITM-000002691,ORD-00001960,PRD-00023,1,31.99,14.2,31.99,31.99,17.79
ITM-000002692,ORD-00001961,PRD-00100,1,143.99,66.17,143.99,143.99,77.82
ITM-000002693,ORD-00001962,PRD-00029,1,94.49,33.63,94.49,94.49,60.86
ITM-000002694,ORD-00001963,PRD-00042,1,121.99,52.18,121.99,121.99,69.81
ITM-000002695,ORD-00001964,PRD-00068,1,37.49,12.61,37.49,37.49,24.88
ITM-000002696,ORD-00001964,PRD-00042,3,121.99,52.18,365.97,365.97,209.43
ITM-000002697,ORD-00001964,PRD-00093,1,227.99,111.71,227.99,227.99,116.28
ITM-000002698,ORD-00001965,PRD-00010,3,207.99,120.07,623.97,623.97,263.76
ITM-000002699,ORD-00001966,PRD-00083,1,115.99,58.28,115.99,115.99,57.71
ITM-000002700,ORD-00001967,PRD-00070,1,64.99,25.31,64.99,64.99,39.68
ITM-000002701,ORD-00001968,PRD-00029,1,94.49,33.63,94.49,94.49,60.86
ITM-000002702,ORD-00001969,PRD-00085,2,105.99,56.37,211.98,211.98,99.24
ITM-000002703,ORD-00001970,PRD-00084,1,31.99,15.58,31.99,31.99,16.41
ITM-000002704,ORD-00001971,PRD-00022,1,49.99,20.52,49.99,49.99,29.47
ITM-000002705,ORD-00001971,PRD-00032,1,42.49,17.54,42.49,42.49,24.95
ITM-000002706,ORD-00001972,PRD-00060,3,176.49,84.75,529.47,529.47,275.22
ITM-000002707,ORD-00001972,PRD-00034,1,34.99,12.79,34.99,34.99,22.2
ITM-000002708,ORD-00001973,PRD-00068,1,37.49,12.61,37.49,37.49,24.88
ITM-000002709,ORD-00001974,PRD-00039,1,40.99,18.26,40.99,40.99,22.73
ITM-000002710,ORD-00001975,PRD-00099,1,50.99,27.57,50.99,50.99,23.42
ITM-000002711,ORD-00001976,PRD-00100,1,143.99,66.17,143.99,143.99,77.82
ITM-000002712,ORD-00001977,PRD-00078,1,25.99,9.37,25.99,25.99,16.62
ITM-000002713,ORD-00001978,PRD-00031,1,110.99,51.16,110.99,110.99,59.83
ITM-000002714,ORD-00001978,PRD-00083,2,115.99,58.28,231.98,231.98,115.42
ITM-000002715,ORD-00001979,PRD-00021,1,114.99,46.3,114.99,114.99,68.69
ITM-000002716,ORD-00001979,PRD-00044,1,72.99,36.23,72.99,72.99,36.76
ITM-000002717,ORD-00001980,PRD-00070,1,64.99,25.31,64.99,64.99,39.68
ITM-000002718,ORD-00001981,PRD-00019,1,339.99,208.97,339.99,339.99,131.02
ITM-000002719,ORD-00001982,PRD-00007,1,316.99,172.8,316.99,316.99,144.19
ITM-000002720,ORD-00001982,PRD-00023,1,31.99,14.2,31.99,31.99,17.79
ITM-000002721,ORD-00001982,PRD-00046,1,113.49,52.53,113.49,113.49,60.96
ITM-000002722,ORD-00001983,PRD-00004,1,294.49,168.07,294.49,294.49,126.42
ITM-000002723,ORD-00001984,PRD-00028,1,107.49,45.05,107.49,107.49,62.44
ITM-000002724,ORD-00001985,PRD-00087,1,43.99,24.1,43.99,43.99,19.89
ITM-000002725,ORD-00001986,PRD-00008,1,325.99,186.16,325.99,325.99,139.83
ITM-000002726,ORD-00001986,PRD-00016,1,129.99,78.72,129.99,129.99,51.27
ITM-000002727,ORD-00001987,PRD-00088,1,211.99,101.84,211.99,211.99,110.15
ITM-000002728,ORD-00001988,PRD-00072,1,36.99,11.8,36.99,36.99,25.19
ITM-000002729,ORD-00001989,PRD-00008,1,325.99,186.16,325.99,325.99,139.83
ITM-000002730,ORD-00001990,PRD-00039,1,40.99,18.26,40.99,40.99,22.73
ITM-000002731,ORD-00001991,PRD-00099,1,50.99,27.57,50.99,50.99,23.42
ITM-000002732,ORD-00001991,PRD-00033,1,27.99,11.51,27.99,27.99,16.48
ITM-000002733,ORD-00001991,PRD-00022,1,49.99,20.52,49.99,49.99,29.47
ITM-000002734,ORD-00001992,PRD-00026,1,94.99,41.91,94.99,94.99,53.08
ITM-000002735,ORD-00001993,PRD-00043,1,105.99,49.95,105.99,105.99,56.04
ITM-000002736,ORD-00001993,PRD-00022,1,49.99,20.52,49.99,49.99,29.47
ITM-000002737,ORD-00001993,PRD-00044,1,72.99,36.23,72.99,72.99,36.76
ITM-000002738,ORD-00001994,PRD-00019,1,339.99,208.97,339.99,339.99,131.02
ITM-000002739,ORD-00001995,PRD-00071,1,86.99,31.3,86.99,86.99,55.69
ITM-000002740,ORD-00001996,PRD-00080,1,87.99,32.75,87.99,87.99,55.24
ITM-000002741,ORD-00001997,PRD-00027,1,83.99,34.49,83.99,83.99,49.5
ITM-000002742,ORD-00001998,PRD-00059,1,47.49,23.54,47.49,47.49,23.95
ITM-000002743,ORD-00001999,PRD-00091,1,42.99,22.68,42.99,42.99,20.31
ITM-000002744,ORD-00001999,PRD-00064,1,24.99,6.91,24.99,24.99,18.08
ITM-000002745,ORD-00001999,PRD-00043,1,105.99,49.95,105.99,105.99,56.04
ITM-000002746,ORD-00002000,PRD-00002,1,203.99,113.88,203.99,203.99,90.11
ITM-000002747,ORD-00002001,PRD-00053,1,47.99,23.38,47.99,47.99,24.61
ITM-000002748,ORD-00002002,PRD-00031,2,110.99,51.16,221.98,221.98,119.66
ITM-000002749,ORD-00002002,PRD-00093,1,227.99,111.71,227.99,227.99,116.28
ITM-000002750,ORD-00002003,PRD-00034,1,34.99,12.79,34.99,34.99,22.2
ITM-000002751,ORD-00002004,PRD-00036,1,73.99,30.02,73.99,73.99,43.97
ITM-000002752,ORD-00002005,PRD-00085,1,105.99,56.37,105.99,105.99,49.62
ITM-000002753,ORD-00002006,PRD-00028,1,107.49,45.05,107.49,107.49,62.44
ITM-000002754,ORD-00002006,PRD-00076,1,62.99,25.51,62.99,62.99,37.48
ITM-000002755,ORD-00002007,PRD-00088,1,211.99,101.84,211.99,211.99,110.15
ITM-000002756,ORD-00002008,PRD-00009,1,94.99,52.51,94.99,94.99,42.48
ITM-000002757,ORD-00002008,PRD-00026,1,94.99,41.91,94.99,94.99,53.08
ITM-000002758,ORD-00002009,PRD-00016,1,129.99,78.72,129.99,129.99,51.27
ITM-000002759,ORD-00002010,PRD-00048,1,33.49,15.83,33.49,33.49,17.66
ITM-000002760,ORD-00002011,PRD-00063,1,70.49,27.76,70.49,70.49,42.73
ITM-000002761,ORD-00002012,PRD-00051,1,52.99,21.94,52.99,52.99,31.05
ITM-000002762,ORD-00002013,PRD-00045,1,83.49,36.38,83.49,83.49,47.11
ITM-000002763,ORD-00002014,PRD-00048,1,33.49,15.83,33.49,33.49,17.66
ITM-000002764,ORD-00002015,PRD-00067,1,44.99,16.41,44.99,44.99,28.58
ITM-000002765,ORD-00002016,PRD-00050,1,173.99,93.04,173.99,173.99,80.95
ITM-000002766,ORD-00002017,PRD-00063,1,70.49,27.76,70.49,70.49,42.73
ITM-000002767,ORD-00002018,PRD-00035,1,100.99,39.04,100.99,100.99,61.95
ITM-000002768,ORD-00002019,PRD-00053,1,47.99,23.38,47.99,47.99,24.61
ITM-000002769,ORD-00002020,PRD-00034,1,34.99,12.79,34.99,34.99,22.2
ITM-000002770,ORD-00002021,PRD-00076,1,62.99,25.51,62.99,62.99,37.48
ITM-000002771,ORD-00002022,PRD-00042,1,121.99,52.18,121.99,121.99,69.81
ITM-000002772,ORD-00002022,PRD-00060,1,176.49,84.75,176.49,176.49,91.74
ITM-000002773,ORD-00002023,PRD-00055,1,74.99,31.61,74.99,74.99,43.38
ITM-000002774,ORD-00002024,PRD-00070,2,64.99,25.31,129.98,129.98,79.36
ITM-000002775,ORD-00002025,PRD-00031,1,110.99,51.16,110.99,110.99,59.83
ITM-000002776,ORD-00002026,PRD-00039,1,40.99,18.26,40.99,40.99,22.73
ITM-000002777,ORD-00002027,PRD-00042,1,121.99,52.18,121.99,121.99,69.81
ITM-000002778,ORD-00002028,PRD-00036,1,73.99,30.02,73.99,73.99,43.97
ITM-000002779,ORD-00002029,PRD-00042,1,121.99,52.18,121.99,121.99,69.81
ITM-000002780,ORD-00002029,PRD-00003,1,350.49,212.61,350.49,350.49,137.88
ITM-000002781,ORD-00002030,PRD-00067,1,44.99,16.41,44.99,44.99,28.58
ITM-000002782,ORD-00002031,PRD-00025,1,55.99,23.35,55.99,55.99,32.64
ITM-000002783,ORD-00002032,PRD-00014,1,337.99,200.36,337.99,337.99,137.63
ITM-000002784,ORD-00002033,PRD-00046,1,113.49,52.53,113.49,113.49,60.96
ITM-000002785,ORD-00002034,PRD-00072,1,36.99,11.8,36.99,36.99,25.19
ITM-000002786,ORD-00002035,PRD-00051,1,52.99,21.94,52.99,52.99,31.05
ITM-000002787,ORD-00002036,PRD-00089,1,31.99,18.14,31.99,31.99,13.85
ITM-000002788,ORD-00002037,PRD-00087,1,43.99,24.1,43.99,43.99,19.89
ITM-000002789,ORD-00002037,PRD-00027,1,83.99,34.49,83.99,83.99,49.5
ITM-000002790,ORD-00002038,PRD-00074,1,16.99,6.2,16.99,16.99,10.79
ITM-000002791,ORD-00002039,PRD-00061,1,75.99,20.12,75.99,75.99,55.87
ITM-000002792,ORD-00002040,PRD-00095,1,204.99,100.6,204.99,204.99,104.39
ITM-000002793,ORD-00002041,PRD-00098,1,199.49,113.09,199.49,199.49,86.4
ITM-000002794,ORD-00002042,PRD-00048,2,33.49,15.83,66.98,66.98,35.32
ITM-000002795,ORD-00002043,PRD-00036,1,73.99,30.02,73.99,73.99,43.97
ITM-000002796,ORD-00002044,PRD-00019,2,339.99,208.97,679.98,679.98,262.04
ITM-000002797,ORD-00002045,PRD-00055,1,74.99,31.61,74.99,74.99,43.38
ITM-000002798,ORD-00002046,PRD-00058,1,152.99,69.5,152.99,152.99,83.49
ITM-000002799,ORD-00002047,PRD-00080,1,87.99,32.75,87.99,87.99,55.24
ITM-000002800,ORD-00002048,PRD-00021,1,114.99,46.3,114.99,114.99,68.69
ITM-000002801,ORD-00002049,PRD-00025,1,55.99,23.35,55.99,55.99,32.64
ITM-000002802,ORD-00002050,PRD-00020,2,271.99,147.22,543.98,543.98,249.54
ITM-000002803,ORD-00002050,PRD-00021,1,114.99,46.3,114.99,114.99,68.69
ITM-000002804,ORD-00002050,PRD-00050,1,173.99,93.04,173.99,173.99,80.95
ITM-000002805,ORD-00002051,PRD-00010,3,207.99,120.07,623.97,623.97,263.76
ITM-000002806,ORD-00002052,PRD-00018,1,72.99,37.97,72.99,72.99,35.02
ITM-000002807,ORD-00002053,PRD-00034,1,34.99,12.79,34.99,34.99,22.2
ITM-000002808,ORD-00002054,PRD-00048,1,33.49,15.83,33.49,33.49,17.66
ITM-000002809,ORD-00002055,PRD-00029,1,94.49,33.63,94.49,94.49,60.86
ITM-000002810,ORD-00002055,PRD-00003,1,350.49,212.61,350.49,350.49,137.88
ITM-000002811,ORD-00002056,PRD-00057,1,146.49,75.56,146.49,146.49,70.93
ITM-000002812,ORD-00002057,PRD-00072,1,36.99,11.8,36.99,36.99,25.19
ITM-000002813,ORD-00002057,PRD-00023,1,31.99,14.2,31.99,31.99,17.79
ITM-000002814,ORD-00002058,PRD-00036,1,73.99,30.02,73.99,73.99,43.97
ITM-000002815,ORD-00002059,PRD-00010,1,207.99,120.07,207.99,207.99,87.92
ITM-000002816,ORD-00002059,PRD-00057,1,146.49,75.56,146.49,146.49,70.93
ITM-000002817,ORD-00002059,PRD-00031,1,110.99,51.16,110.99,110.99,59.83
ITM-000002818,ORD-00002060,PRD-00037,1,41.99,15.18,41.99,41.99,26.81
ITM-000002819,ORD-00002060,PRD-00009,1,94.99,52.51,94.99,94.99,42.48
ITM-000002820,ORD-00002061,PRD-00035,1,100.99,39.04,100.99,100.99,61.95
ITM-000002821,ORD-00002062,PRD-00057,1,146.49,75.56,146.49,146.49,70.93
ITM-000002822,ORD-00002062,PRD-00057,1,146.49,75.56,146.49,146.49,70.93
ITM-000002823,ORD-00002062,PRD-00025,1,55.99,23.35,55.99,55.99,32.64
ITM-000002824,ORD-00002063,PRD-00077,1,22.99,8.27,22.99,22.99,14.72
ITM-000002825,ORD-00002064,PRD-00097,1,167.49,87.54,167.49,167.49,79.95
ITM-000002826,ORD-00002065,PRD-00085,1,105.99,56.37,105.99,105.99,49.62
ITM-000002827,ORD-00002066,PRD-00004,1,294.49,168.07,294.49,294.49,126.42
ITM-000002828,ORD-00002067,PRD-00095,1,204.99,100.6,204.99,204.99,104.39
ITM-000002829,ORD-00002068,PRD-00012,1,374.49,207.75,374.49,374.49,166.74
ITM-000002830,ORD-00002069,PRD-00044,1,72.99,36.23,72.99,72.99,36.76
ITM-000002831,ORD-00002070,PRD-00046,1,113.49,52.53,113.49,113.49,60.96
ITM-000002832,ORD-00002070,PRD-00085,1,105.99,56.37,105.99,105.99,49.62
ITM-000002833,ORD-00002070,PRD-00021,1,114.99,46.3,114.99,114.99,68.69
ITM-000002834,ORD-00002071,PRD-00077,2,22.99,8.27,45.98,45.98,29.44
ITM-000002835,ORD-00002071,PRD-00061,2,75.99,20.12,151.98,151.98,111.74
ITM-000002836,ORD-00002071,PRD-00051,1,52.99,21.94,52.99,52.99,31.05
ITM-000002837,ORD-00002072,PRD-00012,1,374.49,207.75,374.49,374.49,166.74
ITM-000002838,ORD-00002072,PRD-00040,1,98.99,45.24,98.99,98.99,53.75
ITM-000002839,ORD-00002073,PRD-00095,2,204.99,100.6,409.98,409.98,208.78
ITM-000002840,ORD-00002074,PRD-00034,1,34.99,12.79,34.99,34.99,22.2
ITM-000002841,ORD-00002075,PRD-00016,1,129.99,78.72,129.99,129.99,51.27
ITM-000002842,ORD-00002076,PRD-00052,1,118.49,48.71,118.49,118.49,69.78
ITM-000002843,ORD-00002077,PRD-00012,3,374.49,207.75,1123.47,1123.47,500.22
ITM-000002844,ORD-00002078,PRD-00005,1,82.99,47.75,82.99,82.99,35.24
ITM-000002845,ORD-00002079,PRD-00040,1,98.99,45.24,98.99,98.99,53.75
ITM-000002846,ORD-00002080,PRD-00072,1,36.99,11.8,36.99,36.99,25.19
ITM-000002847,ORD-00002081,PRD-00017,1,244.99,144.79,244.99,244.99,100.2
ITM-000002848,ORD-00002081,PRD-00100,3,143.99,66.17,431.97,431.97,233.46
ITM-000002849,ORD-00002081,PRD-00075,2,56.99,20.25,113.98,113.98,73.48
ITM-000002850,ORD-00002082,PRD-00079,1,46.49,15.84,46.49,46.49,30.65
ITM-000002851,ORD-00002083,PRD-00047,1,100.99,42.27,100.99,100.99,58.72
ITM-000002852,ORD-00002084,PRD-00081,1,77.99,39.19,77.99,77.99,38.8
ITM-000002853,ORD-00002085,PRD-00063,1,70.49,27.76,70.49,70.49,42.73
ITM-000002854,ORD-00002086,PRD-00034,1,34.99,12.79,34.99,34.99,22.2
ITM-000002855,ORD-00002087,PRD-00074,1,16.99,6.2,16.99,16.99,10.79
ITM-000002856,ORD-00002087,PRD-00064,1,24.99,6.91,24.99,24.99,18.08
ITM-000002857,ORD-00002087,PRD-00035,1,100.99,39.04,100.99,100.99,61.95
ITM-000002858,ORD-00002088,PRD-00092,1,214.99,101.72,214.99,214.99,113.27
ITM-000002859,ORD-00002089,PRD-00023,1,31.99,14.2,31.99,31.99,17.79
ITM-000002860,ORD-00002090,PRD-00069,1,51.99,14.6,51.99,51.99,37.39
ITM-000002861,ORD-00002091,PRD-00010,1,207.99,120.07,207.99,207.99,87.92
ITM-000002862,ORD-00002092,PRD-00066,1,84.99,33.73,84.99,84.99,51.26
ITM-000002863,ORD-00002093,PRD-00047,1,100.99,42.27,100.99,100.99,58.72
ITM-000002864,ORD-00002093,PRD-00042,2,121.99,52.18,243.98,243.98,139.62
ITM-000002865,ORD-00002094,PRD-00024,1,54.99,26.28,54.99,54.99,28.71
ITM-000002866,ORD-00002094,PRD-00086,1,140.99,72.94,140.99,140.99,68.05
ITM-000002867,ORD-00002095,PRD-00098,1,199.49,113.09,199.49,199.49,86.4
ITM-000002868,ORD-00002096,PRD-00034,1,34.99,12.79,34.99,34.99,22.2
ITM-000002869,ORD-00002097,PRD-00033,1,27.99,11.51,27.99,27.99,16.48
ITM-000002870,ORD-00002098,PRD-00022,1,49.99,20.52,49.99,49.99,29.47
ITM-000002871,ORD-00002099,PRD-00071,1,86.99,31.3,86.99,86.99,55.69
ITM-000002872,ORD-00002099,PRD-00009,1,94.99,52.51,94.99,94.99,42.48
ITM-000002873,ORD-00002100,PRD-00039,1,40.99,18.26,40.99,40.99,22.73
ITM-000002874,ORD-00002101,PRD-00037,1,41.99,15.18,41.99,41.99,26.81
ITM-000002875,ORD-00002102,PRD-00033,1,27.99,11.51,27.99,27.99,16.48
ITM-000002876,ORD-00002103,PRD-00012,1,374.49,207.75,374.49,374.49,166.74
ITM-000002877,ORD-00002103,PRD-00040,1,98.99,45.24,98.99,98.99,53.75
ITM-000002878,ORD-00002104,PRD-00003,2,350.49,212.61,700.98,700.98,275.76
ITM-000002879,ORD-00002105,PRD-00036,1,73.99,30.02,73.99,73.99,43.97
ITM-000002880,ORD-00002106,PRD-00053,1,47.99,23.38,47.99,47.99,24.61
ITM-000002881,ORD-00002107,PRD-00086,2,140.99,72.94,281.98,281.98,136.1
ITM-000002882,ORD-00002108,PRD-00053,1,47.99,23.38,47.99,47.99,24.61
ITM-000002883,ORD-00002109,PRD-00066,2,84.99,33.73,169.98,169.98,102.52
ITM-000002884,ORD-00002110,PRD-00025,1,55.99,23.35,55.99,55.99,32.64
ITM-000002885,ORD-00002110,PRD-00057,1,146.49,75.56,146.49,146.49,70.93
ITM-000002886,ORD-00002111,PRD-00086,1,140.99,72.94,140.99,140.99,68.05
ITM-000002887,ORD-00002112,PRD-00055,1,74.99,31.61,74.99,74.99,43.38
ITM-000002888,ORD-00002112,PRD-00089,1,31.99,18.14,31.99,31.99,13.85
ITM-000002889,ORD-00002113,PRD-00082,2,151.49,68.21,302.98,302.98,166.56
ITM-000002890,ORD-00002114,PRD-00067,1,44.99,16.41,44.99,44.99,28.58
ITM-000002891,ORD-00002115,PRD-00053,1,47.99,23.38,47.99,47.99,24.61
ITM-000002892,ORD-00002116,PRD-00022,2,49.99,20.52,99.98,99.98,58.94
ITM-000002893,ORD-00002117,PRD-00060,1,176.49,84.75,176.49,176.49,91.74
ITM-000002894,ORD-00002118,PRD-00035,1,100.99,39.04,100.99,100.99,61.95
ITM-000002895,ORD-00002119,PRD-00050,2,173.99,93.04,347.98,347.98,161.9
ITM-000002896,ORD-00002119,PRD-00019,1,339.99,208.97,339.99,339.99,131.02
ITM-000002897,ORD-00002119,PRD-00042,1,121.99,52.18,121.99,121.99,69.81
ITM-000002898,ORD-00002120,PRD-00076,1,62.99,25.51,62.99,62.99,37.48
ITM-000002899,ORD-00002120,PRD-00025,1,55.99,23.35,55.99,55.99,32.64
ITM-000002900,ORD-00002121,PRD-00035,1,100.99,39.04,100.99,100.99,61.95
ITM-000002901,ORD-00002121,PRD-00005,1,82.99,47.75,82.99,82.99,35.24
ITM-000002902,ORD-00002122,PRD-00025,1,55.99,23.35,55.99,55.99,32.64
ITM-000002903,ORD-00002122,PRD-00004,1,294.49,168.07,294.49,294.49,126.42
ITM-000002904,ORD-00002123,PRD-00009,1,94.99,52.51,94.99,94.99,42.48
ITM-000002905,ORD-00002124,PRD-00099,1,50.99,27.57,50.99,50.99,23.42
ITM-000002906,ORD-00002125,PRD-00032,1,42.49,17.54,42.49,42.49,24.95
ITM-000002907,ORD-00002126,PRD-00060,1,176.49,84.75,176.49,176.49,91.74
ITM-000002908,ORD-00002127,PRD-00038,1,77.49,36.23,77.49,77.49,41.26
ITM-000002909,ORD-00002128,PRD-00012,1,374.49,207.75,374.49,374.49,166.74
ITM-000002910,ORD-00002129,PRD-00068,1,37.49,12.61,37.49,37.49,24.88
ITM-000002911,ORD-00002130,PRD-00009,1,94.99,52.51,94.99,94.99,42.48
ITM-000002912,ORD-00002131,PRD-00094,2,245.99,110.0,491.98,491.98,271.98
ITM-000002913,ORD-00002132,PRD-00073,1,84.49,28.1,84.49,84.49,56.39
ITM-000002914,ORD-00002133,PRD-00045,1,83.49,36.38,83.49,83.49,47.11
ITM-000002915,ORD-00002133,PRD-00046,1,113.49,52.53,113.49,113.49,60.96
ITM-000002916,ORD-00002133,PRD-00061,1,75.99,20.12,75.99,75.99,55.87
ITM-000002917,ORD-00002134,PRD-00003,1,350.49,212.61,350.49,350.49,137.88
ITM-000002918,ORD-00002134,PRD-00020,2,271.99,147.22,543.98,543.98,249.54
ITM-000002919,ORD-00002134,PRD-00077,1,22.99,8.27,22.99,22.99,14.72
ITM-000002920,ORD-00002135,PRD-00064,1,24.99,6.91,24.99,24.99,18.08
ITM-000002921,ORD-00002135,PRD-00008,1,325.99,186.16,325.99,325.99,139.83
ITM-000002922,ORD-00002136,PRD-00048,1,33.49,15.83,33.49,33.49,17.66
ITM-000002923,ORD-00002137,PRD-00089,1,31.99,18.14,31.99,31.99,13.85
ITM-000002924,ORD-00002138,PRD-00097,3,167.49,87.54,502.47,502.47,239.85
ITM-000002925,ORD-00002139,PRD-00068,1,37.49,12.61,37.49,37.49,24.88
ITM-000002926,ORD-00002139,PRD-00100,1,143.99,66.17,143.99,143.99,77.82
ITM-000002927,ORD-00002139,PRD-00032,1,42.49,17.54,42.49,42.49,24.95
ITM-000002928,ORD-00002140,PRD-00067,1,44.99,16.41,44.99,44.99,28.58
ITM-000002929,ORD-00002141,PRD-00007,1,316.99,172.8,316.99,316.99,144.19
ITM-000002930,ORD-00002141,PRD-00059,1,47.49,23.54,47.49,47.49,23.95
ITM-000002931,ORD-00002142,PRD-00008,1,325.99,186.16,325.99,325.99,139.83
ITM-000002932,ORD-00002142,PRD-00087,1,43.99,24.1,43.99,43.99,19.89
ITM-000002933,ORD-00002143,PRD-00075,1,56.99,20.25,56.99,56.99,36.74
ITM-000002934,ORD-00002144,PRD-00052,1,118.49,48.71,118.49,118.49,69.78
ITM-000002935,ORD-00002144,PRD-00087,1,43.99,24.1,43.99,43.99,19.89
ITM-000002936,ORD-00002145,PRD-00054,1,137.99,68.35,137.99,137.99,69.64
ITM-000002937,ORD-00002145,PRD-00010,1,207.99,120.07,207.99,207.99,87.92
ITM-000002938,ORD-00002145,PRD-00087,1,43.99,24.1,43.99,43.99,19.89
ITM-000002939,ORD-00002146,PRD-00098,3,199.49,113.09,598.47,598.47,259.2
ITM-000002940,ORD-00002146,PRD-00091,1,42.99,22.68,42.99,42.99,20.31
ITM-000002941,ORD-00002146,PRD-00086,1,140.99,72.94,140.99,140.99,68.05
ITM-000002942,ORD-00002147,PRD-00058,1,152.99,69.5,152.99,152.99,83.49
ITM-000002943,ORD-00002148,PRD-00077,1,22.99,8.27,22.99,22.99,14.72
ITM-000002944,ORD-00002148,PRD-00091,1,42.99,22.68,42.99,42.99,20.31
ITM-000002945,ORD-00002149,PRD-00049,1,162.99,86.22,162.99,162.99,76.77
ITM-000002946,ORD-00002149,PRD-00081,1,77.99,39.19,77.99,77.99,38.8
ITM-000002947,ORD-00002150,PRD-00014,1,337.99,200.36,337.99,337.99,137.63
ITM-000002948,ORD-00002151,PRD-00090,1,232.99,113.86,232.99,232.99,119.13
ITM-000002949,ORD-00002151,PRD-00001,1,320.99,176.63,320.99,320.99,144.36
ITM-000002950,ORD-00002152,PRD-00015,1,205.99,123.35,205.99,205.99,82.64
ITM-000002951,ORD-00002152,PRD-00087,1,43.99,24.1,43.99,43.99,19.89
ITM-000002952,ORD-00002153,PRD-00097,1,167.49,87.54,167.49,167.49,79.95
ITM-000002953,ORD-00002153,PRD-00002,1,203.99,113.88,203.99,203.99,90.11
ITM-000002954,ORD-00002154,PRD-00029,1,94.49,33.63,94.49,94.49,60.86
ITM-000002955,ORD-00002154,PRD-00009,3,94.99,52.51,284.97,284.97,127.44
ITM-000002956,ORD-00002154,PRD-00047,1,100.99,42.27,100.99,100.99,58.72
ITM-000002957,ORD-00002155,PRD-00074,1,16.99,6.2,16.99,16.99,10.79
ITM-000002958,ORD-00002155,PRD-00086,2,140.99,72.94,281.98,281.98,136.1
ITM-000002959,ORD-00002156,PRD-00078,2,25.99,9.37,51.98,51.98,33.24
ITM-000002960,ORD-00002156,PRD-00030,3,67.99,29.21,203.97,203.97,116.34
ITM-000002961,ORD-00002157,PRD-00022,1,49.99,20.52,49.99,49.99,29.47
ITM-000002962,ORD-00002157,PRD-00083,1,115.99,58.28,115.99,115.99,57.71
ITM-000002963,ORD-00002158,PRD-00022,1,49.99,20.52,49.99,49.99,29.47
ITM-000002964,ORD-00002159,PRD-00073,1,84.49,28.1,84.49,84.49,56.39
ITM-000002965,ORD-00002160,PRD-00045,1,83.49,36.38,83.49,83.49,47.11
ITM-000002966,ORD-00002161,PRD-00082,3,151.49,68.21,454.47,454.47,249.84
ITM-000002967,ORD-00002162,PRD-00030,1,67.99,29.21,67.99,67.99,38.78
ITM-000002968,ORD-00002163,PRD-00092,1,214.99,101.72,214.99,214.99,113.27
ITM-000002969,ORD-00002164,PRD-00081,1,77.99,39.19,77.99,77.99,38.8
ITM-000002970,ORD-00002165,PRD-00099,1,50.99,27.57,50.99,50.99,23.42
ITM-000002971,ORD-00002165,PRD-00070,3,64.99,25.31,194.97,194.97,119.04
ITM-000002972,ORD-00002166,PRD-00081,1,77.99,39.19,77.99,77.99,38.8
ITM-000002973,ORD-00002166,PRD-00029,1,94.49,33.63,94.49,94.49,60.86
ITM-000002974,ORD-00002167,PRD-00062,2,68.49,27.5,136.98,136.98,81.98
ITM-000002975,ORD-00002168,PRD-00080,1,87.99,32.75,87.99,87.99,55.24
ITM-000002976,ORD-00002169,PRD-00054,1,137.99,68.35,137.99,137.99,69.64
ITM-000002977,ORD-00002169,PRD-00080,1,87.99,32.75,87.99,87.99,55.24
ITM-000002978,ORD-00002169,PRD-00016,1,129.99,78.72,129.99,129.99,51.27
ITM-000002979,ORD-00002170,PRD-00024,1,54.99,26.28,54.99,54.99,28.71
ITM-000002980,ORD-00002171,PRD-00075,1,56.99,20.25,56.99,56.99,36.74
ITM-000002981,ORD-00002172,PRD-00071,1,86.99,31.3,86.99,86.99,55.69
ITM-000002982,ORD-00002173,PRD-00081,1,77.99,39.19,77.99,77.99,38.8
ITM-000002983,ORD-00002173,PRD-00100,1,143.99,66.17,143.99,143.99,77.82
ITM-000002984,ORD-00002173,PRD-00023,2,31.99,14.2,63.98,63.98,35.58
ITM-000002985,ORD-00002174,PRD-00088,1,211.99,101.84,211.99,211.99,110.15
ITM-000002986,ORD-00002175,PRD-00077,1,22.99,8.27,22.99,22.99,14.72
ITM-000002987,ORD-00002175,PRD-00081,1,77.99,39.19,77.99,77.99,38.8
ITM-000002988,ORD-00002176,PRD-00001,3,320.99,176.63,962.97,962.97,433.08
ITM-000002989,ORD-00002176,PRD-00098,1,199.49,113.09,199.49,199.49,86.4
ITM-000002990,ORD-00002176,PRD-00033,1,27.99,11.51,27.99,27.99,16.48
ITM-000002991,ORD-00002177,PRD-00026,1,94.99,41.91,94.99,94.99,53.08
ITM-000002992,ORD-00002177,PRD-00092,1,214.99,101.72,214.99,214.99,113.27
ITM-000002993,ORD-00002178,PRD-00089,1,31.99,18.14,31.99,31.99,13.85
ITM-000002994,ORD-00002179,PRD-00010,1,207.99,120.07,207.99,207.99,87.92
ITM-000002995,ORD-00002180,PRD-00097,1,167.49,87.54,167.49,167.49,79.95
ITM-000002996,ORD-00002181,PRD-00026,2,94.99,41.91,189.98,189.98,106.16
ITM-000002997,ORD-00002181,PRD-00025,1,55.99,23.35,55.99,55.99,32.64
ITM-000002998,ORD-00002182,PRD-00077,1,22.99,8.27,22.99,22.99,14.72
ITM-000002999,ORD-00002183,PRD-00069,2,51.99,14.6,103.98,103.98,74.78
ITM-000003000,ORD-00002183,PRD-00071,1,86.99,31.3,86.99,86.99,55.69
ITM-000003001,ORD-00002183,PRD-00015,1,205.99,123.35,205.99,205.99,82.64
ITM-000003002,ORD-00002184,PRD-00053,1,47.99,23.38,47.99,47.99,24.61
ITM-000003003,ORD-00002185,PRD-00076,1,62.99,25.51,62.99,62.99,37.48
ITM-000003004,ORD-00002185,PRD-00039,1,40.99,18.26,40.99,40.99,22.73
ITM-000003005,ORD-00002186,PRD-00006,1,391.99,223.93,391.99,391.99,168.06
ITM-000003006,ORD-00002187,PRD-00092,2,214.99,101.72,429.98,429.98,226.54
ITM-000003007,ORD-00002188,PRD-00052,1,118.49,48.71,118.49,118.49,69.78
ITM-000003008,ORD-00002188,PRD-00060,2,176.49,84.75,352.98,352.98,183.48
ITM-000003009,ORD-00002189,PRD-00071,1,86.99,31.3,86.99,86.99,55.69
ITM-000003010,ORD-00002190,PRD-00026,1,94.99,41.91,94.99,94.99,53.08
ITM-000003011,ORD-00002190,PRD-00003,1,350.49,212.61,350.49,350.49,137.88
ITM-000003012,ORD-00002191,PRD-00089,1,31.99,18.14,31.99,31.99,13.85
ITM-000003013,ORD-00002192,PRD-00092,1,214.99,101.72,214.99,214.99,113.27
ITM-000003014,ORD-00002193,PRD-00037,1,41.99,15.18,41.99,41.99,26.81
ITM-000003015,ORD-00002194,PRD-00097,1,167.49,87.54,167.49,167.49,79.95
ITM-000003016,ORD-00002194,PRD-00023,1,31.99,14.2,31.99,31.99,17.79
ITM-000003017,ORD-00002195,PRD-00087,1,43.99,24.1,43.99,43.99,19.89
ITM-000003018,ORD-00002196,PRD-00069,1,51.99,14.6,51.99,51.99,37.39
ITM-000003019,ORD-00002197,PRD-00044,1,72.99,36.23,72.99,72.99,36.76
ITM-000003020,ORD-00002198,PRD-00008,1,325.99,186.16,325.99,325.99,139.83
ITM-000003021,ORD-00002199,PRD-00069,1,51.99,14.6,51.99,51.99,37.39
ITM-000003022,ORD-00002200,PRD-00051,1,52.99,21.94,52.99,52.99,31.05
ITM-000003023,ORD-00002200,PRD-00064,1,24.99,6.91,24.99,24.99,18.08
ITM-000003024,ORD-00002201,PRD-00024,1,54.99,26.28,54.99,54.99,28.71
ITM-000003025,ORD-00002202,PRD-00072,1,36.99,11.8,36.99,36.99,25.19
ITM-000003026,ORD-00002203,PRD-00038,1,77.49,36.23,77.49,77.49,41.26
ITM-000003027,ORD-00002204,PRD-00009,1,94.99,52.51,94.99,94.99,42.48
ITM-000003028,ORD-00002204,PRD-00019,1,339.99,208.97,339.99,339.99,131.02
ITM-000003029,ORD-00002205,PRD-00088,1,211.99,101.84,211.99,211.99,110.15
ITM-000003030,ORD-00002206,PRD-00043,1,105.99,49.95,105.99,105.99,56.04
ITM-000003031,ORD-00002207,PRD-00031,1,110.99,51.16,110.99,110.99,59.83
ITM-000003032,ORD-00002208,PRD-00084,1,31.99,15.58,31.99,31.99,16.41
ITM-000003033,ORD-00002208,PRD-00042,1,121.99,52.18,121.99,121.99,69.81
ITM-000003034,ORD-00002209,PRD-00015,1,205.99,123.35,205.99,205.99,82.64
ITM-000003035,ORD-00002210,PRD-00032,2,42.49,17.54,84.98,84.98,49.9
ITM-000003036,ORD-00002211,PRD-00070,1,64.99,25.31,64.99,64.99,39.68
ITM-000003037,ORD-00002212,PRD-00085,1,105.99,56.37,105.99,105.99,49.62
ITM-000003038,ORD-00002213,PRD-00076,1,62.99,25.51,62.99,62.99,37.48
ITM-000003039,ORD-00002214,PRD-00093,1,227.99,111.71,227.99,227.99,116.28
ITM-000003040,ORD-00002215,PRD-00047,1,100.99,42.27,100.99,100.99,58.72
ITM-000003041,ORD-00002215,PRD-00054,1,137.99,68.35,137.99,137.99,69.64
ITM-000003042,ORD-00002215,PRD-00041,2,180.99,84.81,361.98,361.98,192.36
ITM-000003043,ORD-00002216,PRD-00051,1,52.99,21.94,52.99,52.99,31.05
ITM-000003044,ORD-00002217,PRD-00015,1,205.99,123.35,205.99,205.99,82.64
ITM-000003045,ORD-00002217,PRD-00040,1,98.99,45.24,98.99,98.99,53.75
ITM-000003046,ORD-00002218,PRD-00008,1,325.99,186.16,325.99,325.99,139.83
ITM-000003047,ORD-00002218,PRD-00041,1,180.99,84.81,180.99,180.99,96.18
ITM-000003048,ORD-00002218,PRD-00087,1,43.99,24.1,43.99,43.99,19.89
ITM-000003049,ORD-00002219,PRD-00013,1,275.99,176.16,275.99,275.99,99.83
ITM-000003050,ORD-00002220,PRD-00020,1,271.99,147.22,271.99,271.99,124.77
ITM-000003051,ORD-00002220,PRD-00093,1,227.99,111.71,227.99,227.99,116.28
ITM-000003052,ORD-00002220,PRD-00029,2,94.49,33.63,188.98,188.98,121.72
ITM-000003053,ORD-00002221,PRD-00088,1,211.99,101.84,211.99,211.99,110.15
ITM-000003054,ORD-00002222,PRD-00018,1,72.99,37.97,72.99,72.99,35.02
ITM-000003055,ORD-00002223,PRD-00040,1,98.99,45.24,98.99,98.99,53.75
ITM-000003056,ORD-00002224,PRD-00086,1,140.99,72.94,140.99,140.99,68.05
ITM-000003057,ORD-00002225,PRD-00028,2,107.49,45.05,214.98,214.98,124.88
ITM-000003058,ORD-00002225,PRD-00010,2,207.99,120.07,415.98,415.98,175.84
ITM-000003059,ORD-00002225,PRD-00049,1,162.99,86.22,162.99,162.99,76.77
ITM-000003060,ORD-00002226,PRD-00041,1,180.99,84.81,180.99,180.99,96.18
ITM-000003061,ORD-00002227,PRD-00031,1,110.99,51.16,110.99,110.99,59.83
ITM-000003062,ORD-00002228,PRD-00020,1,271.99,147.22,271.99,271.99,124.77
ITM-000003063,ORD-00002229,PRD-00014,2,337.99,200.36,675.98,675.98,275.26
ITM-000003064,ORD-00002230,PRD-00022,2,49.99,20.52,99.98,99.98,58.94
ITM-000003065,ORD-00002231,PRD-00079,1,46.49,15.84,46.49,46.49,30.65
ITM-000003066,ORD-00002231,PRD-00030,1,67.99,29.21,67.99,67.99,38.78
ITM-000003067,ORD-00002232,PRD-00009,1,94.99,52.51,94.99,94.99,42.48
ITM-000003068,ORD-00002233,PRD-00052,2,118.49,48.71,236.98,236.98,139.56
ITM-000003069,ORD-00002234,PRD-00057,2,146.49,75.56,292.98,292.98,141.86
ITM-000003070,ORD-00002235,PRD-00046,1,113.49,52.53,113.49,113.49,60.96
ITM-000003071,ORD-00002236,PRD-00012,1,374.49,207.75,374.49,374.49,166.74
ITM-000003072,ORD-00002237,PRD-00019,1,339.99,208.97,339.99,339.99,131.02
ITM-000003073,ORD-00002238,PRD-00069,1,51.99,14.6,51.99,51.99,37.39
ITM-000003074,ORD-00002239,PRD-00001,1,320.99,176.63,320.99,320.99,144.36
ITM-000003075,ORD-00002239,PRD-00092,1,214.99,101.72,214.99,214.99,113.27
ITM-000003076,ORD-00002239,PRD-00077,1,22.99,8.27,22.99,22.99,14.72
ITM-000003077,ORD-00002240,PRD-00081,1,77.99,39.19,77.99,77.99,38.8
ITM-000003078,ORD-00002241,PRD-00037,1,41.99,15.18,41.99,41.99,26.81
ITM-000003079,ORD-00002242,PRD-00079,3,46.49,15.84,139.47,139.47,91.95
ITM-000003080,ORD-00002243,PRD-00043,1,105.99,49.95,105.99,105.99,56.04
ITM-000003081,ORD-00002243,PRD-00013,1,275.99,176.16,275.99,275.99,99.83
ITM-000003082,ORD-00002244,PRD-00099,1,50.99,27.57,50.99,50.99,23.42
ITM-000003083,ORD-00002245,PRD-00033,1,27.99,11.51,27.99,27.99,16.48
ITM-000003084,ORD-00002245,PRD-00065,1,24.99,5.84,24.99,24.99,19.15
ITM-000003085,ORD-00002245,PRD-00027,2,83.99,34.49,167.98,167.98,99.0
ITM-000003086,ORD-00002246,PRD-00025,1,55.99,23.35,55.99,55.99,32.64
ITM-000003087,ORD-00002247,PRD-00069,2,51.99,14.6,103.98,103.98,74.78
ITM-000003088,ORD-00002248,PRD-00005,1,82.99,47.75,82.99,82.99,35.24
ITM-000003089,ORD-00002248,PRD-00025,1,55.99,23.35,55.99,55.99,32.64
ITM-000003090,ORD-00002249,PRD-00076,1,62.99,25.51,62.99,62.99,37.48
ITM-000003091,ORD-00002249,PRD-00041,1,180.99,84.81,180.99,180.99,96.18
ITM-000003092,ORD-00002249,PRD-00019,1,339.99,208.97,339.99,339.99,131.02
ITM-000003093,ORD-00002250,PRD-00094,1,245.99,110.0,245.99,245.99,135.99
ITM-000003094,ORD-00002251,PRD-00093,1,227.99,111.71,227.99,227.99,116.28
ITM-000003095,ORD-00002252,PRD-00054,1,137.99,68.35,137.99,137.99,69.64
ITM-000003096,ORD-00002252,PRD-00058,2,152.99,69.5,305.98,305.98,166.98
ITM-000003097,ORD-00002253,PRD-00015,1,205.99,123.35,205.99,205.99,82.64
ITM-000003098,ORD-00002254,PRD-00012,1,374.49,207.75,374.49,374.49,166.74
ITM-000003099,ORD-00002254,PRD-00062,1,68.49,27.5,68.49,68.49,40.99
ITM-000003100,ORD-00002255,PRD-00068,1,37.49,12.61,37.49,37.49,24.88
ITM-000003101,ORD-00002255,PRD-00081,1,77.99,39.19,77.99,77.99,38.8
ITM-000003102,ORD-00002255,PRD-00033,2,27.99,11.51,55.98,55.98,32.96
ITM-000003103,ORD-00002256,PRD-00005,1,82.99,47.75,82.99,82.99,35.24
ITM-000003104,ORD-00002256,PRD-00075,1,56.99,20.25,56.99,56.99,36.74
ITM-000003105,ORD-00002257,PRD-00023,1,31.99,14.2,31.99,31.99,17.79
ITM-000003106,ORD-00002258,PRD-00006,1,391.99,223.93,391.99,391.99,168.06
ITM-000003107,ORD-00002259,PRD-00005,1,82.99,47.75,82.99,82.99,35.24
ITM-000003108,ORD-00002260,PRD-00066,1,84.99,33.73,84.99,84.99,51.26
ITM-000003109,ORD-00002260,PRD-00067,1,44.99,16.41,44.99,44.99,28.58
ITM-000003110,ORD-00002260,PRD-00061,1,75.99,20.12,75.99,75.99,55.87
ITM-000003111,ORD-00002261,PRD-00068,2,37.49,12.61,74.98,74.98,49.76
ITM-000003112,ORD-00002262,PRD-00068,1,37.49,12.61,37.49,37.49,24.88
ITM-000003113,ORD-00002263,PRD-00090,1,232.99,113.86,232.99,232.99,119.13
ITM-000003114,ORD-00002264,PRD-00075,2,56.99,20.25,113.98,113.98,73.48
ITM-000003115,ORD-00002265,PRD-00068,1,37.49,12.61,37.49,37.49,24.88
ITM-000003116,ORD-00002266,PRD-00033,3,27.99,11.51,83.97,83.97,49.44
ITM-000003117,ORD-00002267,PRD-00055,1,74.99,31.61,74.99,74.99,43.38
ITM-000003118,ORD-00002268,PRD-00014,1,337.99,200.36,337.99,337.99,137.63
ITM-000003119,ORD-00002268,PRD-00003,1,350.49,212.61,350.49,350.49,137.88
ITM-000003120,ORD-00002269,PRD-00049,1,162.99,86.22,162.99,162.99,76.77
ITM-000003121,ORD-00002269,PRD-00066,1,84.99,33.73,84.99,84.99,51.26
ITM-000003122,ORD-00002269,PRD-00098,2,199.49,113.09,398.98,398.98,172.8
ITM-000003123,ORD-00002270,PRD-00045,1,83.49,36.38,83.49,83.49,47.11
ITM-000003124,ORD-00002271,PRD-00014,2,337.99,200.36,675.98,675.98,275.26
ITM-000003125,ORD-00002272,PRD-00005,1,82.99,47.75,82.99,82.99,35.24
ITM-000003126,ORD-00002273,PRD-00014,2,337.99,200.36,675.98,675.98,275.26
ITM-000003127,ORD-00002273,PRD-00047,1,100.99,42.27,100.99,100.99,58.72
ITM-000003128,ORD-00002273,PRD-00040,1,98.99,45.24,98.99,98.99,53.75
ITM-000003129,ORD-00002274,PRD-00022,2,49.99,20.52,99.98,99.98,58.94
ITM-000003130,ORD-00002275,PRD-00042,1,121.99,52.18,121.99,121.99,69.81
ITM-000003131,ORD-00002275,PRD-00046,1,113.49,52.53,113.49,113.49,60.96
ITM-000003132,ORD-00002276,PRD-00087,1,43.99,24.1,43.99,43.99,19.89
ITM-000003133,ORD-00002277,PRD-00005,1,82.99,47.75,82.99,82.99,35.24
ITM-000003134,ORD-00002277,PRD-00029,1,94.49,33.63,94.49,94.49,60.86
ITM-000003135,ORD-00002278,PRD-00053,2,47.99,23.38,95.98,95.98,49.22
ITM-000003136,ORD-00002279,PRD-00029,1,94.49,33.63,94.49,94.49,60.86
ITM-000003137,ORD-00002280,PRD-00046,1,113.49,52.53,113.49,113.49,60.96
ITM-000003138,ORD-00002281,PRD-00016,2,129.99,78.72,259.98,259.98,102.54
ITM-000003139,ORD-00002282,PRD-00035,1,100.99,39.04,100.99,100.99,61.95
ITM-000003140,ORD-00002282,PRD-00006,1,391.99,223.93,391.99,391.99,168.06
ITM-000003141,ORD-00002283,PRD-00026,1,94.99,41.91,94.99,94.99,53.08
ITM-000003142,ORD-00002284,PRD-00093,1,227.99,111.71,227.99,227.99,116.28
ITM-000003143,ORD-00002285,PRD-00032,1,42.49,17.54,42.49,42.49,24.95
ITM-000003144,ORD-00002286,PRD-00011,1,179.99,102.31,179.99,179.99,77.68
ITM-000003145,ORD-00002287,PRD-00098,1,199.49,113.09,199.49,199.49,86.4
ITM-000003146,ORD-00002288,PRD-00036,1,73.99,30.02,73.99,73.99,43.97
ITM-000003147,ORD-00002289,PRD-00074,1,16.99,6.2,16.99,16.99,10.79
ITM-000003148,ORD-00002290,PRD-00020,3,271.99,147.22,815.97,815.97,374.31
ITM-000003149,ORD-00002291,PRD-00001,1,320.99,176.63,320.99,320.99,144.36
ITM-000003150,ORD-00002291,PRD-00006,1,391.99,223.93,391.99,391.99,168.06
ITM-000003151,ORD-00002292,PRD-00089,1,31.99,18.14,31.99,31.99,13.85
ITM-000003152,ORD-00002293,PRD-00081,2,77.99,39.19,155.98,155.98,77.6
ITM-000003153,ORD-00002294,PRD-00068,1,37.49,12.61,37.49,37.49,24.88
ITM-000003154,ORD-00002295,PRD-00014,1,337.99,200.36,337.99,337.99,137.63
ITM-000003155,ORD-00002296,PRD-00050,1,173.99,93.04,173.99,173.99,80.95
ITM-000003156,ORD-00002297,PRD-00016,1,129.99,78.72,129.99,129.99,51.27
ITM-000003157,ORD-00002298,PRD-00020,1,271.99,147.22,271.99,271.99,124.77
ITM-000003158,ORD-00002299,PRD-00057,1,146.49,75.56,146.49,146.49,70.93
ITM-000003159,ORD-00002299,PRD-00079,1,46.49,15.84,46.49,46.49,30.65
ITM-000003160,ORD-00002300,PRD-00021,1,114.99,46.3,114.99,114.99,68.69
ITM-000003161,ORD-00002301,PRD-00044,1,72.99,36.23,72.99,72.99,36.76
ITM-000003162,ORD-00002302,PRD-00097,1,167.49,87.54,167.49,167.49,79.95
ITM-000003163,ORD-00002302,PRD-00041,1,180.99,84.81,180.99,180.99,96.18
ITM-000003164,ORD-00002303,PRD-00060,1,176.49,84.75,176.49,176.49,91.74
ITM-000003165,ORD-00002304,PRD-00012,1,374.49,207.75,374.49,374.49,166.74
ITM-000003166,ORD-00002304,PRD-00096,1,199.99,116.57,199.99,199.99,83.42
ITM-000003167,ORD-00002305,PRD-00018,2,72.99,37.97,145.98,145.98,70.04
ITM-000003168,ORD-00002306,PRD-00069,1,51.99,14.6,51.99,51.99,37.39
ITM-000003169,ORD-00002307,PRD-00096,1,199.99,116.57,199.99,199.99,83.42
ITM-000003170,ORD-00002307,PRD-00083,1,115.99,58.28,115.99,115.99,57.71
ITM-000003171,ORD-00002308,PRD-00057,1,146.49,75.56,146.49,146.49,70.93
ITM-000003172,ORD-00002309,PRD-00067,1,44.99,16.41,44.99,44.99,28.58
ITM-000003173,ORD-00002310,PRD-00003,1,350.49,212.61,350.49,350.49,137.88
ITM-000003174,ORD-00002311,PRD-00030,2,67.99,29.21,135.98,135.98,77.56
ITM-000003175,ORD-00002311,PRD-00060,1,176.49,84.75,176.49,176.49,91.74
ITM-000003176,ORD-00002311,PRD-00094,1,245.99,110.0,245.99,245.99,135.99
ITM-000003177,ORD-00002312,PRD-00025,1,55.99,23.35,55.99,55.99,32.64
ITM-000003178,ORD-00002312,PRD-00049,1,162.99,86.22,162.99,162.99,76.77
ITM-000003179,ORD-00002313,PRD-00048,1,33.49,15.83,33.49,33.49,17.66
ITM-000003180,ORD-00002314,PRD-00042,1,121.99,52.18,121.99,121.99,69.81
ITM-000003181,ORD-00002315,PRD-00100,2,143.99,66.17,287.98,287.98,155.64
ITM-000003182,ORD-00002316,PRD-00086,3,140.99,72.94,422.97,422.97,204.15
ITM-000003183,ORD-00002316,PRD-00033,1,27.99,11.51,27.99,27.99,16.48
ITM-000003184,ORD-00002316,PRD-00053,1,47.99,23.38,47.99,47.99,24.61
ITM-000003185,ORD-00002317,PRD-00021,1,114.99,46.3,114.99,114.99,68.69
ITM-000003186,ORD-00002318,PRD-00029,1,94.49,33.63,94.49,94.49,60.86
ITM-000003187,ORD-00002319,PRD-00050,1,173.99,93.04,173.99,173.99,80.95
ITM-000003188,ORD-00002320,PRD-00092,1,214.99,101.72,214.99,214.99,113.27
ITM-000003189,ORD-00002321,PRD-00005,1,82.99,47.75,82.99,82.99,35.24
ITM-000003190,ORD-00002322,PRD-00053,1,47.99,23.38,47.99,47.99,24.61
ITM-000003191,ORD-00002323,PRD-00051,1,52.99,21.94,52.99,52.99,31.05
ITM-000003192,ORD-00002324,PRD-00080,1,87.99,32.75,87.99,87.99,55.24
ITM-000003193,ORD-00002325,PRD-00052,1,118.49,48.71,118.49,118.49,69.78
ITM-000003194,ORD-00002325,PRD-00085,1,105.99,56.37,105.99,105.99,49.62
ITM-000003195,ORD-00002326,PRD-00020,1,271.99,147.22,271.99,271.99,124.77
ITM-000003196,ORD-00002327,PRD-00020,1,271.99,147.22,271.99,271.99,124.77
ITM-000003197,ORD-00002328,PRD-00050,1,173.99,93.04,173.99,173.99,80.95
ITM-000003198,ORD-00002329,PRD-00070,1,64.99,25.31,64.99,64.99,39.68
ITM-000003199,ORD-00002329,PRD-00053,1,47.99,23.38,47.99,47.99,24.61
ITM-000003200,ORD-00002330,PRD-00074,1,16.99,6.2,16.99,16.99,10.79
ITM-000003201,ORD-00002331,PRD-00038,1,77.49,36.23,77.49,77.49,41.26
ITM-000003202,ORD-00002332,PRD-00034,1,34.99,12.79,34.99,34.99,22.2
ITM-000003203,ORD-00002333,PRD-00038,1,77.49,36.23,77.49,77.49,41.26
ITM-000003204,ORD-00002333,PRD-00078,1,25.99,9.37,25.99,25.99,16.62
ITM-000003205,ORD-00002333,PRD-00056,1,135.49,71.03,135.49,135.49,64.46
ITM-000003206,ORD-00002334,PRD-00016,1,129.99,78.72,129.99,129.99,51.27
ITM-000003207,ORD-00002335,PRD-00010,1,207.99,120.07,207.99,207.99,87.92
ITM-000003208,ORD-00002336,PRD-00060,1,176.49,84.75,176.49,176.49,91.74
ITM-000003209,ORD-00002336,PRD-00024,2,54.99,26.28,109.98,109.98,57.42
ITM-000003210,ORD-00002337,PRD-00086,1,140.99,72.94,140.99,140.99,68.05
ITM-000003211,ORD-00002338,PRD-00035,1,100.99,39.04,100.99,100.99,61.95
ITM-000003212,ORD-00002339,PRD-00045,1,83.49,36.38,83.49,83.49,47.11
ITM-000003213,ORD-00002339,PRD-00043,2,105.99,49.95,211.98,211.98,112.08
ITM-000003214,ORD-00002340,PRD-00087,2,43.99,24.1,87.98,87.98,39.78
ITM-000003215,ORD-00002341,PRD-00023,1,31.99,14.2,31.99,31.99,17.79
ITM-000003216,ORD-00002342,PRD-00027,1,83.99,34.49,83.99,83.99,49.5
ITM-000003217,ORD-00002343,PRD-00082,1,151.49,68.21,151.49,151.49,83.28
ITM-000003218,ORD-00002344,PRD-00061,1,75.99,20.12,75.99,75.99,55.87
ITM-000003219,ORD-00002345,PRD-00021,1,114.99,46.3,114.99,114.99,68.69
ITM-000003220,ORD-00002345,PRD-00001,2,320.99,176.63,641.98,641.98,288.72
ITM-000003221,ORD-00002346,PRD-00072,2,36.99,11.8,73.98,73.98,50.38
ITM-000003222,ORD-00002347,PRD-00045,1,83.49,36.38,83.49,83.49,47.11
ITM-000003223,ORD-00002348,PRD-00090,1,232.99,113.86,232.99,232.99,119.13
ITM-000003224,ORD-00002348,PRD-00016,1,129.99,78.72,129.99,129.99,51.27
ITM-000003225,ORD-00002348,PRD-00029,1,94.49,33.63,94.49,94.49,60.86
ITM-000003226,ORD-00002349,PRD-00025,1,55.99,23.35,55.99,55.99,32.64
ITM-000003227,ORD-00002350,PRD-00009,1,94.99,52.51,94.99,94.99,42.48
ITM-000003228,ORD-00002350,PRD-00073,1,84.49,28.1,84.49,84.49,56.39
ITM-000003229,ORD-00002351,PRD-00024,1,54.99,26.28,54.99,54.99,28.71
ITM-000003230,ORD-00002352,PRD-00033,2,27.99,11.51,55.98,55.98,32.96
ITM-000003231,ORD-00002352,PRD-00005,2,82.99,47.75,165.98,165.98,70.48
ITM-000003232,ORD-00002352,PRD-00012,1,374.49,207.75,374.49,374.49,166.74
ITM-000003233,ORD-00002353,PRD-00077,1,22.99,8.27,22.99,22.99,14.72
ITM-000003234,ORD-00002354,PRD-00070,1,64.99,25.31,64.99,64.99,39.68
ITM-000003235,ORD-00002354,PRD-00054,1,137.99,68.35,137.99,137.99,69.64
ITM-000003236,ORD-00002355,PRD-00099,1,50.99,27.57,50.99,50.99,23.42
ITM-000003237,ORD-00002356,PRD-00051,1,52.99,21.94,52.99,52.99,31.05
ITM-000003238,ORD-00002357,PRD-00097,1,167.49,87.54,167.49,167.49,79.95
ITM-000003239,ORD-00002358,PRD-00065,1,24.99,5.84,24.99,24.99,19.15
ITM-000003240,ORD-00002359,PRD-00054,2,137.99,68.35,275.98,275.98,139.28
ITM-000003241,ORD-00002360,PRD-00031,1,110.99,51.16,110.99,110.99,59.83
ITM-000003242,ORD-00002361,PRD-00090,1,232.99,113.86,232.99,232.99,119.13
ITM-000003243,ORD-00002361,PRD-00056,1,135.49,71.03,135.49,135.49,64.46
ITM-000003244,ORD-00002362,PRD-00071,1,86.99,31.3,86.99,86.99,55.69
ITM-000003245,ORD-00002362,PRD-00073,1,84.49,28.1,84.49,84.49,56.39
ITM-000003246,ORD-00002363,PRD-00089,1,31.99,18.14,31.99,31.99,13.85
ITM-000003247,ORD-00002363,PRD-00008,1,325.99,186.16,325.99,325.99,139.83
ITM-000003248,ORD-00002364,PRD-00062,1,68.49,27.5,68.49,68.49,40.99
ITM-000003249,ORD-00002364,PRD-00094,1,245.99,110.0,245.99,245.99,135.99
ITM-000003250,ORD-00002365,PRD-00084,1,31.99,15.58,31.99,31.99,16.41
ITM-000003251,ORD-00002366,PRD-00014,1,337.99,200.36,337.99,337.99,137.63
ITM-000003252,ORD-00002367,PRD-00042,1,121.99,52.18,121.99,121.99,69.81
ITM-000003253,ORD-00002368,PRD-00006,1,391.99,223.93,391.99,391.99,168.06
ITM-000003254,ORD-00002369,PRD-00045,1,83.49,36.38,83.49,83.49,47.11
ITM-000003255,ORD-00002370,PRD-00038,1,77.49,36.23,77.49,77.49,41.26
ITM-000003256,ORD-00002371,PRD-00084,1,31.99,15.58,31.99,31.99,16.41
ITM-000003257,ORD-00002372,PRD-00059,1,47.49,23.54,47.49,47.49,23.95
ITM-000003258,ORD-00002372,PRD-00041,1,180.99,84.81,180.99,180.99,96.18
ITM-000003259,ORD-00002373,PRD-00098,1,199.49,113.09,199.49,199.49,86.4
ITM-000003260,ORD-00002374,PRD-00044,1,72.99,36.23,72.99,72.99,36.76
ITM-000003261,ORD-00002375,PRD-00067,1,44.99,16.41,44.99,44.99,28.58
ITM-000003262,ORD-00002376,PRD-00070,1,64.99,25.31,64.99,64.99,39.68
ITM-000003263,ORD-00002377,PRD-00047,2,100.99,42.27,201.98,201.98,117.44
ITM-000003264,ORD-00002378,PRD-00042,1,121.99,52.18,121.99,121.99,69.81
ITM-000003265,ORD-00002379,PRD-00090,3,232.99,113.86,698.97,698.97,357.39
ITM-000003266,ORD-00002379,PRD-00087,1,43.99,24.1,43.99,43.99,19.89
ITM-000003267,ORD-00002380,PRD-00007,1,316.99,172.8,316.99,316.99,144.19
ITM-000003268,ORD-00002380,PRD-00089,1,31.99,18.14,31.99,31.99,13.85
ITM-000003269,ORD-00002381,PRD-00026,1,94.99,41.91,94.99,94.99,53.08
ITM-000003270,ORD-00002382,PRD-00085,1,105.99,56.37,105.99,105.99,49.62
ITM-000003271,ORD-00002383,PRD-00002,3,203.99,113.88,611.97,611.97,270.33
ITM-000003272,ORD-00002384,PRD-00031,1,110.99,51.16,110.99,110.99,59.83
ITM-000003273,ORD-00002385,PRD-00011,2,179.99,102.31,359.98,359.98,155.36
ITM-000003274,ORD-00002386,PRD-00093,1,227.99,111.71,227.99,227.99,116.28
ITM-000003275,ORD-00002387,PRD-00028,1,107.49,45.05,107.49,107.49,62.44
ITM-000003276,ORD-00002388,PRD-00100,3,143.99,66.17,431.97,431.97,233.46
ITM-000003277,ORD-00002389,PRD-00027,1,83.99,34.49,83.99,83.99,49.5
ITM-000003278,ORD-00002390,PRD-00087,1,43.99,24.1,43.99,43.99,19.89
ITM-000003279,ORD-00002391,PRD-00015,1,205.99,123.35,205.99,205.99,82.64
ITM-000003280,ORD-00002392,PRD-00056,1,135.49,71.03,135.49,135.49,64.46
ITM-000003281,ORD-00002392,PRD-00032,1,42.49,17.54,42.49,42.49,24.95
ITM-000003282,ORD-00002393,PRD-00088,1,211.99,101.84,211.99,211.99,110.15
ITM-000003283,ORD-00002394,PRD-00021,1,114.99,46.3,114.99,114.99,68.69
ITM-000003284,ORD-00002395,PRD-00054,1,137.99,68.35,137.99,137.99,69.64
ITM-000003285,ORD-00002395,PRD-00078,1,25.99,9.37,25.99,25.99,16.62
ITM-000003286,ORD-00002396,PRD-00081,1,77.99,39.19,77.99,77.99,38.8
ITM-000003287,ORD-00002396,PRD-00031,1,110.99,51.16,110.99,110.99,59.83
ITM-000003288,ORD-00002397,PRD-00077,1,22.99,8.27,22.99,22.99,14.72
ITM-000003289,ORD-00002398,PRD-00082,1,151.49,68.21,151.49,151.49,83.28
ITM-000003290,ORD-00002398,PRD-00052,1,118.49,48.71,118.49,118.49,69.78
ITM-000003291,ORD-00002399,PRD-00044,1,72.99,36.23,72.99,72.99,36.76
ITM-000003292,ORD-00002400,PRD-00031,1,110.99,51.16,110.99,110.99,59.83
ITM-000003293,ORD-00002401,PRD-00023,1,31.99,14.2,31.99,31.99,17.79
ITM-000003294,ORD-00002401,PRD-00012,1,374.49,207.75,374.49,374.49,166.74
ITM-000003295,ORD-00002402,PRD-00017,2,244.99,144.79,489.98,489.98,200.4
ITM-000003296,ORD-00002402,PRD-00030,1,67.99,29.21,67.99,67.99,38.78
ITM-000003297,ORD-00002403,PRD-00006,1,391.99,223.93,391.99,391.99,168.06
ITM-000003298,ORD-00002404,PRD-00092,1,214.99,101.72,214.99,214.99,113.27
ITM-000003299,ORD-00002405,PRD-00022,1,49.99,20.52,49.99,49.99,29.47
ITM-000003300,ORD-00002405,PRD-00079,1,46.49,15.84,46.49,46.49,30.65
ITM-000003301,ORD-00002406,PRD-00071,1,86.99,31.3,86.99,86.99,55.69
ITM-000003302,ORD-00002406,PRD-00038,1,77.49,36.23,77.49,77.49,41.26
ITM-000003303,ORD-00002407,PRD-00074,1,16.99,6.2,16.99,16.99,10.79
ITM-000003304,ORD-00002408,PRD-00051,1,52.99,21.94,52.99,52.99,31.05
ITM-000003305,ORD-00002409,PRD-00031,2,110.99,51.16,221.98,221.98,119.66
ITM-000003306,ORD-00002409,PRD-00084,1,31.99,15.58,31.99,31.99,16.41
ITM-000003307,ORD-00002409,PRD-00033,1,27.99,11.51,27.99,27.99,16.48
ITM-000003308,ORD-00002410,PRD-00031,1,110.99,51.16,110.99,110.99,59.83
ITM-000003309,ORD-00002411,PRD-00061,1,75.99,20.12,75.99,75.99,55.87
ITM-000003310,ORD-00002412,PRD-00026,2,94.99,41.91,189.98,189.98,106.16
ITM-000003311,ORD-00002412,PRD-00022,1,49.99,20.52,49.99,49.99,29.47
ITM-000003312,ORD-00002413,PRD-00004,2,294.49,168.07,588.98,588.98,252.84
ITM-000003313,ORD-00002414,PRD-00048,1,33.49,15.83,33.49,33.49,17.66
ITM-000003314,ORD-00002415,PRD-00002,1,203.99,113.88,203.99,203.99,90.11
ITM-000003315,ORD-00002415,PRD-00053,1,47.99,23.38,47.99,47.99,24.61
ITM-000003316,ORD-00002415,PRD-00064,1,24.99,6.91,24.99,24.99,18.08
ITM-000003317,ORD-00002416,PRD-00094,1,245.99,110.0,245.99,245.99,135.99
ITM-000003318,ORD-00002417,PRD-00069,1,51.99,14.6,51.99,51.99,37.39
ITM-000003319,ORD-00002418,PRD-00057,1,146.49,75.56,146.49,146.49,70.93
ITM-000003320,ORD-00002419,PRD-00018,1,72.99,37.97,72.99,72.99,35.02
ITM-000003321,ORD-00002420,PRD-00049,1,162.99,86.22,162.99,162.99,76.77
ITM-000003322,ORD-00002421,PRD-00055,1,74.99,31.61,74.99,74.99,43.38
ITM-000003323,ORD-00002422,PRD-00068,1,37.49,12.61,37.49,37.49,24.88
ITM-000003324,ORD-00002422,PRD-00093,3,227.99,111.71,683.97,683.97,348.84
ITM-000003325,ORD-00002423,PRD-00085,2,105.99,56.37,211.98,211.98,99.24
ITM-000003326,ORD-00002424,PRD-00050,1,173.99,93.04,173.99,173.99,80.95
ITM-000003327,ORD-00002425,PRD-00067,1,44.99,16.41,44.99,44.99,28.58
ITM-000003328,ORD-00002426,PRD-00081,1,77.99,39.19,77.99,77.99,38.8
ITM-000003329,ORD-00002427,PRD-00044,2,72.99,36.23,145.98,145.98,73.52
ITM-000003330,ORD-00002428,PRD-00071,2,86.99,31.3,173.98,173.98,111.38
ITM-000003331,ORD-00002429,PRD-00012,1,374.49,207.75,374.49,374.49,166.74
ITM-000003332,ORD-00002430,PRD-00010,1,207.99,120.07,207.99,207.99,87.92
ITM-000003333,ORD-00002431,PRD-00068,1,37.49,12.61,37.49,37.49,24.88
ITM-000003334,ORD-00002432,PRD-00063,2,70.49,27.76,140.98,140.98,85.46
ITM-000003335,ORD-00002433,PRD-00049,1,162.99,86.22,162.99,162.99,76.77
ITM-000003336,ORD-00002434,PRD-00008,1,325.99,186.16,325.99,325.99,139.83
ITM-000003337,ORD-00002435,PRD-00077,1,22.99,8.27,22.99,22.99,14.72
ITM-000003338,ORD-00002436,PRD-00035,1,100.99,39.04,100.99,100.99,61.95
ITM-000003339,ORD-00002436,PRD-00016,1,129.99,78.72,129.99,129.99,51.27
ITM-000003340,ORD-00002437,PRD-00033,1,27.99,11.51,27.99,27.99,16.48
ITM-000003341,ORD-00002438,PRD-00008,1,325.99,186.16,325.99,325.99,139.83
ITM-000003342,ORD-00002438,PRD-00036,1,73.99,30.02,73.99,73.99,43.97
ITM-000003343,ORD-00002439,PRD-00023,1,31.99,14.2,31.99,31.99,17.79
ITM-000003344,ORD-00002440,PRD-00023,1,31.99,14.2,31.99,31.99,17.79
ITM-000003345,ORD-00002440,PRD-00003,1,350.49,212.61,350.49,350.49,137.88
ITM-000003346,ORD-00002441,PRD-00011,1,179.99,102.31,179.99,179.99,77.68
ITM-000003347,ORD-00002442,PRD-00060,1,176.49,84.75,176.49,176.49,91.74
ITM-000003348,ORD-00002443,PRD-00007,1,316.99,172.8,316.99,316.99,144.19
ITM-000003349,ORD-00002443,PRD-00027,1,83.99,34.49,83.99,83.99,49.5
ITM-000003350,ORD-00002444,PRD-00021,1,114.99,46.3,114.99,114.99,68.69
ITM-000003351,ORD-00002445,PRD-00017,1,244.99,144.79,244.99,244.99,100.2
ITM-000003352,ORD-00002445,PRD-00052,1,118.49,48.71,118.49,118.49,69.78
ITM-000003353,ORD-00002446,PRD-00082,1,151.49,68.21,151.49,151.49,83.28
ITM-000003354,ORD-00002447,PRD-00019,1,339.99,208.97,339.99,339.99,131.02
ITM-000003355,ORD-00002447,PRD-00040,1,98.99,45.24,98.99,98.99,53.75
ITM-000003356,ORD-00002448,PRD-00089,1,31.99,18.14,31.99,31.99,13.85
ITM-000003357,ORD-00002449,PRD-00012,1,374.49,207.75,374.49,374.49,166.74
ITM-000003358,ORD-00002449,PRD-00002,1,203.99,113.88,203.99,203.99,90.11
ITM-000003359,ORD-00002450,PRD-00010,1,207.99,120.07,207.99,207.99,87.92
ITM-000003360,ORD-00002451,PRD-00039,1,40.99,18.26,40.99,40.99,22.73
ITM-000003361,ORD-00002452,PRD-00073,1,84.49,28.1,84.49,84.49,56.39
ITM-000003362,ORD-00002453,PRD-00086,1,140.99,72.94,140.99,140.99,68.05
ITM-000003363,ORD-00002454,PRD-00011,1,179.99,102.31,179.99,179.99,77.68
ITM-000003364,ORD-00002454,PRD-00050,1,173.99,93.04,173.99,173.99,80.95
ITM-000003365,ORD-00002455,PRD-00080,1,87.99,32.75,87.99,87.99,55.24
ITM-000003366,ORD-00002456,PRD-00055,1,74.99,31.61,74.99,74.99,43.38
ITM-000003367,ORD-00002457,PRD-00071,1,86.99,31.3,86.99,86.99,55.69
ITM-000003368,ORD-00002457,PRD-00085,1,105.99,56.37,105.99,105.99,49.62
ITM-000003369,ORD-00002458,PRD-00046,1,113.49,52.53,113.49,113.49,60.96
ITM-000003370,ORD-00002458,PRD-00093,1,227.99,111.71,227.99,227.99,116.28
ITM-000003371,ORD-00002459,PRD-00046,1,113.49,52.53,113.49,113.49,60.96
ITM-000003372,ORD-00002460,PRD-00099,1,50.99,27.57,50.99,50.99,23.42
ITM-000003373,ORD-00002460,PRD-00016,1,129.99,78.72,129.99,129.99,51.27
ITM-000003374,ORD-00002461,PRD-00098,3,199.49,113.09,598.47,598.47,259.2
ITM-000003375,ORD-00002462,PRD-00056,1,135.49,71.03,135.49,135.49,64.46
ITM-000003376,ORD-00002462,PRD-00053,1,47.99,23.38,47.99,47.99,24.61
ITM-000003377,ORD-00002463,PRD-00017,1,244.99,144.79,244.99,244.99,100.2
ITM-000003378,ORD-00002464,PRD-00015,1,205.99,123.35,205.99,205.99,82.64
ITM-000003379,ORD-00002464,PRD-00022,1,49.99,20.52,49.99,49.99,29.47
ITM-000003380,ORD-00002465,PRD-00036,1,73.99,30.02,73.99,73.99,43.97
ITM-000003381,ORD-00002465,PRD-00004,1,294.49,168.07,294.49,294.49,126.42
ITM-000003382,ORD-00002466,PRD-00080,1,87.99,32.75,87.99,87.99,55.24
ITM-000003383,ORD-00002466,PRD-00053,1,47.99,23.38,47.99,47.99,24.61
ITM-000003384,ORD-00002467,PRD-00056,1,135.49,71.03,135.49,135.49,64.46
ITM-000003385,ORD-00002468,PRD-00016,1,129.99,78.72,129.99,129.99,51.27
ITM-000003386,ORD-00002468,PRD-00026,1,94.99,41.91,94.99,94.99,53.08
ITM-000003387,ORD-00002469,PRD-00097,1,167.49,87.54,167.49,167.49,79.95
ITM-000003388,ORD-00002469,PRD-00043,1,105.99,49.95,105.99,105.99,56.04
ITM-000003389,ORD-00002470,PRD-00003,1,350.49,212.61,350.49,350.49,137.88
ITM-000003390,ORD-00002471,PRD-00069,1,51.99,14.6,51.99,51.99,37.39
ITM-000003391,ORD-00002472,PRD-00076,2,62.99,25.51,125.98,125.98,74.96
ITM-000003392,ORD-00002473,PRD-00003,1,350.49,212.61,350.49,350.49,137.88
ITM-000003393,ORD-00002474,PRD-00025,2,55.99,23.35,111.98,111.98,65.28
ITM-000003394,ORD-00002475,PRD-00041,1,180.99,84.81,180.99,180.99,96.18
ITM-000003395,ORD-00002476,PRD-00085,1,105.99,56.37,105.99,105.99,49.62
ITM-000003396,ORD-00002477,PRD-00086,1,140.99,72.94,140.99,140.99,68.05
ITM-000003397,ORD-00002478,PRD-00094,1,245.99,110.0,245.99,245.99,135.99
ITM-000003398,ORD-00002479,PRD-00071,1,86.99,31.3,86.99,86.99,55.69
ITM-000003399,ORD-00002480,PRD-00012,1,374.49,207.75,374.49,374.49,166.74
ITM-000003400,ORD-00002481,PRD-00085,1,105.99,56.37,105.99,105.99,49.62
ITM-000003401,ORD-00002482,PRD-00063,1,70.49,27.76,70.49,70.49,42.73
ITM-000003402,ORD-00002482,PRD-00070,1,64.99,25.31,64.99,64.99,39.68
ITM-000003403,ORD-00002483,PRD-00096,1,199.99,116.57,199.99,199.99,83.42
ITM-000003404,ORD-00002484,PRD-00068,3,37.49,12.61,112.47,112.47,74.64
ITM-000003405,ORD-00002485,PRD-00019,1,339.99,208.97,339.99,339.99,131.02
ITM-000003406,ORD-00002485,PRD-00026,1,94.99,41.91,94.99,94.99,53.08
ITM-000003407,ORD-00002486,PRD-00063,1,70.49,27.76,70.49,70.49,42.73
ITM-000003408,ORD-00002487,PRD-00085,1,105.99,56.37,105.99,105.99,49.62
ITM-000003409,ORD-00002487,PRD-00029,1,94.49,33.63,94.49,94.49,60.86
ITM-000003410,ORD-00002487,PRD-00053,1,47.99,23.38,47.99,47.99,24.61
ITM-000003411,ORD-00002488,PRD-00010,1,207.99,120.07,207.99,207.99,87.92
ITM-000003412,ORD-00002489,PRD-00059,1,47.49,23.54,47.49,47.49,23.95
ITM-000003413,ORD-00002490,PRD-00086,1,140.99,72.94,140.99,140.99,68.05
ITM-000003414,ORD-00002491,PRD-00057,3,146.49,75.56,439.47,439.47,212.79
ITM-000003415,ORD-00002491,PRD-00093,1,227.99,111.71,227.99,227.99,116.28
ITM-000003416,ORD-00002491,PRD-00020,2,271.99,147.22,543.98,543.98,249.54
ITM-000003417,ORD-00002492,PRD-00045,1,83.49,36.38,83.49,83.49,47.11
ITM-000003418,ORD-00002493,PRD-00048,1,33.49,15.83,33.49,33.49,17.66
ITM-000003419,ORD-00002494,PRD-00029,1,94.49,33.63,94.49,94.49,60.86
ITM-000003420,ORD-00002494,PRD-00064,1,24.99,6.91,24.99,24.99,18.08
ITM-000003421,ORD-00002495,PRD-00026,2,94.99,41.91,189.98,189.98,106.16
ITM-000003422,ORD-00002496,PRD-00036,2,73.99,30.02,147.98,147.98,87.94
ITM-000003423,ORD-00002497,PRD-00046,1,113.49,52.53,113.49,113.49,60.96
ITM-000003424,ORD-00002498,PRD-00012,1,374.49,207.75,374.49,374.49,166.74
ITM-000003425,ORD-00002499,PRD-00084,1,31.99,15.58,31.99,31.99,16.41
ITM-000003426,ORD-00002500,PRD-00090,1,232.99,113.86,232.99,232.99,119.13
ITM-000003427,ORD-00002501,PRD-00093,1,227.99,111.71,227.99,227.99,116.28
ITM-000003428,ORD-00002502,PRD-00071,2,86.99,31.3,173.98,173.98,111.38
ITM-000003429,ORD-00002502,PRD-00094,1,245.99,110.0,245.99,245.99,135.99
ITM-000003430,ORD-00002503,PRD-00046,1,113.49,52.53,113.49,113.49,60.96
ITM-000003431,ORD-00002504,PRD-00034,1,34.99,12.79,34.99,34.99,22.2
ITM-000003432,ORD-00002505,PRD-00037,1,41.99,15.18,41.99,41.99,26.81
ITM-000003433,ORD-00002506,PRD-00039,1,40.99,18.26,40.99,40.99,22.73
ITM-000003434,ORD-00002507,PRD-00014,1,337.99,200.36,337.99,337.99,137.63
ITM-000003435,ORD-00002508,PRD-00022,1,49.99,20.52,49.99,49.99,29.47
ITM-000003436,ORD-00002509,PRD-00013,1,275.99,176.16,275.99,275.99,99.83
ITM-000003437,ORD-00002510,PRD-00030,1,67.99,29.21,67.99,67.99,38.78
ITM-000003438,ORD-00002511,PRD-00004,1,294.49,168.07,294.49,294.49,126.42
ITM-000003439,ORD-00002511,PRD-00015,1,205.99,123.35,205.99,205.99,82.64
ITM-000003440,ORD-00002512,PRD-00046,1,113.49,52.53,113.49,113.49,60.96
ITM-000003441,ORD-00002512,PRD-00034,1,34.99,12.79,34.99,34.99,22.2
ITM-000003442,ORD-00002513,PRD-00075,1,56.99,20.25,56.99,56.99,36.74
ITM-000003443,ORD-00002514,PRD-00052,1,118.49,48.71,118.49,118.49,69.78
ITM-000003444,ORD-00002514,PRD-00086,1,140.99,72.94,140.99,140.99,68.05
ITM-000003445,ORD-00002515,PRD-00040,3,98.99,45.24,296.97,296.97,161.25
ITM-000003446,ORD-00002516,PRD-00016,1,129.99,78.72,129.99,129.99,51.27
ITM-000003447,ORD-00002517,PRD-00072,1,36.99,11.8,36.99,36.99,25.19
ITM-000003448,ORD-00002518,PRD-00062,1,68.49,27.5,68.49,68.49,40.99
ITM-000003449,ORD-00002519,PRD-00013,1,275.99,176.16,275.99,275.99,99.83
ITM-000003450,ORD-00002519,PRD-00065,2,24.99,5.84,49.98,49.98,38.3
ITM-000003451,ORD-00002520,PRD-00007,1,316.99,172.8,316.99,316.99,144.19
ITM-000003452,ORD-00002521,PRD-00013,1,275.99,176.16,275.99,275.99,99.83
ITM-000003453,ORD-00002522,PRD-00025,1,55.99,23.35,55.99,55.99,32.64
ITM-000003454,ORD-00002523,PRD-00018,2,72.99,37.97,145.98,145.98,70.04
ITM-000003455,ORD-00002524,PRD-00016,1,129.99,78.72,129.99,129.99,51.27
ITM-000003456,ORD-00002525,PRD-00099,1,50.99,27.57,50.99,50.99,23.42
ITM-000003457,ORD-00002526,PRD-00049,1,162.99,86.22,162.99,162.99,76.77
ITM-000003458,ORD-00002527,PRD-00012,1,374.49,207.75,374.49,374.49,166.74
ITM-000003459,ORD-00002527,PRD-00097,1,167.49,87.54,167.49,167.49,79.95
ITM-000003460,ORD-00002528,PRD-00059,1,47.49,23.54,47.49,47.49,23.95
ITM-000003461,ORD-00002529,PRD-00076,1,62.99,25.51,62.99,62.99,37.48
ITM-000003462,ORD-00002529,PRD-00089,1,31.99,18.14,31.99,31.99,13.85
ITM-000003463,ORD-00002530,PRD-00032,1,42.49,17.54,42.49,42.49,24.95
ITM-000003464,ORD-00002531,PRD-00080,1,87.99,32.75,87.99,87.99,55.24
ITM-000003465,ORD-00002531,PRD-00059,1,47.49,23.54,47.49,47.49,23.95
ITM-000003466,ORD-00002532,PRD-00073,1,84.49,28.1,84.49,84.49,56.39
ITM-000003467,ORD-00002533,PRD-00052,1,118.49,48.71,118.49,118.49,69.78
ITM-000003468,ORD-00002534,PRD-00004,1,294.49,168.07,294.49,294.49,126.42
ITM-000003469,ORD-00002535,PRD-00017,1,244.99,144.79,244.99,244.99,100.2
ITM-000003470,ORD-00002536,PRD-00080,1,87.99,32.75,87.99,87.99,55.24
ITM-000003471,ORD-00002537,PRD-00030,2,67.99,29.21,135.98,135.98,77.56
ITM-000003472,ORD-00002538,PRD-00075,1,56.99,20.25,56.99,56.99,36.74
ITM-000003473,ORD-00002539,PRD-00026,1,94.99,41.91,94.99,94.99,53.08
ITM-000003474,ORD-00002540,PRD-00039,1,40.99,18.26,40.99,40.99,22.73
ITM-000003475,ORD-00002541,PRD-00017,1,244.99,144.79,244.99,244.99,100.2
ITM-000003476,ORD-00002541,PRD-00080,1,87.99,32.75,87.99,87.99,55.24
ITM-000003477,ORD-00002542,PRD-00046,1,113.49,52.53,113.49,113.49,60.96
ITM-000003478,ORD-00002542,PRD-00024,1,54.99,26.28,54.99,54.99,28.71
ITM-000003479,ORD-00002542,PRD-00084,1,31.99,15.58,31.99,31.99,16.41
ITM-000003480,ORD-00002543,PRD-00056,1,135.49,71.03,135.49,135.49,64.46
ITM-000003481,ORD-00002544,PRD-00088,1,211.99,101.84,211.99,211.99,110.15
ITM-000003482,ORD-00002545,PRD-00089,2,31.99,18.14,63.98,63.98,27.7
ITM-000003483,ORD-00002546,PRD-00099,1,50.99,27.57,50.99,50.99,23.42
ITM-000003484,ORD-00002547,PRD-00086,1,140.99,72.94,140.99,140.99,68.05
ITM-000003485,ORD-00002547,PRD-00076,2,62.99,25.51,125.98,125.98,74.96
ITM-000003486,ORD-00002548,PRD-00016,1,129.99,78.72,129.99,129.99,51.27
ITM-000003487,ORD-00002549,PRD-00031,1,110.99,51.16,110.99,110.99,59.83
ITM-000003488,ORD-00002550,PRD-00035,1,100.99,39.04,100.99,100.99,61.95
ITM-000003489,ORD-00002551,PRD-00028,1,107.49,45.05,107.49,107.49,62.44
ITM-000003490,ORD-00002552,PRD-00069,2,51.99,14.6,103.98,103.98,74.78
ITM-000003491,ORD-00002552,PRD-00036,1,73.99,30.02,73.99,73.99,43.97
ITM-000003492,ORD-00002553,PRD-00060,1,176.49,84.75,176.49,176.49,91.74
ITM-000003493,ORD-00002553,PRD-00011,1,179.99,102.31,179.99,179.99,77.68
ITM-000003494,ORD-00002554,PRD-00015,1,205.99,123.35,205.99,205.99,82.64
ITM-000003495,ORD-00002555,PRD-00041,1,180.99,84.81,180.99,180.99,96.18
ITM-000003496,ORD-00002555,PRD-00019,1,339.99,208.97,339.99,339.99,131.02
ITM-000003497,ORD-00002555,PRD-00094,1,245.99,110.0,245.99,245.99,135.99
ITM-000003498,ORD-00002556,PRD-00019,1,339.99,208.97,339.99,339.99,131.02
ITM-000003499,ORD-00002557,PRD-00049,1,162.99,86.22,162.99,162.99,76.77
ITM-000003500,ORD-00002558,PRD-00078,1,25.99,9.37,25.99,25.99,16.62
ITM-000003501,ORD-00002558,PRD-00026,1,94.99,41.91,94.99,94.99,53.08
ITM-000003502,ORD-00002559,PRD-00078,1,25.99,9.37,25.99,25.99,16.62
ITM-000003503,ORD-00002559,PRD-00049,1,162.99,86.22,162.99,162.99,76.77
ITM-000003504,ORD-00002560,PRD-00040,1,98.99,45.24,98.99,98.99,53.75
ITM-000003505,ORD-00002561,PRD-00071,1,86.99,31.3,86.99,86.99,55.69
ITM-000003506,ORD-00002562,PRD-00068,1,37.49,12.61,37.49,37.49,24.88
ITM-000003507,ORD-00002563,PRD-00072,1,36.99,11.8,36.99,36.99,25.19
ITM-000003508,ORD-00002564,PRD-00084,1,31.99,15.58,31.99,31.99,16.41
ITM-000003509,ORD-00002565,PRD-00034,1,34.99,12.79,34.99,34.99,22.2
ITM-000003510,ORD-00002565,PRD-00092,1,214.99,101.72,214.99,214.99,113.27
ITM-000003511,ORD-00002566,PRD-00031,1,110.99,51.16,110.99,110.99,59.83
ITM-000003512,ORD-00002567,PRD-00076,1,62.99,25.51,62.99,62.99,37.48
ITM-000003513,ORD-00002568,PRD-00064,1,24.99,6.91,24.99,24.99,18.08
ITM-000003514,ORD-00002568,PRD-00082,1,151.49,68.21,151.49,151.49,83.28
ITM-000003515,ORD-00002568,PRD-00059,3,47.49,23.54,142.47,142.47,71.85
ITM-000003516,ORD-00002569,PRD-00060,2,176.49,84.75,352.98,352.98,183.48
ITM-000003517,ORD-00002570,PRD-00044,1,72.99,36.23,72.99,72.99,36.76
ITM-000003518,ORD-00002571,PRD-00028,1,107.49,45.05,107.49,107.49,62.44
ITM-000003519,ORD-00002572,PRD-00089,1,31.99,18.14,31.99,31.99,13.85
ITM-000003520,ORD-00002573,PRD-00047,1,100.99,42.27,100.99,100.99,58.72
ITM-000003521,ORD-00002574,PRD-00053,1,47.99,23.38,47.99,47.99,24.61
ITM-000003522,ORD-00002574,PRD-00056,2,135.49,71.03,270.98,270.98,128.92
ITM-000003523,ORD-00002575,PRD-00028,1,107.49,45.05,107.49,107.49,62.44
ITM-000003524,ORD-00002576,PRD-00055,1,74.99,31.61,74.99,74.99,43.38
ITM-000003525,ORD-00002577,PRD-00011,1,179.99,102.31,179.99,179.99,77.68
ITM-000003526,ORD-00002578,PRD-00037,1,41.99,15.18,41.99,41.99,26.81
ITM-000003527,ORD-00002579,PRD-00039,1,40.99,18.26,40.99,40.99,22.73
ITM-000003528,ORD-00002580,PRD-00030,1,67.99,29.21,67.99,67.99,38.78
ITM-000003529,ORD-00002581,PRD-00098,1,199.49,113.09,199.49,199.49,86.4
ITM-000003530,ORD-00002582,PRD-00057,1,146.49,75.56,146.49,146.49,70.93
ITM-000003531,ORD-00002583,PRD-00037,1,41.99,15.18,41.99,41.99,26.81
ITM-000003532,ORD-00002584,PRD-00022,3,49.99,20.52,149.97,149.97,88.41
ITM-000003533,ORD-00002585,PRD-00079,1,46.49,15.84,46.49,46.49,30.65
ITM-000003534,ORD-00002586,PRD-00064,1,24.99,6.91,24.99,24.99,18.08
ITM-000003535,ORD-00002587,PRD-00095,1,204.99,100.6,204.99,204.99,104.39
ITM-000003536,ORD-00002587,PRD-00072,1,36.99,11.8,36.99,36.99,25.19
ITM-000003537,ORD-00002588,PRD-00065,1,24.99,5.84,24.99,24.99,19.15
ITM-000003538,ORD-00002589,PRD-00052,3,118.49,48.71,355.47,355.47,209.34
ITM-000003539,ORD-00002590,PRD-00079,1,46.49,15.84,46.49,46.49,30.65
ITM-000003540,ORD-00002591,PRD-00009,1,94.99,52.51,94.99,94.99,42.48
ITM-000003541,ORD-00002592,PRD-00018,1,72.99,37.97,72.99,72.99,35.02
ITM-000003542,ORD-00002593,PRD-00065,1,24.99,5.84,24.99,24.99,19.15
ITM-000003543,ORD-00002594,PRD-00010,1,207.99,120.07,207.99,207.99,87.92
ITM-000003544,ORD-00002595,PRD-00023,1,31.99,14.2,31.99,31.99,17.79
ITM-000003545,ORD-00002595,PRD-00064,1,24.99,6.91,24.99,24.99,18.08
ITM-000003546,ORD-00002596,PRD-00041,3,180.99,84.81,542.97,542.97,288.54
ITM-000003547,ORD-00002596,PRD-00003,1,350.49,212.61,350.49,350.49,137.88
ITM-000003548,ORD-00002597,PRD-00075,1,56.99,20.25,56.99,56.99,36.74
ITM-000003549,ORD-00002597,PRD-00085,1,105.99,56.37,105.99,105.99,49.62
ITM-000003550,ORD-00002598,PRD-00023,1,31.99,14.2,31.99,31.99,17.79
ITM-000003551,ORD-00002599,PRD-00072,1,36.99,11.8,36.99,36.99,25.19
ITM-000003552,ORD-00002599,PRD-00081,1,77.99,39.19,77.99,77.99,38.8
ITM-000003553,ORD-00002600,PRD-00044,2,72.99,36.23,145.98,145.98,73.52
ITM-000003554,ORD-00002600,PRD-00088,1,211.99,101.84,211.99,211.99,110.15
ITM-000003555,ORD-00002601,PRD-00002,1,203.99,113.88,203.99,203.99,90.11
ITM-000003556,ORD-00002602,PRD-00014,1,337.99,200.36,337.99,337.99,137.63
ITM-000003557,ORD-00002603,PRD-00028,1,107.49,45.05,107.49,107.49,62.44
ITM-000003558,ORD-00002603,PRD-00063,3,70.49,27.76,211.47,211.47,128.19
ITM-000003559,ORD-00002604,PRD-00023,1,31.99,14.2,31.99,31.99,17.79
ITM-000003560,ORD-00002605,PRD-00053,1,47.99,23.38,47.99,47.99,24.61
ITM-000003561,ORD-00002605,PRD-00066,1,84.99,33.73,84.99,84.99,51.26
ITM-000003562,ORD-00002606,PRD-00036,1,73.99,30.02,73.99,73.99,43.97
ITM-000003563,ORD-00002607,PRD-00045,2,83.49,36.38,166.98,166.98,94.22
ITM-000003564,ORD-00002608,PRD-00011,1,179.99,102.31,179.99,179.99,77.68
ITM-000003565,ORD-00002609,PRD-00035,1,100.99,39.04,100.99,100.99,61.95
ITM-000003566,ORD-00002610,PRD-00060,1,176.49,84.75,176.49,176.49,91.74
ITM-000003567,ORD-00002610,PRD-00099,1,50.99,27.57,50.99,50.99,23.42
ITM-000003568,ORD-00002611,PRD-00019,1,339.99,208.97,339.99,339.99,131.02
ITM-000003569,ORD-00002611,PRD-00090,1,232.99,113.86,232.99,232.99,119.13
ITM-000003570,ORD-00002612,PRD-00019,1,339.99,208.97,339.99,339.99,131.02
ITM-000003571,ORD-00002612,PRD-00070,2,64.99,25.31,129.98,129.98,79.36
ITM-000003572,ORD-00002612,PRD-00025,1,55.99,23.35,55.99,55.99,32.64
ITM-000003573,ORD-00002613,PRD-00076,1,62.99,25.51,62.99,62.99,37.48
ITM-000003574,ORD-00002613,PRD-00091,1,42.99,22.68,42.99,42.99,20.31
ITM-000003575,ORD-00002613,PRD-00097,1,167.49,87.54,167.49,167.49,79.95
ITM-000003576,ORD-00002614,PRD-00083,1,115.99,58.28,115.99,115.99,57.71
ITM-000003577,ORD-00002615,PRD-00071,2,86.99,31.3,173.98,173.98,111.38
ITM-000003578,ORD-00002616,PRD-00061,2,75.99,20.12,151.98,151.98,111.74
ITM-000003579,ORD-00002617,PRD-00090,1,232.99,113.86,232.99,232.99,119.13
ITM-000003580,ORD-00002617,PRD-00036,2,73.99,30.02,147.98,147.98,87.94
ITM-000003581,ORD-00002618,PRD-00026,1,94.99,41.91,94.99,94.99,53.08
ITM-000003582,ORD-00002619,PRD-00098,2,199.49,113.09,398.98,398.98,172.8
ITM-000003583,ORD-00002620,PRD-00082,1,151.49,68.21,151.49,151.49,83.28
ITM-000003584,ORD-00002621,PRD-00089,1,31.99,18.14,31.99,31.99,13.85
ITM-000003585,ORD-00002621,PRD-00062,1,68.49,27.5,68.49,68.49,40.99
ITM-000003586,ORD-00002622,PRD-00031,1,110.99,51.16,110.99,110.99,59.83
ITM-000003587,ORD-00002623,PRD-00018,1,72.99,37.97,72.99,72.99,35.02
ITM-000003588,ORD-00002624,PRD-00044,1,72.99,36.23,72.99,72.99,36.76
ITM-000003589,ORD-00002625,PRD-00066,1,84.99,33.73,84.99,84.99,51.26
ITM-000003590,ORD-00002625,PRD-00062,1,68.49,27.5,68.49,68.49,40.99
ITM-000003591,ORD-00002626,PRD-00006,1,391.99,223.93,391.99,391.99,168.06
ITM-000003592,ORD-00002627,PRD-00055,1,74.99,31.61,74.99,74.99,43.38
ITM-000003593,ORD-00002627,PRD-00095,3,204.99,100.6,614.97,614.97,313.17
ITM-000003594,ORD-00002628,PRD-00032,1,42.49,17.54,42.49,42.49,24.95
ITM-000003595,ORD-00002629,PRD-00003,2,350.49,212.61,700.98,700.98,275.76
ITM-000003596,ORD-00002630,PRD-00012,1,374.49,207.75,374.49,374.49,166.74
ITM-000003597,ORD-00002630,PRD-00053,1,47.99,23.38,47.99,47.99,24.61
ITM-000003598,ORD-00002630,PRD-00066,1,84.99,33.73,84.99,84.99,51.26
ITM-000003599,ORD-00002631,PRD-00010,1,207.99,120.07,207.99,207.99,87.92
ITM-000003600,ORD-00002632,PRD-00060,1,176.49,84.75,176.49,176.49,91.74
ITM-000003601,ORD-00002633,PRD-00083,1,115.99,58.28,115.99,115.99,57.71
ITM-000003602,ORD-00002634,PRD-00083,1,115.99,58.28,115.99,115.99,57.71
ITM-000003603,ORD-00002634,PRD-00003,2,350.49,212.61,700.98,700.98,275.76
ITM-000003604,ORD-00002635,PRD-00048,1,33.49,15.83,33.49,33.49,17.66
ITM-000003605,ORD-00002636,PRD-00060,1,176.49,84.75,176.49,176.49,91.74
ITM-000003606,ORD-00002637,PRD-00015,2,205.99,123.35,411.98,411.98,165.28
ITM-000003607,ORD-00002638,PRD-00074,1,16.99,6.2,16.99,16.99,10.79
ITM-000003608,ORD-00002639,PRD-00096,1,199.99,116.57,199.99,199.99,83.42
ITM-000003609,ORD-00002640,PRD-00031,1,110.99,51.16,110.99,110.99,59.83
ITM-000003610,ORD-00002640,PRD-00057,1,146.49,75.56,146.49,146.49,70.93
ITM-000003611,ORD-00002641,PRD-00079,1,46.49,15.84,46.49,46.49,30.65
ITM-000003612,ORD-00002642,PRD-00002,1,203.99,113.88,203.99,203.99,90.11
ITM-000003613,ORD-00002643,PRD-00075,1,56.99,20.25,56.99,56.99,36.74
ITM-000003614,ORD-00002644,PRD-00071,1,86.99,31.3,86.99,86.99,55.69
ITM-000003615,ORD-00002645,PRD-00018,2,72.99,37.97,145.98,145.98,70.04
ITM-000003616,ORD-00002645,PRD-00077,1,22.99,8.27,22.99,22.99,14.72
ITM-000003617,ORD-00002646,PRD-00097,1,167.49,87.54,167.49,167.49,79.95
ITM-000003618,ORD-00002647,PRD-00055,1,74.99,31.61,74.99,74.99,43.38
ITM-000003619,ORD-00002648,PRD-00066,2,84.99,33.73,169.98,169.98,102.52
ITM-000003620,ORD-00002649,PRD-00088,1,211.99,101.84,211.99,211.99,110.15
ITM-000003621,ORD-00002650,PRD-00048,2,33.49,15.83,66.98,66.98,35.32
ITM-000003622,ORD-00002651,PRD-00055,1,74.99,31.61,74.99,74.99,43.38
ITM-000003623,ORD-00002651,PRD-00067,1,44.99,16.41,44.99,44.99,28.58
ITM-000003624,ORD-00002652,PRD-00018,1,72.99,37.97,72.99,72.99,35.02
ITM-000003625,ORD-00002652,PRD-00034,1,34.99,12.79,34.99,34.99,22.2
ITM-000003626,ORD-00002653,PRD-00096,1,199.99,116.57,199.99,199.99,83.42
ITM-000003627,ORD-00002653,PRD-00088,3,211.99,101.84,635.97,635.97,330.45
ITM-000003628,ORD-00002654,PRD-00078,1,25.99,9.37,25.99,25.99,16.62
ITM-000003629,ORD-00002655,PRD-00048,1,33.49,15.83,33.49,33.49,17.66
ITM-000003630,ORD-00002655,PRD-00026,1,94.99,41.91,94.99,94.99,53.08
ITM-000003631,ORD-00002656,PRD-00027,1,83.99,34.49,83.99,83.99,49.5
ITM-000003632,ORD-00002656,PRD-00024,1,54.99,26.28,54.99,54.99,28.71
ITM-000003633,ORD-00002657,PRD-00040,1,98.99,45.24,98.99,98.99,53.75
ITM-000003634,ORD-00002657,PRD-00082,1,151.49,68.21,151.49,151.49,83.28
ITM-000003635,ORD-00002658,PRD-00095,1,204.99,100.6,204.99,204.99,104.39
ITM-000003636,ORD-00002659,PRD-00083,1,115.99,58.28,115.99,115.99,57.71
ITM-000003637,ORD-00002659,PRD-00088,1,211.99,101.84,211.99,211.99,110.15
ITM-000003638,ORD-00002659,PRD-00091,1,42.99,22.68,42.99,42.99,20.31
ITM-000003639,ORD-00002660,PRD-00014,1,337.99,200.36,337.99,337.99,137.63
ITM-000003640,ORD-00002660,PRD-00096,1,199.99,116.57,199.99,199.99,83.42
ITM-000003641,ORD-00002661,PRD-00058,1,152.99,69.5,152.99,152.99,83.49
ITM-000003642,ORD-00002661,PRD-00070,1,64.99,25.31,64.99,64.99,39.68
ITM-000003643,ORD-00002662,PRD-00008,2,325.99,186.16,651.98,651.98,279.66
ITM-000003644,ORD-00002663,PRD-00059,1,47.49,23.54,47.49,47.49,23.95
ITM-000003645,ORD-00002664,PRD-00100,1,143.99,66.17,143.99,143.99,77.82
ITM-000003646,ORD-00002665,PRD-00065,1,24.99,5.84,24.99,24.99,19.15
ITM-000003647,ORD-00002665,PRD-00007,1,316.99,172.8,316.99,316.99,144.19
ITM-000003648,ORD-00002665,PRD-00001,1,320.99,176.63,320.99,320.99,144.36
ITM-000003649,ORD-00002666,PRD-00014,1,337.99,200.36,337.99,337.99,137.63
ITM-000003650,ORD-00002667,PRD-00030,1,67.99,29.21,67.99,67.99,38.78
ITM-000003651,ORD-00002667,PRD-00025,2,55.99,23.35,111.98,111.98,65.28
ITM-000003652,ORD-00002668,PRD-00022,1,49.99,20.52,49.99,49.99,29.47
ITM-000003653,ORD-00002669,PRD-00086,1,140.99,72.94,140.99,140.99,68.05
ITM-000003654,ORD-00002669,PRD-00053,1,47.99,23.38,47.99,47.99,24.61
ITM-000003655,ORD-00002670,PRD-00002,1,203.99,113.88,203.99,203.99,90.11
ITM-000003656,ORD-00002670,PRD-00084,1,31.99,15.58,31.99,31.99,16.41
ITM-000003657,ORD-00002671,PRD-00012,1,374.49,207.75,374.49,374.49,166.74
ITM-000003658,ORD-00002672,PRD-00016,1,129.99,78.72,129.99,129.99,51.27
ITM-000003659,ORD-00002673,PRD-00039,1,40.99,18.26,40.99,40.99,22.73
ITM-000003660,ORD-00002674,PRD-00025,1,55.99,23.35,55.99,55.99,32.64
ITM-000003661,ORD-00002674,PRD-00088,1,211.99,101.84,211.99,211.99,110.15
ITM-000003662,ORD-00002675,PRD-00018,1,72.99,37.97,72.99,72.99,35.02
ITM-000003663,ORD-00002675,PRD-00035,1,100.99,39.04,100.99,100.99,61.95
ITM-000003664,ORD-00002676,PRD-00037,1,41.99,15.18,41.99,41.99,26.81
ITM-000003665,ORD-00002676,PRD-00068,1,37.49,12.61,37.49,37.49,24.88
ITM-000003666,ORD-00002677,PRD-00069,1,51.99,14.6,51.99,51.99,37.39
ITM-000003667,ORD-00002678,PRD-00066,1,84.99,33.73,84.99,84.99,51.26
ITM-000003668,ORD-00002679,PRD-00059,1,47.49,23.54,47.49,47.49,23.95
ITM-000003669,ORD-00002680,PRD-00065,1,24.99,5.84,24.99,24.99,19.15
ITM-000003670,ORD-00002680,PRD-00019,1,339.99,208.97,339.99,339.99,131.02
ITM-000003671,ORD-00002681,PRD-00092,1,214.99,101.72,214.99,214.99,113.27
ITM-000003672,ORD-00002682,PRD-00014,1,337.99,200.36,337.99,337.99,137.63
ITM-000003673,ORD-00002683,PRD-00088,1,211.99,101.84,211.99,211.99,110.15
ITM-000003674,ORD-00002683,PRD-00007,2,316.99,172.8,633.98,633.98,288.38
ITM-000003675,ORD-00002683,PRD-00095,1,204.99,100.6,204.99,204.99,104.39
ITM-000003676,ORD-00002684,PRD-00021,1,114.99,46.3,114.99,114.99,68.69
ITM-000003677,ORD-00002685,PRD-00056,1,135.49,71.03,135.49,135.49,64.46
ITM-000003678,ORD-00002686,PRD-00024,1,54.99,26.28,54.99,54.99,28.71
ITM-000003679,ORD-00002687,PRD-00065,1,24.99,5.84,24.99,24.99,19.15
ITM-000003680,ORD-00002687,PRD-00081,1,77.99,39.19,77.99,77.99,38.8
ITM-000003681,ORD-00002688,PRD-00049,1,162.99,86.22,162.99,162.99,76.77
ITM-000003682,ORD-00002688,PRD-00032,1,42.49,17.54,42.49,42.49,24.95
ITM-000003683,ORD-00002688,PRD-00057,1,146.49,75.56,146.49,146.49,70.93
ITM-000003684,ORD-00002689,PRD-00070,1,64.99,25.31,64.99,64.99,39.68
ITM-000003685,ORD-00002690,PRD-00052,2,118.49,48.71,236.98,236.98,139.56
ITM-000003686,ORD-00002691,PRD-00024,1,54.99,26.28,54.99,54.99,28.71
ITM-000003687,ORD-00002692,PRD-00082,1,151.49,68.21,151.49,151.49,83.28
ITM-000003688,ORD-00002693,PRD-00091,1,42.99,22.68,42.99,42.99,20.31
ITM-000003689,ORD-00002694,PRD-00068,3,37.49,12.61,112.47,112.47,74.64
ITM-000003690,ORD-00002695,PRD-00096,1,199.99,116.57,199.99,199.99,83.42
ITM-000003691,ORD-00002696,PRD-00046,2,113.49,52.53,226.98,226.98,121.92
ITM-000003692,ORD-00002697,PRD-00055,1,74.99,31.61,74.99,74.99,43.38
ITM-000003693,ORD-00002698,PRD-00029,1,94.49,33.63,94.49,94.49,60.86
ITM-000003694,ORD-00002698,PRD-00093,1,227.99,111.71,227.99,227.99,116.28
ITM-000003695,ORD-00002698,PRD-00010,1,207.99,120.07,207.99,207.99,87.92
ITM-000003696,ORD-00002699,PRD-00079,1,46.49,15.84,46.49,46.49,30.65
ITM-000003697,ORD-00002700,PRD-00036,1,73.99,30.02,73.99,73.99,43.97
ITM-000003698,ORD-00002701,PRD-00059,1,47.49,23.54,47.49,47.49,23.95
ITM-000003699,ORD-00002702,PRD-00074,1,16.99,6.2,16.99,16.99,10.79
ITM-000003700,ORD-00002703,PRD-00020,2,271.99,147.22,543.98,543.98,249.54
ITM-000003701,ORD-00002704,PRD-00051,1,52.99,21.94,52.99,52.99,31.05
ITM-000003702,ORD-00002704,PRD-00055,1,74.99,31.61,74.99,74.99,43.38
ITM-000003703,ORD-00002705,PRD-00043,1,105.99,49.95,105.99,105.99,56.04
ITM-000003704,ORD-00002706,PRD-00042,1,121.99,52.18,121.99,121.99,69.81
ITM-000003705,ORD-00002706,PRD-00094,1,245.99,110.0,245.99,245.99,135.99
ITM-000003706,ORD-00002707,PRD-00071,1,86.99,31.3,86.99,86.99,55.69
ITM-000003707,ORD-00002707,PRD-00056,1,135.49,71.03,135.49,135.49,64.46
ITM-000003708,ORD-00002708,PRD-00017,2,244.99,144.79,489.98,489.98,200.4
ITM-000003709,ORD-00002709,PRD-00045,1,83.49,36.38,83.49,83.49,47.11
ITM-000003710,ORD-00002710,PRD-00026,1,94.99,41.91,94.99,94.99,53.08
ITM-000003711,ORD-00002710,PRD-00018,2,72.99,37.97,145.98,145.98,70.04
ITM-000003712,ORD-00002711,PRD-00053,1,47.99,23.38,47.99,47.99,24.61
ITM-000003713,ORD-00002712,PRD-00084,1,31.99,15.58,31.99,31.99,16.41
ITM-000003714,ORD-00002713,PRD-00024,1,54.99,26.28,54.99,54.99,28.71
ITM-000003715,ORD-00002713,PRD-00062,1,68.49,27.5,68.49,68.49,40.99
ITM-000003716,ORD-00002714,PRD-00045,1,83.49,36.38,83.49,83.49,47.11
ITM-000003717,ORD-00002715,PRD-00051,1,52.99,21.94,52.99,52.99,31.05
ITM-000003718,ORD-00002716,PRD-00032,2,42.49,17.54,84.98,84.98,49.9
ITM-000003719,ORD-00002716,PRD-00083,1,115.99,58.28,115.99,115.99,57.71
ITM-000003720,ORD-00002717,PRD-00080,1,87.99,32.75,87.99,87.99,55.24
ITM-000003721,ORD-00002718,PRD-00075,1,56.99,20.25,56.99,56.99,36.74
ITM-000003722,ORD-00002718,PRD-00020,1,271.99,147.22,271.99,271.99,124.77
ITM-000003723,ORD-00002718,PRD-00082,1,151.49,68.21,151.49,151.49,83.28
ITM-000003724,ORD-00002719,PRD-00086,1,140.99,72.94,140.99,140.99,68.05
ITM-000003725,ORD-00002720,PRD-00038,1,77.49,36.23,77.49,77.49,41.26
ITM-000003726,ORD-00002720,PRD-00079,1,46.49,15.84,46.49,46.49,30.65
ITM-000003727,ORD-00002721,PRD-00028,1,107.49,45.05,107.49,107.49,62.44
ITM-000003728,ORD-00002722,PRD-00062,2,68.49,27.5,136.98,136.98,81.98
ITM-000003729,ORD-00002722,PRD-00087,2,43.99,24.1,87.98,87.98,39.78
ITM-000003730,ORD-00002723,PRD-00084,1,31.99,15.58,31.99,31.99,16.41
ITM-000003731,ORD-00002724,PRD-00006,2,391.99,223.93,783.98,783.98,336.12
ITM-000003732,ORD-00002725,PRD-00090,1,232.99,113.86,232.99,232.99,119.13
ITM-000003733,ORD-00002726,PRD-00069,1,51.99,14.6,51.99,51.99,37.39
ITM-000003734,ORD-00002727,PRD-00099,2,50.99,27.57,101.98,101.98,46.84
ITM-000003735,ORD-00002727,PRD-00027,1,83.99,34.49,83.99,83.99,49.5
ITM-000003736,ORD-00002728,PRD-00066,1,84.99,33.73,84.99,84.99,51.26
ITM-000003737,ORD-00002729,PRD-00017,2,244.99,144.79,489.98,489.98,200.4
ITM-000003738,ORD-00002729,PRD-00008,1,325.99,186.16,325.99,325.99,139.83
ITM-000003739,ORD-00002730,PRD-00042,1,121.99,52.18,121.99,121.99,69.81
ITM-000003740,ORD-00002731,PRD-00063,2,70.49,27.76,140.98,140.98,85.46
ITM-000003741,ORD-00002732,PRD-00063,1,70.49,27.76,70.49,70.49,42.73
ITM-000003742,ORD-00002732,PRD-00095,1,204.99,100.6,204.99,204.99,104.39
ITM-000003743,ORD-00002733,PRD-00012,1,374.49,207.75,374.49,374.49,166.74
ITM-000003744,ORD-00002734,PRD-00008,1,325.99,186.16,325.99,325.99,139.83
ITM-000003745,ORD-00002734,PRD-00069,1,51.99,14.6,51.99,51.99,37.39
ITM-000003746,ORD-00002735,PRD-00062,1,68.49,27.5,68.49,68.49,40.99
ITM-000003747,ORD-00002736,PRD-00098,1,199.49,113.09,199.49,199.49,86.4
ITM-000003748,ORD-00002736,PRD-00023,1,31.99,14.2,31.99,31.99,17.79
ITM-000003749,ORD-00002737,PRD-00090,1,232.99,113.86,232.99,232.99,119.13
ITM-000003750,ORD-00002738,PRD-00023,1,31.99,14.2,31.99,31.99,17.79
ITM-000003751,ORD-00002739,PRD-00080,1,87.99,32.75,87.99,87.99,55.24
ITM-000003752,ORD-00002739,PRD-00058,2,152.99,69.5,305.98,305.98,166.98
ITM-000003753,ORD-00002740,PRD-00091,1,42.99,22.68,42.99,42.99,20.31
ITM-000003754,ORD-00002741,PRD-00059,1,47.49,23.54,47.49,47.49,23.95
ITM-000003755,ORD-00002742,PRD-00081,2,77.99,39.19,155.98,155.98,77.6
ITM-000003756,ORD-00002743,PRD-00050,1,173.99,93.04,173.99,173.99,80.95
ITM-000003757,ORD-00002744,PRD-00021,1,114.99,46.3,114.99,114.99,68.69
ITM-000003758,ORD-00002745,PRD-00031,3,110.99,51.16,332.97,332.97,179.49
ITM-000003759,ORD-00002745,PRD-00056,1,135.49,71.03,135.49,135.49,64.46
ITM-000003760,ORD-00002746,PRD-00080,1,87.99,32.75,87.99,87.99,55.24
ITM-000003761,ORD-00002747,PRD-00098,1,199.49,113.09,199.49,199.49,86.4
ITM-000003762,ORD-00002748,PRD-00022,1,49.99,20.52,49.99,49.99,29.47
ITM-000003763,ORD-00002749,PRD-00054,1,137.99,68.35,137.99,137.99,69.64
ITM-000003764,ORD-00002750,PRD-00029,1,94.49,33.63,94.49,94.49,60.86
ITM-000003765,ORD-00002751,PRD-00004,1,294.49,168.07,294.49,294.49,126.42
ITM-000003766,ORD-00002752,PRD-00085,1,105.99,56.37,105.99,105.99,49.62
ITM-000003767,ORD-00002753,PRD-00051,1,52.99,21.94,52.99,52.99,31.05
ITM-000003768,ORD-00002754,PRD-00047,1,100.99,42.27,100.99,100.99,58.72
ITM-000003769,ORD-00002754,PRD-00046,1,113.49,52.53,113.49,113.49,60.96
ITM-000003770,ORD-00002755,PRD-00056,1,135.49,71.03,135.49,135.49,64.46
ITM-000003771,ORD-00002756,PRD-00016,1,129.99,78.72,129.99,129.99,51.27
ITM-000003772,ORD-00002757,PRD-00098,1,199.49,113.09,199.49,199.49,86.4
ITM-000003773,ORD-00002758,PRD-00087,1,43.99,24.1,43.99,43.99,19.89
ITM-000003774,ORD-00002758,PRD-00044,3,72.99,36.23,218.97,218.97,110.28
ITM-000003775,ORD-00002759,PRD-00030,2,67.99,29.21,135.98,135.98,77.56
ITM-000003776,ORD-00002760,PRD-00083,1,115.99,58.28,115.99,115.99,57.71
ITM-000003777,ORD-00002761,PRD-00050,1,173.99,93.04,173.99,173.99,80.95
ITM-000003778,ORD-00002762,PRD-00061,2,75.99,20.12,151.98,151.98,111.74
ITM-000003779,ORD-00002763,PRD-00049,1,162.99,86.22,162.99,162.99,76.77
ITM-000003780,ORD-00002764,PRD-00033,1,27.99,11.51,27.99,27.99,16.48
ITM-000003781,ORD-00002765,PRD-00013,1,275.99,176.16,275.99,275.99,99.83
ITM-000003782,ORD-00002766,PRD-00019,1,339.99,208.97,339.99,339.99,131.02
ITM-000003783,ORD-00002767,PRD-00068,1,37.49,12.61,37.49,37.49,24.88
ITM-000003784,ORD-00002768,PRD-00054,1,137.99,68.35,137.99,137.99,69.64
ITM-000003785,ORD-00002769,PRD-00072,2,36.99,11.8,73.98,73.98,50.38
ITM-000003786,ORD-00002770,PRD-00080,1,87.99,32.75,87.99,87.99,55.24
ITM-000003787,ORD-00002771,PRD-00055,2,74.99,31.61,149.98,149.98,86.76
ITM-000003788,ORD-00002772,PRD-00096,1,199.99,116.57,199.99,199.99,83.42
ITM-000003789,ORD-00002773,PRD-00032,1,42.49,17.54,42.49,42.49,24.95
ITM-000003790,ORD-00002774,PRD-00059,1,47.49,23.54,47.49,47.49,23.95
ITM-000003791,ORD-00002775,PRD-00080,2,87.99,32.75,175.98,175.98,110.48
ITM-000003792,ORD-00002775,PRD-00028,1,107.49,45.05,107.49,107.49,62.44
ITM-000003793,ORD-00002776,PRD-00060,1,176.49,84.75,176.49,176.49,91.74
ITM-000003794,ORD-00002777,PRD-00063,2,70.49,27.76,140.98,140.98,85.46
ITM-000003795,ORD-00002778,PRD-00085,1,105.99,56.37,105.99,105.99,49.62
ITM-000003796,ORD-00002779,PRD-00030,1,67.99,29.21,67.99,67.99,38.78
ITM-000003797,ORD-00002780,PRD-00006,1,391.99,223.93,391.99,391.99,168.06
ITM-000003798,ORD-00002781,PRD-00071,2,86.99,31.3,173.98,173.98,111.38
ITM-000003799,ORD-00002781,PRD-00088,1,211.99,101.84,211.99,211.99,110.15
ITM-000003800,ORD-00002781,PRD-00099,1,50.99,27.57,50.99,50.99,23.42
ITM-000003801,ORD-00002782,PRD-00084,2,31.99,15.58,63.98,63.98,32.82
ITM-000003802,ORD-00002783,PRD-00003,2,350.49,212.61,700.98,700.98,275.76
ITM-000003803,ORD-00002784,PRD-00082,1,151.49,68.21,151.49,151.49,83.28
ITM-000003804,ORD-00002785,PRD-00019,1,339.99,208.97,339.99,339.99,131.02
ITM-000003805,ORD-00002785,PRD-00093,2,227.99,111.71,455.98,455.98,232.56
ITM-000003806,ORD-00002786,PRD-00092,1,214.99,101.72,214.99,214.99,113.27
ITM-000003807,ORD-00002786,PRD-00037,1,41.99,15.18,41.99,41.99,26.81
ITM-000003808,ORD-00002786,PRD-00008,1,325.99,186.16,325.99,325.99,139.83
ITM-000003809,ORD-00002787,PRD-00079,1,46.49,15.84,46.49,46.49,30.65
ITM-000003810,ORD-00002787,PRD-00049,1,162.99,86.22,162.99,162.99,76.77
ITM-000003811,ORD-00002788,PRD-00092,1,214.99,101.72,214.99,214.99,113.27
ITM-000003812,ORD-00002789,PRD-00017,1,244.99,144.79,244.99,244.99,100.2
ITM-000003813,ORD-00002790,PRD-00059,1,47.49,23.54,47.49,47.49,23.95
ITM-000003814,ORD-00002791,PRD-00068,1,37.49,12.61,37.49,37.49,24.88
ITM-000003815,ORD-00002791,PRD-00002,1,203.99,113.88,203.99,203.99,90.11
ITM-000003816,ORD-00002791,PRD-00050,1,173.99,93.04,173.99,173.99,80.95
ITM-000003817,ORD-00002792,PRD-00080,1,87.99,32.75,87.99,87.99,55.24
ITM-000003818,ORD-00002793,PRD-00085,1,105.99,56.37,105.99,105.99,49.62
ITM-000003819,ORD-00002793,PRD-00073,1,84.49,28.1,84.49,84.49,56.39
ITM-000003820,ORD-00002794,PRD-00046,1,113.49,52.53,113.49,113.49,60.96
ITM-000003821,ORD-00002795,PRD-00069,1,51.99,14.6,51.99,51.99,37.39
ITM-000003822,ORD-00002795,PRD-00034,1,34.99,12.79,34.99,34.99,22.2
ITM-000003823,ORD-00002796,PRD-00028,1,107.49,45.05,107.49,107.49,62.44
ITM-000003824,ORD-00002797,PRD-00086,2,140.99,72.94,281.98,281.98,136.1
ITM-000003825,ORD-00002798,PRD-00036,1,73.99,30.02,73.99,73.99,43.97
ITM-000003826,ORD-00002799,PRD-00092,1,214.99,101.72,214.99,214.99,113.27
ITM-000003827,ORD-00002799,PRD-00089,1,31.99,18.14,31.99,31.99,13.85
ITM-000003828,ORD-00002800,PRD-00062,1,68.49,27.5,68.49,68.49,40.99
ITM-000003829,ORD-00002800,PRD-00092,1,214.99,101.72,214.99,214.99,113.27
ITM-000003830,ORD-00002800,PRD-00017,1,244.99,144.79,244.99,244.99,100.2
ITM-000003831,ORD-00002801,PRD-00064,1,24.99,6.91,24.99,24.99,18.08
ITM-000003832,ORD-00002802,PRD-00046,1,113.49,52.53,113.49,113.49,60.96
ITM-000003833,ORD-00002803,PRD-00015,1,205.99,123.35,205.99,205.99,82.64
ITM-000003834,ORD-00002803,PRD-00084,2,31.99,15.58,63.98,63.98,32.82
ITM-000003835,ORD-00002803,PRD-00021,1,114.99,46.3,114.99,114.99,68.69
ITM-000003836,ORD-00002804,PRD-00033,1,27.99,11.51,27.99,27.99,16.48
ITM-000003837,ORD-00002805,PRD-00100,1,143.99,66.17,143.99,143.99,77.82
ITM-000003838,ORD-00002806,PRD-00040,1,98.99,45.24,98.99,98.99,53.75
ITM-000003839,ORD-00002807,PRD-00021,1,114.99,46.3,114.99,114.99,68.69
ITM-000003840,ORD-00002808,PRD-00088,1,211.99,101.84,211.99,211.99,110.15
ITM-000003841,ORD-00002809,PRD-00007,1,316.99,172.8,316.99,316.99,144.19
ITM-000003842,ORD-00002809,PRD-00069,1,51.99,14.6,51.99,51.99,37.39
ITM-000003843,ORD-00002810,PRD-00080,1,87.99,32.75,87.99,87.99,55.24
ITM-000003844,ORD-00002810,PRD-00072,1,36.99,11.8,36.99,36.99,25.19
ITM-000003845,ORD-00002810,PRD-00046,1,113.49,52.53,113.49,113.49,60.96
ITM-000003846,ORD-00002811,PRD-00016,1,129.99,78.72,129.99,129.99,51.27
ITM-000003847,ORD-00002812,PRD-00007,1,316.99,172.8,316.99,316.99,144.19
ITM-000003848,ORD-00002813,PRD-00058,1,152.99,69.5,152.99,152.99,83.49
ITM-000003849,ORD-00002814,PRD-00098,1,199.49,113.09,199.49,199.49,86.4
ITM-000003850,ORD-00002815,PRD-00048,1,33.49,15.83,33.49,33.49,17.66
ITM-000003851,ORD-00002815,PRD-00022,1,49.99,20.52,49.99,49.99,29.47
ITM-000003852,ORD-00002816,PRD-00049,1,162.99,86.22,162.99,162.99,76.77
ITM-000003853,ORD-00002816,PRD-00074,1,16.99,6.2,16.99,16.99,10.79
ITM-000003854,ORD-00002816,PRD-00036,2,73.99,30.02,147.98,147.98,87.94
ITM-000003855,ORD-00002817,PRD-00030,2,67.99,29.21,135.98,135.98,77.56
ITM-000003856,ORD-00002818,PRD-00077,2,22.99,8.27,45.98,45.98,29.44
ITM-000003857,ORD-00002818,PRD-00020,2,271.99,147.22,543.98,543.98,249.54
ITM-000003858,ORD-00002819,PRD-00071,2,86.99,31.3,173.98,173.98,111.38
ITM-000003859,ORD-00002820,PRD-00084,1,31.99,15.58,31.99,31.99,16.41
ITM-000003860,ORD-00002820,PRD-00028,1,107.49,45.05,107.49,107.49,62.44
ITM-000003861,ORD-00002820,PRD-00016,1,129.99,78.72,129.99,129.99,51.27
ITM-000003862,ORD-00002821,PRD-00051,1,52.99,21.94,52.99,52.99,31.05
ITM-000003863,ORD-00002821,PRD-00083,1,115.99,58.28,115.99,115.99,57.71
ITM-000003864,ORD-00002822,PRD-00028,1,107.49,45.05,107.49,107.49,62.44
ITM-000003865,ORD-00002822,PRD-00052,3,118.49,48.71,355.47,355.47,209.34
ITM-000003866,ORD-00002823,PRD-00100,1,143.99,66.17,143.99,143.99,77.82
ITM-000003867,ORD-00002824,PRD-00037,2,41.99,15.18,83.98,83.98,53.62
ITM-000003868,ORD-00002824,PRD-00038,1,77.49,36.23,77.49,77.49,41.26
ITM-000003869,ORD-00002825,PRD-00047,1,100.99,42.27,100.99,100.99,58.72
ITM-000003870,ORD-00002826,PRD-00100,1,143.99,66.17,143.99,143.99,77.82
ITM-000003871,ORD-00002827,PRD-00092,1,214.99,101.72,214.99,214.99,113.27
ITM-000003872,ORD-00002827,PRD-00092,1,214.99,101.72,214.99,214.99,113.27
ITM-000003873,ORD-00002828,PRD-00048,2,33.49,15.83,66.98,66.98,35.32
ITM-000003874,ORD-00002829,PRD-00026,1,94.99,41.91,94.99,94.99,53.08
ITM-000003875,ORD-00002830,PRD-00052,1,118.49,48.71,118.49,118.49,69.78
ITM-000003876,ORD-00002831,PRD-00025,1,55.99,23.35,55.99,55.99,32.64
ITM-000003877,ORD-00002832,PRD-00073,3,84.49,28.1,253.47,253.47,169.17
ITM-000003878,ORD-00002833,PRD-00051,1,52.99,21.94,52.99,52.99,31.05
ITM-000003879,ORD-00002834,PRD-00079,1,46.49,15.84,46.49,46.49,30.65
ITM-000003880,ORD-00002835,PRD-00014,1,337.99,200.36,337.99,337.99,137.63
ITM-000003881,ORD-00002836,PRD-00088,1,211.99,101.84,211.99,211.99,110.15
ITM-000003882,ORD-00002836,PRD-00040,1,98.99,45.24,98.99,98.99,53.75
ITM-000003883,ORD-00002837,PRD-00024,1,54.99,26.28,54.99,54.99,28.71
ITM-000003884,ORD-00002837,PRD-00019,1,339.99,208.97,339.99,339.99,131.02
ITM-000003885,ORD-00002838,PRD-00033,1,27.99,11.51,27.99,27.99,16.48
ITM-000003886,ORD-00002839,PRD-00078,1,25.99,9.37,25.99,25.99,16.62
ITM-000003887,ORD-00002840,PRD-00076,1,62.99,25.51,62.99,62.99,37.48
ITM-000003888,ORD-00002840,PRD-00022,1,49.99,20.52,49.99,49.99,29.47
ITM-000003889,ORD-00002841,PRD-00052,1,118.49,48.71,118.49,118.49,69.78
ITM-000003890,ORD-00002842,PRD-00031,1,110.99,51.16,110.99,110.99,59.83
ITM-000003891,ORD-00002843,PRD-00057,1,146.49,75.56,146.49,146.49,70.93
ITM-000003892,ORD-00002844,PRD-00067,1,44.99,16.41,44.99,44.99,28.58
ITM-000003893,ORD-00002844,PRD-00022,1,49.99,20.52,49.99,49.99,29.47
ITM-000003894,ORD-00002845,PRD-00008,1,325.99,186.16,325.99,325.99,139.83
ITM-000003895,ORD-00002846,PRD-00071,1,86.99,31.3,86.99,86.99,55.69
ITM-000003896,ORD-00002847,PRD-00035,1,100.99,39.04,100.99,100.99,61.95
ITM-000003897,ORD-00002847,PRD-00034,1,34.99,12.79,34.99,34.99,22.2
ITM-000003898,ORD-00002848,PRD-00058,1,152.99,69.5,152.99,152.99,83.49
ITM-000003899,ORD-00002849,PRD-00067,2,44.99,16.41,89.98,89.98,57.16
ITM-000003900,ORD-00002849,PRD-00017,1,244.99,144.79,244.99,244.99,100.2
ITM-000003901,ORD-00002849,PRD-00015,1,205.99,123.35,205.99,205.99,82.64
ITM-000003902,ORD-00002850,PRD-00074,1,16.99,6.2,16.99,16.99,10.79
ITM-000003903,ORD-00002851,PRD-00002,1,203.99,113.88,203.99,203.99,90.11
ITM-000003904,ORD-00002851,PRD-00036,2,73.99,30.02,147.98,147.98,87.94
ITM-000003905,ORD-00002852,PRD-00011,1,179.99,102.31,179.99,179.99,77.68
ITM-000003906,ORD-00002852,PRD-00087,1,43.99,24.1,43.99,43.99,19.89
ITM-000003907,ORD-00002853,PRD-00046,1,113.49,52.53,113.49,113.49,60.96
ITM-000003908,ORD-00002854,PRD-00066,1,84.99,33.73,84.99,84.99,51.26
ITM-000003909,ORD-00002854,PRD-00006,1,391.99,223.93,391.99,391.99,168.06
ITM-000003910,ORD-00002855,PRD-00003,2,350.49,212.61,700.98,700.98,275.76
ITM-000003911,ORD-00002855,PRD-00015,2,205.99,123.35,411.98,411.98,165.28
ITM-000003912,ORD-00002856,PRD-00005,1,82.99,47.75,82.99,82.99,35.24
ITM-000003913,ORD-00002857,PRD-00058,3,152.99,69.5,458.97,458.97,250.47
ITM-000003914,ORD-00002857,PRD-00085,1,105.99,56.37,105.99,105.99,49.62
ITM-000003915,ORD-00002858,PRD-00065,2,24.99,5.84,49.98,49.98,38.3
ITM-000003916,ORD-00002859,PRD-00072,1,36.99,11.8,36.99,36.99,25.19
ITM-000003917,ORD-00002860,PRD-00077,1,22.99,8.27,22.99,22.99,14.72
ITM-000003918,ORD-00002861,PRD-00037,2,41.99,15.18,83.98,83.98,53.62
ITM-000003919,ORD-00002861,PRD-00084,1,31.99,15.58,31.99,31.99,16.41
ITM-000003920,ORD-00002862,PRD-00071,1,86.99,31.3,86.99,86.99,55.69
ITM-000003921,ORD-00002863,PRD-00012,1,374.49,207.75,374.49,374.49,166.74
ITM-000003922,ORD-00002864,PRD-00091,1,42.99,22.68,42.99,42.99,20.31
ITM-000003923,ORD-00002865,PRD-00023,1,31.99,14.2,31.99,31.99,17.79
ITM-000003924,ORD-00002865,PRD-00066,1,84.99,33.73,84.99,84.99,51.26
ITM-000003925,ORD-00002866,PRD-00057,1,146.49,75.56,146.49,146.49,70.93
ITM-000003926,ORD-00002866,PRD-00045,1,83.49,36.38,83.49,83.49,47.11
ITM-000003927,ORD-00002867,PRD-00037,1,41.99,15.18,41.99,41.99,26.81
ITM-000003928,ORD-00002867,PRD-00032,1,42.49,17.54,42.49,42.49,24.95
ITM-000003929,ORD-00002867,PRD-00003,1,350.49,212.61,350.49,350.49,137.88
ITM-000003930,ORD-00002868,PRD-00066,1,84.99,33.73,84.99,84.99,51.26
ITM-000003931,ORD-00002868,PRD-00098,1,199.49,113.09,199.49,199.49,86.4
ITM-000003932,ORD-00002868,PRD-00093,1,227.99,111.71,227.99,227.99,116.28
ITM-000003933,ORD-00002869,PRD-00074,1,16.99,6.2,16.99,16.99,10.79
ITM-000003934,ORD-00002870,PRD-00060,1,176.49,84.75,176.49,176.49,91.74
ITM-000003935,ORD-00002871,PRD-00028,2,107.49,45.05,214.98,214.98,124.88
ITM-000003936,ORD-00002872,PRD-00033,1,27.99,11.51,27.99,27.99,16.48
ITM-000003937,ORD-00002872,PRD-00083,2,115.99,58.28,231.98,231.98,115.42
ITM-000003938,ORD-00002872,PRD-00071,1,86.99,31.3,86.99,86.99,55.69
ITM-000003939,ORD-00002873,PRD-00014,1,337.99,200.36,337.99,337.99,137.63
ITM-000003940,ORD-00002873,PRD-00076,1,62.99,25.51,62.99,62.99,37.48
ITM-000003941,ORD-00002874,PRD-00014,1,337.99,200.36,337.99,337.99,137.63
ITM-000003942,ORD-00002875,PRD-00020,1,271.99,147.22,271.99,271.99,124.77
ITM-000003943,ORD-00002876,PRD-00080,2,87.99,32.75,175.98,175.98,110.48
ITM-000003944,ORD-00002877,PRD-00018,2,72.99,37.97,145.98,145.98,70.04
ITM-000003945,ORD-00002878,PRD-00095,1,204.99,100.6,204.99,204.99,104.39
ITM-000003946,ORD-00002879,PRD-00096,1,199.99,116.57,199.99,199.99,83.42
ITM-000003947,ORD-00002880,PRD-00007,1,316.99,172.8,316.99,316.99,144.19
ITM-000003948,ORD-00002881,PRD-00050,2,173.99,93.04,347.98,347.98,161.9
ITM-000003949,ORD-00002882,PRD-00080,1,87.99,32.75,87.99,87.99,55.24
ITM-000003950,ORD-00002883,PRD-00093,1,227.99,111.71,227.99,227.99,116.28
ITM-000003951,ORD-00002884,PRD-00003,2,350.49,212.61,700.98,700.98,275.76
ITM-000003952,ORD-00002884,PRD-00079,3,46.49,15.84,139.47,139.47,91.95
ITM-000003953,ORD-00002885,PRD-00082,1,151.49,68.21,151.49,151.49,83.28
ITM-000003954,ORD-00002885,PRD-00022,1,49.99,20.52,49.99,49.99,29.47
ITM-000003955,ORD-00002886,PRD-00096,1,199.99,116.57,199.99,199.99,83.42
ITM-000003956,ORD-00002886,PRD-00037,1,41.99,15.18,41.99,41.99,26.81
ITM-000003957,ORD-00002887,PRD-00095,2,204.99,100.6,409.98,409.98,208.78
ITM-000003958,ORD-00002887,PRD-00017,1,244.99,144.79,244.99,244.99,100.2
ITM-000003959,ORD-00002888,PRD-00021,1,114.99,46.3,114.99,114.99,68.69
ITM-000003960,ORD-00002889,PRD-00016,1,129.99,78.72,129.99,129.99,51.27
ITM-000003961,ORD-00002889,PRD-00033,1,27.99,11.51,27.99,27.99,16.48
ITM-000003962,ORD-00002890,PRD-00084,1,31.99,15.58,31.99,31.99,16.41
ITM-000003963,ORD-00002891,PRD-00078,1,25.99,9.37,25.99,25.99,16.62
ITM-000003964,ORD-00002892,PRD-00096,1,199.99,116.57,199.99,199.99,83.42
ITM-000003965,ORD-00002893,PRD-00097,1,167.49,87.54,167.49,167.49,79.95
ITM-000003966,ORD-00002894,PRD-00041,1,180.99,84.81,180.99,180.99,96.18
ITM-000003967,ORD-00002895,PRD-00033,1,27.99,11.51,27.99,27.99,16.48
ITM-000003968,ORD-00002896,PRD-00003,1,350.49,212.61,350.49,350.49,137.88
ITM-000003969,ORD-00002897,PRD-00012,1,374.49,207.75,374.49,374.49,166.74
ITM-000003970,ORD-00002898,PRD-00005,1,82.99,47.75,82.99,82.99,35.24
ITM-000003971,ORD-00002899,PRD-00028,1,107.49,45.05,107.49,107.49,62.44
ITM-000003972,ORD-00002900,PRD-00028,1,107.49,45.05,107.49,107.49,62.44
ITM-000003973,ORD-00002901,PRD-00058,1,152.99,69.5,152.99,152.99,83.49
ITM-000003974,ORD-00002901,PRD-00015,1,205.99,123.35,205.99,205.99,82.64
ITM-000003975,ORD-00002902,PRD-00009,1,94.99,52.51,94.99,94.99,42.48
ITM-000003976,ORD-00002903,PRD-00099,1,50.99,27.57,50.99,50.99,23.42
ITM-000003977,ORD-00002904,PRD-00033,1,27.99,11.51,27.99,27.99,16.48
ITM-000003978,ORD-00002905,PRD-00065,1,24.99,5.84,24.99,24.99,19.15
ITM-000003979,ORD-00002906,PRD-00091,1,42.99,22.68,42.99,42.99,20.31
ITM-000003980,ORD-00002907,PRD-00036,1,73.99,30.02,73.99,73.99,43.97
ITM-000003981,ORD-00002907,PRD-00065,1,24.99,5.84,24.99,24.99,19.15
ITM-000003982,ORD-00002908,PRD-00078,1,25.99,9.37,25.99,25.99,16.62
ITM-000003983,ORD-00002908,PRD-00074,1,16.99,6.2,16.99,16.99,10.79
ITM-000003984,ORD-00002909,PRD-00025,2,55.99,23.35,111.98,111.98,65.28
ITM-000003985,ORD-00002910,PRD-00080,1,87.99,32.75,87.99,87.99,55.24
ITM-000003986,ORD-00002911,PRD-00081,1,77.99,39.19,77.99,77.99,38.8
ITM-000003987,ORD-00002912,PRD-00052,1,118.49,48.71,118.49,118.49,69.78
ITM-000003988,ORD-00002912,PRD-00076,1,62.99,25.51,62.99,62.99,37.48
ITM-000003989,ORD-00002912,PRD-00007,1,316.99,172.8,316.99,316.99,144.19
ITM-000003990,ORD-00002913,PRD-00064,1,24.99,6.91,24.99,24.99,18.08
ITM-000003991,ORD-00002914,PRD-00084,3,31.99,15.58,95.97,95.97,49.23
ITM-000003992,ORD-00002915,PRD-00018,1,72.99,37.97,72.99,72.99,35.02
ITM-000003993,ORD-00002916,PRD-00042,1,121.99,52.18,121.99,121.99,69.81
ITM-000003994,ORD-00002916,PRD-00049,2,162.99,86.22,325.98,325.98,153.54
ITM-000003995,ORD-00002917,PRD-00026,1,94.99,41.91,94.99,94.99,53.08
ITM-000003996,ORD-00002918,PRD-00040,1,98.99,45.24,98.99,98.99,53.75
ITM-000003997,ORD-00002919,PRD-00099,1,50.99,27.57,50.99,50.99,23.42
ITM-000003998,ORD-00002920,PRD-00024,1,54.99,26.28,54.99,54.99,28.71
ITM-000003999,ORD-00002921,PRD-00013,1,275.99,176.16,275.99,275.99,99.83
ITM-000004000,ORD-00002921,PRD-00057,1,146.49,75.56,146.49,146.49,70.93
ITM-000004001,ORD-00002922,PRD-00046,2,113.49,52.53,226.98,226.98,121.92
ITM-000004002,ORD-00002923,PRD-00017,1,244.99,144.79,244.99,244.99,100.2
ITM-000004003,ORD-00002924,PRD-00005,1,82.99,47.75,82.99,82.99,35.24
ITM-000004004,ORD-00002925,PRD-00001,1,320.99,176.63,320.99,320.99,144.36
ITM-000004005,ORD-00002925,PRD-00091,1,42.99,22.68,42.99,42.99,20.31
ITM-000004006,ORD-00002925,PRD-00098,1,199.49,113.09,199.49,199.49,86.4
ITM-000004007,ORD-00002926,PRD-00089,1,31.99,18.14,31.99,31.99,13.85
ITM-000004008,ORD-00002927,PRD-00084,2,31.99,15.58,63.98,63.98,32.82
ITM-000004009,ORD-00002928,PRD-00078,1,25.99,9.37,25.99,25.99,16.62
ITM-000004010,ORD-00002928,PRD-00033,1,27.99,11.51,27.99,27.99,16.48
ITM-000004011,ORD-00002929,PRD-00035,1,100.99,39.04,100.99,100.99,61.95
ITM-000004012,ORD-00002930,PRD-00075,1,56.99,20.25,56.99,56.99,36.74
ITM-000004013,ORD-00002931,PRD-00035,1,100.99,39.04,100.99,100.99,61.95
ITM-000004014,ORD-00002931,PRD-00058,1,152.99,69.5,152.99,152.99,83.49
ITM-000004015,ORD-00002932,PRD-00024,1,54.99,26.28,54.99,54.99,28.71
ITM-000004016,ORD-00002933,PRD-00043,1,105.99,49.95,105.99,105.99,56.04
ITM-000004017,ORD-00002934,PRD-00071,1,86.99,31.3,86.99,86.99,55.69
ITM-000004018,ORD-00002935,PRD-00064,1,24.99,6.91,24.99,24.99,18.08
ITM-000004019,ORD-00002936,PRD-00067,1,44.99,16.41,44.99,44.99,28.58
ITM-000004020,ORD-00002936,PRD-00033,1,27.99,11.51,27.99,27.99,16.48
ITM-000004021,ORD-00002936,PRD-00078,1,25.99,9.37,25.99,25.99,16.62
ITM-000004022,ORD-00002937,PRD-00004,2,294.49,168.07,588.98,588.98,252.84
ITM-000004023,ORD-00002937,PRD-00063,1,70.49,27.76,70.49,70.49,42.73
ITM-000004024,ORD-00002938,PRD-00037,2,41.99,15.18,83.98,83.98,53.62
ITM-000004025,ORD-00002938,PRD-00077,1,22.99,8.27,22.99,22.99,14.72
ITM-000004026,ORD-00002939,PRD-00015,1,205.99,123.35,205.99,205.99,82.64
ITM-000004027,ORD-00002940,PRD-00069,1,51.99,14.6,51.99,51.99,37.39
ITM-000004028,ORD-00002941,PRD-00042,1,121.99,52.18,121.99,121.99,69.81
ITM-000004029,ORD-00002942,PRD-00069,1,51.99,14.6,51.99,51.99,37.39
ITM-000004030,ORD-00002943,PRD-00064,2,24.99,6.91,49.98,49.98,36.16
ITM-000004031,ORD-00002943,PRD-00023,1,31.99,14.2,31.99,31.99,17.79
ITM-000004032,ORD-00002944,PRD-00093,3,227.99,111.71,683.97,683.97,348.84
ITM-000004033,ORD-00002945,PRD-00084,1,31.99,15.58,31.99,31.99,16.41
ITM-000004034,ORD-00002946,PRD-00090,1,232.99,113.86,232.99,232.99,119.13
ITM-000004035,ORD-00002947,PRD-00021,1,114.99,46.3,114.99,114.99,68.69
ITM-000004036,ORD-00002947,PRD-00041,2,180.99,84.81,361.98,361.98,192.36
ITM-000004037,ORD-00002948,PRD-00077,1,22.99,8.27,22.99,22.99,14.72
ITM-000004038,ORD-00002949,PRD-00009,1,94.99,52.51,94.99,94.99,42.48
ITM-000004039,ORD-00002949,PRD-00046,1,113.49,52.53,113.49,113.49,60.96
ITM-000004040,ORD-00002950,PRD-00076,1,62.99,25.51,62.99,62.99,37.48
ITM-000004041,ORD-00002951,PRD-00073,1,84.49,28.1,84.49,84.49,56.39
ITM-000004042,ORD-00002951,PRD-00095,1,204.99,100.6,204.99,204.99,104.39
ITM-000004043,ORD-00002952,PRD-00033,2,27.99,11.51,55.98,55.98,32.96
ITM-000004044,ORD-00002953,PRD-00003,1,350.49,212.61,350.49,350.49,137.88
ITM-000004045,ORD-00002954,PRD-00080,1,87.99,32.75,87.99,87.99,55.24
ITM-000004046,ORD-00002954,PRD-00063,1,70.49,27.76,70.49,70.49,42.73
ITM-000004047,ORD-00002955,PRD-00082,2,151.49,68.21,302.98,302.98,166.56
ITM-000004048,ORD-00002955,PRD-00011,2,179.99,102.31,359.98,359.98,155.36
ITM-000004049,ORD-00002955,PRD-00031,1,110.99,51.16,110.99,110.99,59.83
ITM-000004050,ORD-00002956,PRD-00071,1,86.99,31.3,86.99,86.99,55.69
ITM-000004051,ORD-00002957,PRD-00011,1,179.99,102.31,179.99,179.99,77.68
ITM-000004052,ORD-00002957,PRD-00054,1,137.99,68.35,137.99,137.99,69.64
ITM-000004053,ORD-00002958,PRD-00016,1,129.99,78.72,129.99,129.99,51.27
ITM-000004054,ORD-00002959,PRD-00071,2,86.99,31.3,173.98,173.98,111.38
ITM-000004055,ORD-00002960,PRD-00032,1,42.49,17.54,42.49,42.49,24.95
ITM-000004056,ORD-00002961,PRD-00007,2,316.99,172.8,633.98,633.98,288.38
ITM-000004057,ORD-00002962,PRD-00080,1,87.99,32.75,87.99,87.99,55.24
ITM-000004058,ORD-00002963,PRD-00083,2,115.99,58.28,231.98,231.98,115.42
ITM-000004059,ORD-00002963,PRD-00018,1,72.99,37.97,72.99,72.99,35.02
ITM-000004060,ORD-00002964,PRD-00052,1,118.49,48.71,118.49,118.49,69.78
ITM-000004061,ORD-00002964,PRD-00085,1,105.99,56.37,105.99,105.99,49.62
ITM-000004062,ORD-00002965,PRD-00066,1,84.99,33.73,84.99,84.99,51.26
ITM-000004063,ORD-00002965,PRD-00077,2,22.99,8.27,45.98,45.98,29.44
ITM-000004064,ORD-00002966,PRD-00082,2,151.49,68.21,302.98,302.98,166.56
ITM-000004065,ORD-00002967,PRD-00075,1,56.99,20.25,56.99,56.99,36.74
ITM-000004066,ORD-00002968,PRD-00085,1,105.99,56.37,105.99,105.99,49.62
ITM-000004067,ORD-00002969,PRD-00025,1,55.99,23.35,55.99,55.99,32.64
ITM-000004068,ORD-00002970,PRD-00077,1,22.99,8.27,22.99,22.99,14.72
ITM-000004069,ORD-00002971,PRD-00045,2,83.49,36.38,166.98,166.98,94.22
ITM-000004070,ORD-00002972,PRD-00083,1,115.99,58.28,115.99,115.99,57.71
ITM-000004071,ORD-00002973,PRD-00043,3,105.99,49.95,317.97,317.97,168.12
ITM-000004072,ORD-00002974,PRD-00092,1,214.99,101.72,214.99,214.99,113.27
ITM-000004073,ORD-00002974,PRD-00086,1,140.99,72.94,140.99,140.99,68.05
ITM-000004074,ORD-00002975,PRD-00058,1,152.99,69.5,152.99,152.99,83.49
ITM-000004075,ORD-00002976,PRD-00022,1,49.99,20.52,49.99,49.99,29.47
ITM-000004076,ORD-00002977,PRD-00084,1,31.99,15.58,31.99,31.99,16.41
ITM-000004077,ORD-00002978,PRD-00050,1,173.99,93.04,173.99,173.99,80.95
ITM-000004078,ORD-00002978,PRD-00025,3,55.99,23.35,167.97,167.97,97.92
ITM-000004079,ORD-00002979,PRD-00073,1,84.49,28.1,84.49,84.49,56.39
ITM-000004080,ORD-00002980,PRD-00092,1,214.99,101.72,214.99,214.99,113.27
ITM-000004081,ORD-00002981,PRD-00055,1,74.99,31.61,74.99,74.99,43.38
ITM-000004082,ORD-00002982,PRD-00063,1,70.49,27.76,70.49,70.49,42.73
ITM-000004083,ORD-00002982,PRD-00003,1,350.49,212.61,350.49,350.49,137.88
ITM-000004084,ORD-00002983,PRD-00045,2,83.49,36.38,166.98,166.98,94.22
ITM-000004085,ORD-00002984,PRD-00053,2,47.99,23.38,95.98,95.98,49.22
ITM-000004086,ORD-00002985,PRD-00030,1,67.99,29.21,67.99,67.99,38.78
ITM-000004087,ORD-00002985,PRD-00100,1,143.99,66.17,143.99,143.99,77.82
ITM-000004088,ORD-00002986,PRD-00095,1,204.99,100.6,204.99,204.99,104.39
ITM-000004089,ORD-00002987,PRD-00093,2,227.99,111.71,455.98,455.98,232.56
ITM-000004090,ORD-00002988,PRD-00074,1,16.99,6.2,16.99,16.99,10.79
ITM-000004091,ORD-00002989,PRD-00045,1,83.49,36.38,83.49,83.49,47.11
ITM-000004092,ORD-00002990,PRD-00028,2,107.49,45.05,214.98,214.98,124.88
ITM-000004093,ORD-00002991,PRD-00085,1,105.99,56.37,105.99,105.99,49.62
ITM-000004094,ORD-00002992,PRD-00016,1,129.99,78.72,129.99,129.99,51.27
ITM-000004095,ORD-00002992,PRD-00037,1,41.99,15.18,41.99,41.99,26.81
ITM-000004096,ORD-00002993,PRD-00022,1,49.99,20.52,49.99,49.99,29.47
ITM-000004097,ORD-00002994,PRD-00051,1,52.99,21.94,52.99,52.99,31.05
ITM-000004098,ORD-00002995,PRD-00094,1,245.99,110.0,245.99,245.99,135.99
ITM-000004099,ORD-00002995,PRD-00078,1,25.99,9.37,25.99,25.99,16.62
ITM-000004100,ORD-00002996,PRD-00039,1,40.99,18.26,40.99,40.99,22.73
ITM-000004101,ORD-00002997,PRD-00034,1,34.99,12.79,34.99,34.99,22.2
ITM-000004102,ORD-00002997,PRD-00027,1,83.99,34.49,83.99,83.99,49.5
ITM-000004103,ORD-00002998,PRD-00063,1,70.49,27.76,70.49,70.49,42.73
ITM-000004104,ORD-00002999,PRD-00028,1,107.49,45.05,107.49,107.49,62.44
ITM-000004105,ORD-00003000,PRD-00037,1,41.99,15.18,41.99,41.99,26.81
ITM-000004106,ORD-00003001,PRD-00074,1,16.99,6.2,16.99,16.99,10.79
ITM-000004107,ORD-00003001,PRD-00049,1,162.99,86.22,162.99,162.99,76.77
ITM-000004108,ORD-00003001,PRD-00056,2,135.49,71.03,270.98,270.98,128.92
ITM-000004109,ORD-00003002,PRD-00017,1,244.99,144.79,244.99,244.99,100.2
ITM-000004110,ORD-00003002,PRD-00089,1,31.99,18.14,31.99,31.99,13.85
ITM-000004111,ORD-00003003,PRD-00090,1,232.99,113.86,232.99,232.99,119.13
ITM-000004112,ORD-00003004,PRD-00067,3,44.99,16.41,134.97,134.97,85.74
ITM-000004113,ORD-00003005,PRD-00009,1,94.99,52.51,94.99,94.99,42.48
ITM-000004114,ORD-00003005,PRD-00017,1,244.99,144.79,244.99,244.99,100.2
ITM-000004115,ORD-00003006,PRD-00047,1,100.99,42.27,100.99,100.99,58.72
ITM-000004116,ORD-00003006,PRD-00054,1,137.99,68.35,137.99,137.99,69.64
ITM-000004117,ORD-00003006,PRD-00042,1,121.99,52.18,121.99,121.99,69.81
ITM-000004118,ORD-00003007,PRD-00012,1,374.49,207.75,374.49,374.49,166.74
ITM-000004119,ORD-00003008,PRD-00031,1,110.99,51.16,110.99,110.99,59.83
ITM-000004120,ORD-00003009,PRD-00042,1,121.99,52.18,121.99,121.99,69.81
ITM-000004121,ORD-00003010,PRD-00039,1,40.99,18.26,40.99,40.99,22.73
ITM-000004122,ORD-00003010,PRD-00070,1,64.99,25.31,64.99,64.99,39.68
ITM-000004123,ORD-00003011,PRD-00051,1,52.99,21.94,52.99,52.99,31.05
ITM-000004124,ORD-00003012,PRD-00078,1,25.99,9.37,25.99,25.99,16.62
ITM-000004125,ORD-00003013,PRD-00066,2,84.99,33.73,169.98,169.98,102.52
ITM-000004126,ORD-00003013,PRD-00011,1,179.99,102.31,179.99,179.99,77.68
ITM-000004127,ORD-00003013,PRD-00060,1,176.49,84.75,176.49,176.49,91.74
ITM-000004128,ORD-00003014,PRD-00094,1,245.99,110.0,245.99,245.99,135.99
ITM-000004129,ORD-00003015,PRD-00045,2,83.49,36.38,166.98,166.98,94.22
ITM-000004130,ORD-00003015,PRD-00083,1,115.99,58.28,115.99,115.99,57.71
ITM-000004131,ORD-00003016,PRD-00002,1,203.99,113.88,203.99,203.99,90.11
ITM-000004132,ORD-00003017,PRD-00072,1,36.99,11.8,36.99,36.99,25.19
ITM-000004133,ORD-00003017,PRD-00081,1,77.99,39.19,77.99,77.99,38.8
ITM-000004134,ORD-00003018,PRD-00099,1,50.99,27.57,50.99,50.99,23.42
ITM-000004135,ORD-00003019,PRD-00078,1,25.99,9.37,25.99,25.99,16.62
ITM-000004136,ORD-00003020,PRD-00061,1,75.99,20.12,75.99,75.99,55.87
ITM-000004137,ORD-00003021,PRD-00042,1,121.99,52.18,121.99,121.99,69.81
ITM-000004138,ORD-00003021,PRD-00032,1,42.49,17.54,42.49,42.49,24.95
ITM-000004139,ORD-00003022,PRD-00010,1,207.99,120.07,207.99,207.99,87.92
ITM-000004140,ORD-00003023,PRD-00005,1,82.99,47.75,82.99,82.99,35.24
ITM-000004141,ORD-00003024,PRD-00061,1,75.99,20.12,75.99,75.99,55.87
ITM-000004142,ORD-00003025,PRD-00066,1,84.99,33.73,84.99,84.99,51.26
ITM-000004143,ORD-00003026,PRD-00041,1,180.99,84.81,180.99,180.99,96.18
ITM-000004144,ORD-00003027,PRD-00024,1,54.99,26.28,54.99,54.99,28.71
ITM-000004145,ORD-00003028,PRD-00038,2,77.49,36.23,154.98,154.98,82.52
ITM-000004146,ORD-00003028,PRD-00081,1,77.99,39.19,77.99,77.99,38.8
ITM-000004147,ORD-00003028,PRD-00098,1,199.49,113.09,199.49,199.49,86.4
ITM-000004148,ORD-00003029,PRD-00032,1,42.49,17.54,42.49,42.49,24.95
ITM-000004149,ORD-00003029,PRD-00006,1,391.99,223.93,391.99,391.99,168.06
ITM-000004150,ORD-00003030,PRD-00039,1,40.99,18.26,40.99,40.99,22.73
ITM-000004151,ORD-00003031,PRD-00021,1,114.99,46.3,114.99,114.99,68.69
ITM-000004152,ORD-00003032,PRD-00083,1,115.99,58.28,115.99,115.99,57.71
ITM-000004153,ORD-00003032,PRD-00025,1,55.99,23.35,55.99,55.99,32.64
ITM-000004154,ORD-00003033,PRD-00023,1,31.99,14.2,31.99,31.99,17.79
ITM-000004155,ORD-00003034,PRD-00064,2,24.99,6.91,49.98,49.98,36.16
ITM-000004156,ORD-00003035,PRD-00027,1,83.99,34.49,83.99,83.99,49.5
ITM-000004157,ORD-00003036,PRD-00095,2,204.99,100.6,409.98,409.98,208.78
ITM-000004158,ORD-00003037,PRD-00082,1,151.49,68.21,151.49,151.49,83.28
ITM-000004159,ORD-00003037,PRD-00062,1,68.49,27.5,68.49,68.49,40.99
ITM-000004160,ORD-00003037,PRD-00082,1,151.49,68.21,151.49,151.49,83.28
ITM-000004161,ORD-00003038,PRD-00025,1,55.99,23.35,55.99,55.99,32.64
ITM-000004162,ORD-00003039,PRD-00041,1,180.99,84.81,180.99,180.99,96.18
ITM-000004163,ORD-00003040,PRD-00073,1,84.49,28.1,84.49,84.49,56.39
ITM-000004164,ORD-00003041,PRD-00038,1,77.49,36.23,77.49,77.49,41.26
ITM-000004165,ORD-00003042,PRD-00018,1,72.99,37.97,72.99,72.99,35.02
ITM-000004166,ORD-00003042,PRD-00085,1,105.99,56.37,105.99,105.99,49.62
ITM-000004167,ORD-00003042,PRD-00049,2,162.99,86.22,325.98,325.98,153.54
ITM-000004168,ORD-00003043,PRD-00078,1,25.99,9.37,25.99,25.99,16.62
ITM-000004169,ORD-00003044,PRD-00021,1,114.99,46.3,114.99,114.99,68.69
ITM-000004170,ORD-00003044,PRD-00025,3,55.99,23.35,167.97,167.97,97.92
ITM-000004171,ORD-00003045,PRD-00027,1,83.99,34.49,83.99,83.99,49.5
ITM-000004172,ORD-00003045,PRD-00032,1,42.49,17.54,42.49,42.49,24.95
ITM-000004173,ORD-00003046,PRD-00083,1,115.99,58.28,115.99,115.99,57.71
ITM-000004174,ORD-00003046,PRD-00061,1,75.99,20.12,75.99,75.99,55.87
ITM-000004175,ORD-00003047,PRD-00043,2,105.99,49.95,211.98,211.98,112.08
ITM-000004176,ORD-00003047,PRD-00020,2,271.99,147.22,543.98,543.98,249.54
ITM-000004177,ORD-00003047,PRD-00016,1,129.99,78.72,129.99,129.99,51.27
ITM-000004178,ORD-00003048,PRD-00056,1,135.49,71.03,135.49,135.49,64.46
ITM-000004179,ORD-00003049,PRD-00007,1,316.99,172.8,316.99,316.99,144.19
ITM-000004180,ORD-00003050,PRD-00046,1,113.49,52.53,113.49,113.49,60.96
ITM-000004181,ORD-00003051,PRD-00090,1,232.99,113.86,232.99,232.99,119.13
ITM-000004182,ORD-00003052,PRD-00046,1,113.49,52.53,113.49,113.49,60.96
ITM-000004183,ORD-00003053,PRD-00083,1,115.99,58.28,115.99,115.99,57.71
ITM-000004184,ORD-00003054,PRD-00087,1,43.99,24.1,43.99,43.99,19.89
ITM-000004185,ORD-00003055,PRD-00027,1,83.99,34.49,83.99,83.99,49.5
ITM-000004186,ORD-00003056,PRD-00001,1,320.99,176.63,320.99,320.99,144.36
ITM-000004187,ORD-00003056,PRD-00001,1,320.99,176.63,320.99,320.99,144.36
ITM-000004188,ORD-00003057,PRD-00054,1,137.99,68.35,137.99,137.99,69.64
ITM-000004189,ORD-00003058,PRD-00098,1,199.49,113.09,199.49,199.49,86.4
ITM-000004190,ORD-00003059,PRD-00004,1,294.49,168.07,294.49,294.49,126.42
ITM-000004191,ORD-00003060,PRD-00064,1,24.99,6.91,24.99,24.99,18.08
ITM-000004192,ORD-00003060,PRD-00081,1,77.99,39.19,77.99,77.99,38.8
ITM-000004193,ORD-00003060,PRD-00039,1,40.99,18.26,40.99,40.99,22.73
ITM-000004194,ORD-00003061,PRD-00087,1,43.99,24.1,43.99,43.99,19.89
ITM-000004195,ORD-00003062,PRD-00051,1,52.99,21.94,52.99,52.99,31.05
ITM-000004196,ORD-00003063,PRD-00057,1,146.49,75.56,146.49,146.49,70.93
ITM-000004197,ORD-00003064,PRD-00030,1,67.99,29.21,67.99,67.99,38.78
ITM-000004198,ORD-00003065,PRD-00012,2,374.49,207.75,748.98,748.98,333.48
ITM-000004199,ORD-00003065,PRD-00061,2,75.99,20.12,151.98,151.98,111.74
ITM-000004200,ORD-00003065,PRD-00085,1,105.99,56.37,105.99,105.99,49.62
ITM-000004201,ORD-00003066,PRD-00006,1,391.99,223.93,391.99,391.99,168.06
ITM-000004202,ORD-00003067,PRD-00085,1,105.99,56.37,105.99,105.99,49.62
ITM-000004203,ORD-00003068,PRD-00049,2,162.99,86.22,325.98,325.98,153.54
ITM-000004204,ORD-00003068,PRD-00042,1,121.99,52.18,121.99,121.99,69.81
ITM-000004205,ORD-00003069,PRD-00013,1,275.99,176.16,275.99,275.99,99.83
ITM-000004206,ORD-00003070,PRD-00032,1,42.49,17.54,42.49,42.49,24.95
ITM-000004207,ORD-00003070,PRD-00073,1,84.49,28.1,84.49,84.49,56.39
ITM-000004208,ORD-00003071,PRD-00040,1,98.99,45.24,98.99,98.99,53.75
ITM-000004209,ORD-00003072,PRD-00021,1,114.99,46.3,114.99,114.99,68.69
ITM-000004210,ORD-00003072,PRD-00035,1,100.99,39.04,100.99,100.99,61.95
ITM-000004211,ORD-00003073,PRD-00035,1,100.99,39.04,100.99,100.99,61.95
ITM-000004212,ORD-00003074,PRD-00095,1,204.99,100.6,204.99,204.99,104.39
ITM-000004213,ORD-00003075,PRD-00069,1,51.99,14.6,51.99,51.99,37.39
ITM-000004214,ORD-00003076,PRD-00045,1,83.49,36.38,83.49,83.49,47.11
ITM-000004215,ORD-00003077,PRD-00039,1,40.99,18.26,40.99,40.99,22.73
ITM-000004216,ORD-00003077,PRD-00079,1,46.49,15.84,46.49,46.49,30.65
ITM-000004217,ORD-00003078,PRD-00077,1,22.99,8.27,22.99,22.99,14.72
ITM-000004218,ORD-00003078,PRD-00003,1,350.49,212.61,350.49,350.49,137.88
ITM-000004219,ORD-00003079,PRD-00037,1,41.99,15.18,41.99,41.99,26.81
ITM-000004220,ORD-00003079,PRD-00089,2,31.99,18.14,63.98,63.98,27.7
ITM-000004221,ORD-00003080,PRD-00049,1,162.99,86.22,162.99,162.99,76.77
ITM-000004222,ORD-00003081,PRD-00082,1,151.49,68.21,151.49,151.49,83.28
ITM-000004223,ORD-00003082,PRD-00031,1,110.99,51.16,110.99,110.99,59.83
ITM-000004224,ORD-00003082,PRD-00024,1,54.99,26.28,54.99,54.99,28.71
ITM-000004225,ORD-00003083,PRD-00090,1,232.99,113.86,232.99,232.99,119.13
ITM-000004226,ORD-00003084,PRD-00035,1,100.99,39.04,100.99,100.99,61.95
ITM-000004227,ORD-00003085,PRD-00015,1,205.99,123.35,205.99,205.99,82.64
ITM-000004228,ORD-00003086,PRD-00085,1,105.99,56.37,105.99,105.99,49.62
ITM-000004229,ORD-00003087,PRD-00013,1,275.99,176.16,275.99,275.99,99.83
ITM-000004230,ORD-00003088,PRD-00024,2,54.99,26.28,109.98,109.98,57.42
ITM-000004231,ORD-00003088,PRD-00034,1,34.99,12.79,34.99,34.99,22.2
ITM-000004232,ORD-00003089,PRD-00045,1,83.49,36.38,83.49,83.49,47.11
ITM-000004233,ORD-00003090,PRD-00087,1,43.99,24.1,43.99,43.99,19.89
ITM-000004234,ORD-00003091,PRD-00027,1,83.99,34.49,83.99,83.99,49.5
ITM-000004235,ORD-00003092,PRD-00047,1,100.99,42.27,100.99,100.99,58.72
ITM-000004236,ORD-00003093,PRD-00020,1,271.99,147.22,271.99,271.99,124.77
ITM-000004237,ORD-00003093,PRD-00057,1,146.49,75.56,146.49,146.49,70.93
ITM-000004238,ORD-00003093,PRD-00019,1,339.99,208.97,339.99,339.99,131.02
ITM-000004239,ORD-00003094,PRD-00051,1,52.99,21.94,52.99,52.99,31.05
ITM-000004240,ORD-00003094,PRD-00092,1,214.99,101.72,214.99,214.99,113.27
ITM-000004241,ORD-00003095,PRD-00084,1,31.99,15.58,31.99,31.99,16.41
ITM-000004242,ORD-00003095,PRD-00065,1,24.99,5.84,24.99,24.99,19.15
ITM-000004243,ORD-00003096,PRD-00052,1,118.49,48.71,118.49,118.49,69.78
ITM-000004244,ORD-00003097,PRD-00016,1,129.99,78.72,129.99,129.99,51.27
ITM-000004245,ORD-00003098,PRD-00026,2,94.99,41.91,189.98,189.98,106.16
ITM-000004246,ORD-00003099,PRD-00097,1,167.49,87.54,167.49,167.49,79.95
ITM-000004247,ORD-00003100,PRD-00020,1,271.99,147.22,271.99,271.99,124.77
ITM-000004248,ORD-00003101,PRD-00043,2,105.99,49.95,211.98,211.98,112.08
ITM-000004249,ORD-00003102,PRD-00061,1,75.99,20.12,75.99,75.99,55.87
ITM-000004250,ORD-00003103,PRD-00008,1,325.99,186.16,325.99,325.99,139.83
ITM-000004251,ORD-00003103,PRD-00089,1,31.99,18.14,31.99,31.99,13.85
ITM-000004252,ORD-00003104,PRD-00065,1,24.99,5.84,24.99,24.99,19.15
ITM-000004253,ORD-00003104,PRD-00030,1,67.99,29.21,67.99,67.99,38.78
ITM-000004254,ORD-00003105,PRD-00032,3,42.49,17.54,127.47,127.47,74.85
ITM-000004255,ORD-00003106,PRD-00031,1,110.99,51.16,110.99,110.99,59.83
ITM-000004256,ORD-00003106,PRD-00022,1,49.99,20.52,49.99,49.99,29.47
ITM-000004257,ORD-00003107,PRD-00051,1,52.99,21.94,52.99,52.99,31.05
ITM-000004258,ORD-00003108,PRD-00032,1,42.49,17.54,42.49,42.49,24.95
ITM-000004259,ORD-00003109,PRD-00017,1,244.99,144.79,244.99,244.99,100.2
ITM-000004260,ORD-00003110,PRD-00049,1,162.99,86.22,162.99,162.99,76.77
ITM-000004261,ORD-00003111,PRD-00030,1,67.99,29.21,67.99,67.99,38.78
ITM-000004262,ORD-00003112,PRD-00006,1,391.99,223.93,391.99,391.99,168.06
ITM-000004263,ORD-00003113,PRD-00032,1,42.49,17.54,42.49,42.49,24.95
ITM-000004264,ORD-00003114,PRD-00039,1,40.99,18.26,40.99,40.99,22.73
ITM-000004265,ORD-00003115,PRD-00090,1,232.99,113.86,232.99,232.99,119.13
ITM-000004266,ORD-00003116,PRD-00033,1,27.99,11.51,27.99,27.99,16.48
ITM-000004267,ORD-00003117,PRD-00081,1,77.99,39.19,77.99,77.99,38.8
ITM-000004268,ORD-00003118,PRD-00085,1,105.99,56.37,105.99,105.99,49.62
ITM-000004269,ORD-00003119,PRD-00007,1,316.99,172.8,316.99,316.99,144.19
ITM-000004270,ORD-00003120,PRD-00004,3,294.49,168.07,883.47,883.47,379.26
ITM-000004271,ORD-00003121,PRD-00019,1,339.99,208.97,339.99,339.99,131.02
ITM-000004272,ORD-00003121,PRD-00061,1,75.99,20.12,75.99,75.99,55.87
ITM-000004273,ORD-00003122,PRD-00010,1,207.99,120.07,207.99,207.99,87.92
ITM-000004274,ORD-00003122,PRD-00078,1,25.99,9.37,25.99,25.99,16.62
ITM-000004275,ORD-00003123,PRD-00065,1,24.99,5.84,24.99,24.99,19.15
ITM-000004276,ORD-00003123,PRD-00006,1,391.99,223.93,391.99,391.99,168.06
ITM-000004277,ORD-00003124,PRD-00079,1,46.49,15.84,46.49,46.49,30.65
ITM-000004278,ORD-00003125,PRD-00027,2,83.99,34.49,167.98,167.98,99.0
ITM-000004279,ORD-00003126,PRD-00034,1,34.99,12.79,34.99,34.99,22.2
ITM-000004280,ORD-00003127,PRD-00049,1,162.99,86.22,162.99,162.99,76.77
ITM-000004281,ORD-00003128,PRD-00051,1,52.99,21.94,52.99,52.99,31.05
ITM-000004282,ORD-00003128,PRD-00071,1,86.99,31.3,86.99,86.99,55.69
ITM-000004283,ORD-00003129,PRD-00024,1,54.99,26.28,54.99,54.99,28.71
ITM-000004284,ORD-00003129,PRD-00097,1,167.49,87.54,167.49,167.49,79.95
ITM-000004285,ORD-00003130,PRD-00087,1,43.99,24.1,43.99,43.99,19.89
ITM-000004286,ORD-00003131,PRD-00073,1,84.49,28.1,84.49,84.49,56.39
ITM-000004287,ORD-00003132,PRD-00029,1,94.49,33.63,94.49,94.49,60.86
ITM-000004288,ORD-00003133,PRD-00082,1,151.49,68.21,151.49,151.49,83.28
ITM-000004289,ORD-00003134,PRD-00087,1,43.99,24.1,43.99,43.99,19.89
ITM-000004290,ORD-00003135,PRD-00005,1,82.99,47.75,82.99,82.99,35.24
ITM-000004291,ORD-00003136,PRD-00037,3,41.99,15.18,125.97,125.97,80.43
ITM-000004292,ORD-00003137,PRD-00062,1,68.49,27.5,68.49,68.49,40.99
ITM-000004293,ORD-00003138,PRD-00070,1,64.99,25.31,64.99,64.99,39.68
ITM-000004294,ORD-00003138,PRD-00095,1,204.99,100.6,204.99,204.99,104.39
ITM-000004295,ORD-00003139,PRD-00059,1,47.49,23.54,47.49,47.49,23.95
ITM-000004296,ORD-00003140,PRD-00065,1,24.99,5.84,24.99,24.99,19.15
ITM-000004297,ORD-00003141,PRD-00048,1,33.49,15.83,33.49,33.49,17.66
ITM-000004298,ORD-00003142,PRD-00011,1,179.99,102.31,179.99,179.99,77.68
ITM-000004299,ORD-00003143,PRD-00045,1,83.49,36.38,83.49,83.49,47.11
ITM-000004300,ORD-00003144,PRD-00020,1,271.99,147.22,271.99,271.99,124.77
ITM-000004301,ORD-00003145,PRD-00049,1,162.99,86.22,162.99,162.99,76.77
ITM-000004302,ORD-00003146,PRD-00096,1,199.99,116.57,199.99,199.99,83.42
ITM-000004303,ORD-00003147,PRD-00100,1,143.99,66.17,143.99,143.99,77.82
ITM-000004304,ORD-00003148,PRD-00078,1,25.99,9.37,25.99,25.99,16.62
ITM-000004305,ORD-00003149,PRD-00094,1,245.99,110.0,245.99,245.99,135.99
ITM-000004306,ORD-00003150,PRD-00007,1,316.99,172.8,316.99,316.99,144.19
ITM-000004307,ORD-00003150,PRD-00002,1,203.99,113.88,203.99,203.99,90.11
ITM-000004308,ORD-00003151,PRD-00018,1,72.99,37.97,72.99,72.99,35.02
ITM-000004309,ORD-00003152,PRD-00099,2,50.99,27.57,101.98,101.98,46.84
ITM-000004310,ORD-00003153,PRD-00019,1,339.99,208.97,339.99,339.99,131.02
ITM-000004311,ORD-00003154,PRD-00082,1,151.49,68.21,151.49,151.49,83.28
ITM-000004312,ORD-00003155,PRD-00045,1,83.49,36.38,83.49,83.49,47.11
ITM-000004313,ORD-00003156,PRD-00038,1,77.49,36.23,77.49,77.49,41.26
ITM-000004314,ORD-00003157,PRD-00008,2,325.99,186.16,651.98,651.98,279.66
ITM-000004315,ORD-00003157,PRD-00042,1,121.99,52.18,121.99,121.99,69.81
ITM-000004316,ORD-00003158,PRD-00069,1,51.99,14.6,51.99,51.99,37.39
ITM-000004317,ORD-00003158,PRD-00080,1,87.99,32.75,87.99,87.99,55.24
ITM-000004318,ORD-00003159,PRD-00037,1,41.99,15.18,41.99,41.99,26.81
ITM-000004319,ORD-00003160,PRD-00031,1,110.99,51.16,110.99,110.99,59.83
ITM-000004320,ORD-00003161,PRD-00078,1,25.99,9.37,25.99,25.99,16.62
ITM-000004321,ORD-00003162,PRD-00008,1,325.99,186.16,325.99,325.99,139.83
ITM-000004322,ORD-00003163,PRD-00071,1,86.99,31.3,86.99,86.99,55.69
ITM-000004323,ORD-00003163,PRD-00029,1,94.49,33.63,94.49,94.49,60.86
ITM-000004324,ORD-00003164,PRD-00100,1,143.99,66.17,143.99,143.99,77.82
ITM-000004325,ORD-00003165,PRD-00012,1,374.49,207.75,374.49,374.49,166.74
ITM-000004326,ORD-00003165,PRD-00076,1,62.99,25.51,62.99,62.99,37.48
ITM-000004327,ORD-00003166,PRD-00032,1,42.49,17.54,42.49,42.49,24.95
ITM-000004328,ORD-00003166,PRD-00070,1,64.99,25.31,64.99,64.99,39.68
ITM-000004329,ORD-00003167,PRD-00035,2,100.99,39.04,201.98,201.98,123.9
ITM-000004330,ORD-00003168,PRD-00045,1,83.49,36.38,83.49,83.49,47.11
ITM-000004331,ORD-00003169,PRD-00041,1,180.99,84.81,180.99,180.99,96.18
ITM-000004332,ORD-00003170,PRD-00036,2,73.99,30.02,147.98,147.98,87.94
ITM-000004333,ORD-00003171,PRD-00017,1,244.99,144.79,244.99,244.99,100.2
ITM-000004334,ORD-00003172,PRD-00014,1,337.99,200.36,337.99,337.99,137.63
ITM-000004335,ORD-00003172,PRD-00089,1,31.99,18.14,31.99,31.99,13.85
ITM-000004336,ORD-00003172,PRD-00076,1,62.99,25.51,62.99,62.99,37.48
ITM-000004337,ORD-00003173,PRD-00080,1,87.99,32.75,87.99,87.99,55.24
ITM-000004338,ORD-00003173,PRD-00008,1,325.99,186.16,325.99,325.99,139.83
ITM-000004339,ORD-00003174,PRD-00067,1,44.99,16.41,44.99,44.99,28.58
ITM-000004340,ORD-00003175,PRD-00057,1,146.49,75.56,146.49,146.49,70.93
ITM-000004341,ORD-00003175,PRD-00046,1,113.49,52.53,113.49,113.49,60.96
ITM-000004342,ORD-00003176,PRD-00036,3,73.99,30.02,221.97,221.97,131.91
ITM-000004343,ORD-00003177,PRD-00077,1,22.99,8.27,22.99,22.99,14.72
ITM-000004344,ORD-00003178,PRD-00094,1,245.99,110.0,245.99,245.99,135.99
ITM-000004345,ORD-00003178,PRD-00020,1,271.99,147.22,271.99,271.99,124.77
ITM-000004346,ORD-00003179,PRD-00021,1,114.99,46.3,114.99,114.99,68.69
ITM-000004347,ORD-00003180,PRD-00043,1,105.99,49.95,105.99,105.99,56.04
ITM-000004348,ORD-00003181,PRD-00072,1,36.99,11.8,36.99,36.99,25.19
ITM-000004349,ORD-00003181,PRD-00005,1,82.99,47.75,82.99,82.99,35.24
ITM-000004350,ORD-00003181,PRD-00042,1,121.99,52.18,121.99,121.99,69.81
ITM-000004351,ORD-00003182,PRD-00032,1,42.49,17.54,42.49,42.49,24.95
ITM-000004352,ORD-00003183,PRD-00048,2,33.49,15.83,66.98,66.98,35.32
ITM-000004353,ORD-00003184,PRD-00036,2,73.99,30.02,147.98,147.98,87.94
ITM-000004354,ORD-00003185,PRD-00073,3,84.49,28.1,253.47,253.47,169.17
ITM-000004355,ORD-00003186,PRD-00007,1,316.99,172.8,316.99,316.99,144.19
ITM-000004356,ORD-00003187,PRD-00091,1,42.99,22.68,42.99,42.99,20.31
ITM-000004357,ORD-00003188,PRD-00026,2,94.99,41.91,189.98,189.98,106.16
ITM-000004358,ORD-00003189,PRD-00048,1,33.49,15.83,33.49,33.49,17.66
ITM-000004359,ORD-00003189,PRD-00077,2,22.99,8.27,45.98,45.98,29.44
ITM-000004360,ORD-00003190,PRD-00059,3,47.49,23.54,142.47,142.47,71.85
ITM-000004361,ORD-00003191,PRD-00035,1,100.99,39.04,100.99,100.99,61.95
ITM-000004362,ORD-00003192,PRD-00097,1,167.49,87.54,167.49,167.49,79.95
ITM-000004363,ORD-00003192,PRD-00023,1,31.99,14.2,31.99,31.99,17.79
ITM-000004364,ORD-00003193,PRD-00035,1,100.99,39.04,100.99,100.99,61.95
ITM-000004365,ORD-00003194,PRD-00011,1,179.99,102.31,179.99,179.99,77.68
ITM-000004366,ORD-00003194,PRD-00011,1,179.99,102.31,179.99,179.99,77.68
ITM-000004367,ORD-00003195,PRD-00030,1,67.99,29.21,67.99,67.99,38.78
ITM-000004368,ORD-00003196,PRD-00021,1,114.99,46.3,114.99,114.99,68.69
ITM-000004369,ORD-00003197,PRD-00010,1,207.99,120.07,207.99,207.99,87.92
ITM-000004370,ORD-00003197,PRD-00041,1,180.99,84.81,180.99,180.99,96.18
ITM-000004371,ORD-00003198,PRD-00061,1,75.99,20.12,75.99,75.99,55.87
ITM-000004372,ORD-00003199,PRD-00059,1,47.49,23.54,47.49,47.49,23.95
ITM-000004373,ORD-00003199,PRD-00056,1,135.49,71.03,135.49,135.49,64.46
ITM-000004374,ORD-00003199,PRD-00073,1,84.49,28.1,84.49,84.49,56.39
ITM-000004375,ORD-00003200,PRD-00042,2,121.99,52.18,243.98,243.98,139.62
ITM-000004376,ORD-00003201,PRD-00077,1,22.99,8.27,22.99,22.99,14.72
ITM-000004377,ORD-00003201,PRD-00080,1,87.99,32.75,87.99,87.99,55.24
ITM-000004378,ORD-00003201,PRD-00002,2,203.99,113.88,407.98,407.98,180.22
ITM-000004379,ORD-00003202,PRD-00050,1,173.99,93.04,173.99,173.99,80.95
ITM-000004380,ORD-00003203,PRD-00024,1,54.99,26.28,54.99,54.99,28.71
ITM-000004381,ORD-00003204,PRD-00091,1,42.99,22.68,42.99,42.99,20.31
ITM-000004382,ORD-00003204,PRD-00014,1,337.99,200.36,337.99,337.99,137.63
ITM-000004383,ORD-00003205,PRD-00056,1,135.49,71.03,135.49,135.49,64.46
ITM-000004384,ORD-00003206,PRD-00089,1,31.99,18.14,31.99,31.99,13.85
ITM-000004385,ORD-00003206,PRD-00095,1,204.99,100.6,204.99,204.99,104.39
ITM-000004386,ORD-00003207,PRD-00068,1,37.49,12.61,37.49,37.49,24.88
ITM-000004387,ORD-00003208,PRD-00016,1,129.99,78.72,129.99,129.99,51.27
ITM-000004388,ORD-00003208,PRD-00019,1,339.99,208.97,339.99,339.99,131.02
ITM-000004389,ORD-00003209,PRD-00099,1,50.99,27.57,50.99,50.99,23.42
ITM-000004390,ORD-00003210,PRD-00036,1,73.99,30.02,73.99,73.99,43.97
ITM-000004391,ORD-00003210,PRD-00058,1,152.99,69.5,152.99,152.99,83.49
ITM-000004392,ORD-00003211,PRD-00022,1,49.99,20.52,49.99,49.99,29.47
ITM-000004393,ORD-00003212,PRD-00015,1,205.99,123.35,205.99,205.99,82.64
ITM-000004394,ORD-00003213,PRD-00056,1,135.49,71.03,135.49,135.49,64.46
ITM-000004395,ORD-00003214,PRD-00072,1,36.99,11.8,36.99,36.99,25.19
ITM-000004396,ORD-00003215,PRD-00067,1,44.99,16.41,44.99,44.99,28.58
ITM-000004397,ORD-00003216,PRD-00013,2,275.99,176.16,551.98,551.98,199.66
ITM-000004398,ORD-00003216,PRD-00011,2,179.99,102.31,359.98,359.98,155.36
ITM-000004399,ORD-00003217,PRD-00050,1,173.99,93.04,173.99,173.99,80.95
ITM-000004400,ORD-00003218,PRD-00040,1,98.99,45.24,98.99,98.99,53.75
ITM-000004401,ORD-00003218,PRD-00078,1,25.99,9.37,25.99,25.99,16.62
ITM-000004402,ORD-00003219,PRD-00084,1,31.99,15.58,31.99,31.99,16.41
ITM-000004403,ORD-00003219,PRD-00077,1,22.99,8.27,22.99,22.99,14.72
ITM-000004404,ORD-00003220,PRD-00092,1,214.99,101.72,214.99,214.99,113.27
ITM-000004405,ORD-00003221,PRD-00059,2,47.49,23.54,94.98,94.98,47.9
ITM-000004406,ORD-00003222,PRD-00072,3,36.99,11.8,110.97,110.97,75.57
ITM-000004407,ORD-00003223,PRD-00051,1,52.99,21.94,52.99,52.99,31.05
ITM-000004408,ORD-00003224,PRD-00054,1,137.99,68.35,137.99,137.99,69.64
ITM-000004409,ORD-00003225,PRD-00015,2,205.99,123.35,411.98,411.98,165.28
ITM-000004410,ORD-00003225,PRD-00080,1,87.99,32.75,87.99,87.99,55.24
ITM-000004411,ORD-00003226,PRD-00027,1,83.99,34.49,83.99,83.99,49.5
ITM-000004412,ORD-00003227,PRD-00071,1,86.99,31.3,86.99,86.99,55.69
ITM-000004413,ORD-00003228,PRD-00053,1,47.99,23.38,47.99,47.99,24.61
ITM-000004414,ORD-00003229,PRD-00062,1,68.49,27.5,68.49,68.49,40.99
ITM-000004415,ORD-00003229,PRD-00018,1,72.99,37.97,72.99,72.99,35.02
ITM-000004416,ORD-00003230,PRD-00039,1,40.99,18.26,40.99,40.99,22.73
ITM-000004417,ORD-00003231,PRD-00056,1,135.49,71.03,135.49,135.49,64.46
ITM-000004418,ORD-00003231,PRD-00057,1,146.49,75.56,146.49,146.49,70.93
ITM-000004419,ORD-00003232,PRD-00005,3,82.99,47.75,248.97,248.97,105.72
ITM-000004420,ORD-00003232,PRD-00079,1,46.49,15.84,46.49,46.49,30.65
ITM-000004421,ORD-00003233,PRD-00077,1,22.99,8.27,22.99,22.99,14.72
ITM-000004422,ORD-00003234,PRD-00026,1,94.99,41.91,94.99,94.99,53.08
ITM-000004423,ORD-00003235,PRD-00023,2,31.99,14.2,63.98,63.98,35.58
ITM-000004424,ORD-00003236,PRD-00058,1,152.99,69.5,152.99,152.99,83.49
ITM-000004425,ORD-00003237,PRD-00081,1,77.99,39.19,77.99,77.99,38.8
ITM-000004426,ORD-00003238,PRD-00093,1,227.99,111.71,227.99,227.99,116.28
ITM-000004427,ORD-00003239,PRD-00018,1,72.99,37.97,72.99,72.99,35.02
ITM-000004428,ORD-00003240,PRD-00051,1,52.99,21.94,52.99,52.99,31.05
ITM-000004429,ORD-00003241,PRD-00004,1,294.49,168.07,294.49,294.49,126.42
ITM-000004430,ORD-00003242,PRD-00017,1,244.99,144.79,244.99,244.99,100.2
ITM-000004431,ORD-00003243,PRD-00085,2,105.99,56.37,211.98,211.98,99.24
ITM-000004432,ORD-00003244,PRD-00029,1,94.49,33.63,94.49,94.49,60.86
ITM-000004433,ORD-00003245,PRD-00093,1,227.99,111.71,227.99,227.99,116.28
ITM-000004434,ORD-00003246,PRD-00020,1,271.99,147.22,271.99,271.99,124.77
ITM-000004435,ORD-00003246,PRD-00003,1,350.49,212.61,350.49,350.49,137.88
ITM-000004436,ORD-00003247,PRD-00007,1,316.99,172.8,316.99,316.99,144.19
ITM-000004437,ORD-00003248,PRD-00086,1,140.99,72.94,140.99,140.99,68.05
ITM-000004438,ORD-00003249,PRD-00003,1,350.49,212.61,350.49,350.49,137.88
ITM-000004439,ORD-00003249,PRD-00052,1,118.49,48.71,118.49,118.49,69.78
ITM-000004440,ORD-00003249,PRD-00044,1,72.99,36.23,72.99,72.99,36.76
ITM-000004441,ORD-00003250,PRD-00041,2,180.99,84.81,361.98,361.98,192.36
ITM-000004442,ORD-00003251,PRD-00021,1,114.99,46.3,114.99,114.99,68.69
ITM-000004443,ORD-00003252,PRD-00059,1,47.49,23.54,47.49,47.49,23.95
ITM-000004444,ORD-00003253,PRD-00024,2,54.99,26.28,109.98,109.98,57.42
ITM-000004445,ORD-00003254,PRD-00094,1,245.99,110.0,245.99,245.99,135.99
ITM-000004446,ORD-00003254,PRD-00015,2,205.99,123.35,411.98,411.98,165.28
ITM-000004447,ORD-00003255,PRD-00007,1,316.99,172.8,316.99,316.99,144.19
ITM-000004448,ORD-00003256,PRD-00032,1,42.49,17.54,42.49,42.49,24.95
ITM-000004449,ORD-00003257,PRD-00092,2,214.99,101.72,429.98,429.98,226.54
ITM-000004450,ORD-00003257,PRD-00039,1,40.99,18.26,40.99,40.99,22.73
ITM-000004451,ORD-00003257,PRD-00093,1,227.99,111.71,227.99,227.99,116.28
ITM-000004452,ORD-00003258,PRD-00074,1,16.99,6.2,16.99,16.99,10.79
ITM-000004453,ORD-00003258,PRD-00068,1,37.49,12.61,37.49,37.49,24.88
ITM-000004454,ORD-00003259,PRD-00092,1,214.99,101.72,214.99,214.99,113.27
ITM-000004455,ORD-00003259,PRD-00011,1,179.99,102.31,179.99,179.99,77.68
ITM-000004456,ORD-00003260,PRD-00018,1,72.99,37.97,72.99,72.99,35.02
ITM-000004457,ORD-00003260,PRD-00050,1,173.99,93.04,173.99,173.99,80.95
ITM-000004458,ORD-00003261,PRD-00030,1,67.99,29.21,67.99,67.99,38.78
ITM-000004459,ORD-00003262,PRD-00051,1,52.99,21.94,52.99,52.99,31.05
ITM-000004460,ORD-00003263,PRD-00040,1,98.99,45.24,98.99,98.99,53.75
ITM-000004461,ORD-00003264,PRD-00068,1,37.49,12.61,37.49,37.49,24.88
ITM-000004462,ORD-00003265,PRD-00097,1,167.49,87.54,167.49,167.49,79.95
ITM-000004463,ORD-00003265,PRD-00084,1,31.99,15.58,31.99,31.99,16.41
ITM-000004464,ORD-00003266,PRD-00042,1,121.99,52.18,121.99,121.99,69.81
ITM-000004465,ORD-00003267,PRD-00100,1,143.99,66.17,143.99,143.99,77.82
ITM-000004466,ORD-00003267,PRD-00046,1,113.49,52.53,113.49,113.49,60.96
ITM-000004467,ORD-00003268,PRD-00007,1,316.99,172.8,316.99,316.99,144.19
ITM-000004468,ORD-00003268,PRD-00089,1,31.99,18.14,31.99,31.99,13.85
ITM-000004469,ORD-00003269,PRD-00055,1,74.99,31.61,74.99,74.99,43.38
ITM-000004470,ORD-00003270,PRD-00069,1,51.99,14.6,51.99,51.99,37.39
ITM-000004471,ORD-00003271,PRD-00090,1,232.99,113.86,232.99,232.99,119.13
ITM-000004472,ORD-00003272,PRD-00041,1,180.99,84.81,180.99,180.99,96.18
ITM-000004473,ORD-00003273,PRD-00042,2,121.99,52.18,243.98,243.98,139.62
ITM-000004474,ORD-00003274,PRD-00052,1,118.49,48.71,118.49,118.49,69.78
ITM-000004475,ORD-00003274,PRD-00075,1,56.99,20.25,56.99,56.99,36.74
ITM-000004476,ORD-00003275,PRD-00012,1,374.49,207.75,374.49,374.49,166.74
ITM-000004477,ORD-00003275,PRD-00081,1,77.99,39.19,77.99,77.99,38.8
ITM-000004478,ORD-00003276,PRD-00055,1,74.99,31.61,74.99,74.99,43.38
ITM-000004479,ORD-00003276,PRD-00051,1,52.99,21.94,52.99,52.99,31.05
ITM-000004480,ORD-00003277,PRD-00015,1,205.99,123.35,205.99,205.99,82.64
ITM-000004481,ORD-00003278,PRD-00065,1,24.99,5.84,24.99,24.99,19.15
ITM-000004482,ORD-00003278,PRD-00040,1,98.99,45.24,98.99,98.99,53.75
ITM-000004483,ORD-00003279,PRD-00078,1,25.99,9.37,25.99,25.99,16.62
ITM-000004484,ORD-00003279,PRD-00089,1,31.99,18.14,31.99,31.99,13.85
ITM-000004485,ORD-00003280,PRD-00042,1,121.99,52.18,121.99,121.99,69.81
ITM-000004486,ORD-00003280,PRD-00019,1,339.99,208.97,339.99,339.99,131.02
ITM-000004487,ORD-00003281,PRD-00047,2,100.99,42.27,201.98,201.98,117.44
ITM-000004488,ORD-00003281,PRD-00067,1,44.99,16.41,44.99,44.99,28.58
ITM-000004489,ORD-00003282,PRD-00081,1,77.99,39.19,77.99,77.99,38.8
ITM-000004490,ORD-00003282,PRD-00040,1,98.99,45.24,98.99,98.99,53.75
ITM-000004491,ORD-00003283,PRD-00024,2,54.99,26.28,109.98,109.98,57.42
ITM-000004492,ORD-00003284,PRD-00082,1,151.49,68.21,151.49,151.49,83.28
ITM-000004493,ORD-00003285,PRD-00056,3,135.49,71.03,406.47,406.47,193.38
ITM-000004494,ORD-00003286,PRD-00015,1,205.99,123.35,205.99,205.99,82.64
ITM-000004495,ORD-00003287,PRD-00079,1,46.49,15.84,46.49,46.49,30.65
ITM-000004496,ORD-00003287,PRD-00079,1,46.49,15.84,46.49,46.49,30.65
ITM-000004497,ORD-00003288,PRD-00093,1,227.99,111.71,227.99,227.99,116.28
ITM-000004498,ORD-00003289,PRD-00056,1,135.49,71.03,135.49,135.49,64.46
ITM-000004499,ORD-00003289,PRD-00030,1,67.99,29.21,67.99,67.99,38.78
ITM-000004500,ORD-00003290,PRD-00055,1,74.99,31.61,74.99,74.99,43.38
ITM-000004501,ORD-00003291,PRD-00069,1,51.99,14.6,51.99,51.99,37.39
ITM-000004502,ORD-00003292,PRD-00007,2,316.99,172.8,633.98,633.98,288.38
ITM-000004503,ORD-00003293,PRD-00054,2,137.99,68.35,275.98,275.98,139.28
ITM-000004504,ORD-00003294,PRD-00055,1,74.99,31.61,74.99,74.99,43.38
ITM-000004505,ORD-00003294,PRD-00066,1,84.99,33.73,84.99,84.99,51.26
ITM-000004506,ORD-00003295,PRD-00030,1,67.99,29.21,67.99,67.99,38.78
ITM-000004507,ORD-00003296,PRD-00018,1,72.99,37.97,72.99,72.99,35.02
ITM-000004508,ORD-00003297,PRD-00079,1,46.49,15.84,46.49,46.49,30.65
ITM-000004509,ORD-00003298,PRD-00045,1,83.49,36.38,83.49,83.49,47.11
ITM-000004510,ORD-00003299,PRD-00100,1,143.99,66.17,143.99,143.99,77.82
ITM-000004511,ORD-00003300,PRD-00083,1,115.99,58.28,115.99,115.99,57.71
ITM-000004512,ORD-00003301,PRD-00087,1,43.99,24.1,43.99,43.99,19.89
ITM-000004513,ORD-00003302,PRD-00051,1,52.99,21.94,52.99,52.99,31.05
ITM-000004514,ORD-00003303,PRD-00014,1,337.99,200.36,337.99,337.99,137.63
ITM-000004515,ORD-00003303,PRD-00086,1,140.99,72.94,140.99,140.99,68.05
ITM-000004516,ORD-00003303,PRD-00056,1,135.49,71.03,135.49,135.49,64.46
ITM-000004517,ORD-00003304,PRD-00047,1,100.99,42.27,100.99,100.99,58.72
ITM-000004518,ORD-00003305,PRD-00072,1,36.99,11.8,36.99,36.99,25.19
ITM-000004519,ORD-00003306,PRD-00045,1,83.49,36.38,83.49,83.49,47.11
ITM-000004520,ORD-00003307,PRD-00050,1,173.99,93.04,173.99,173.99,80.95
ITM-000004521,ORD-00003308,PRD-00076,1,62.99,25.51,62.99,62.99,37.48
ITM-000004522,ORD-00003308,PRD-00071,1,86.99,31.3,86.99,86.99,55.69
ITM-000004523,ORD-00003309,PRD-00010,1,207.99,120.07,207.99,207.99,87.92
ITM-000004524,ORD-00003310,PRD-00003,1,350.49,212.61,350.49,350.49,137.88
ITM-000004525,ORD-00003310,PRD-00078,1,25.99,9.37,25.99,25.99,16.62
ITM-000004526,ORD-00003311,PRD-00060,1,176.49,84.75,176.49,176.49,91.74
ITM-000004527,ORD-00003311,PRD-00080,1,87.99,32.75,87.99,87.99,55.24
ITM-000004528,ORD-00003312,PRD-00036,1,73.99,30.02,73.99,73.99,43.97
ITM-000004529,ORD-00003313,PRD-00031,1,110.99,51.16,110.99,110.99,59.83
ITM-000004530,ORD-00003314,PRD-00077,2,22.99,8.27,45.98,45.98,29.44
ITM-000004531,ORD-00003314,PRD-00044,1,72.99,36.23,72.99,72.99,36.76
ITM-000004532,ORD-00003314,PRD-00093,1,227.99,111.71,227.99,227.99,116.28
ITM-000004533,ORD-00003315,PRD-00056,1,135.49,71.03,135.49,135.49,64.46
ITM-000004534,ORD-00003316,PRD-00036,2,73.99,30.02,147.98,147.98,87.94
ITM-000004535,ORD-00003317,PRD-00033,1,27.99,11.51,27.99,27.99,16.48
ITM-000004536,ORD-00003317,PRD-00100,1,143.99,66.17,143.99,143.99,77.82
ITM-000004537,ORD-00003318,PRD-00008,3,325.99,186.16,977.97,977.97,419.49
ITM-000004538,ORD-00003318,PRD-00078,1,25.99,9.37,25.99,25.99,16.62
ITM-000004539,ORD-00003319,PRD-00008,1,325.99,186.16,325.99,325.99,139.83
ITM-000004540,ORD-00003320,PRD-00098,1,199.49,113.09,199.49,199.49,86.4
ITM-000004541,ORD-00003320,PRD-00001,1,320.99,176.63,320.99,320.99,144.36
ITM-000004542,ORD-00003321,PRD-00071,1,86.99,31.3,86.99,86.99,55.69
ITM-000004543,ORD-00003322,PRD-00055,1,74.99,31.61,74.99,74.99,43.38
ITM-000004544,ORD-00003323,PRD-00005,1,82.99,47.75,82.99,82.99,35.24
ITM-000004545,ORD-00003324,PRD-00004,1,294.49,168.07,294.49,294.49,126.42
ITM-000004546,ORD-00003325,PRD-00003,1,350.49,212.61,350.49,350.49,137.88
ITM-000004547,ORD-00003326,PRD-00040,1,98.99,45.24,98.99,98.99,53.75
ITM-000004548,ORD-00003327,PRD-00075,1,56.99,20.25,56.99,56.99,36.74
ITM-000004549,ORD-00003328,PRD-00017,2,244.99,144.79,489.98,489.98,200.4
ITM-000004550,ORD-00003329,PRD-00064,1,24.99,6.91,24.99,24.99,18.08
ITM-000004551,ORD-00003329,PRD-00055,1,74.99,31.61,74.99,74.99,43.38
ITM-000004552,ORD-00003330,PRD-00099,1,50.99,27.57,50.99,50.99,23.42
ITM-000004553,ORD-00003331,PRD-00073,1,84.49,28.1,84.49,84.49,56.39
ITM-000004554,ORD-00003332,PRD-00052,1,118.49,48.71,118.49,118.49,69.78
ITM-000004555,ORD-00003333,PRD-00096,1,199.99,116.57,199.99,199.99,83.42
ITM-000004556,ORD-00003333,PRD-00046,1,113.49,52.53,113.49,113.49,60.96
ITM-000004557,ORD-00003333,PRD-00012,1,374.49,207.75,374.49,374.49,166.74
ITM-000004558,ORD-00003334,PRD-00060,1,176.49,84.75,176.49,176.49,91.74
ITM-000004559,ORD-00003335,PRD-00013,1,275.99,176.16,275.99,275.99,99.83
ITM-000004560,ORD-00003336,PRD-00046,1,113.49,52.53,113.49,113.49,60.96
ITM-000004561,ORD-00003336,PRD-00066,1,84.99,33.73,84.99,84.99,51.26
ITM-000004562,ORD-00003337,PRD-00091,1,42.99,22.68,42.99,42.99,20.31
ITM-000004563,ORD-00003338,PRD-00069,1,51.99,14.6,51.99,51.99,37.39
ITM-000004564,ORD-00003339,PRD-00029,1,94.49,33.63,94.49,94.49,60.86
ITM-000004565,ORD-00003340,PRD-00082,3,151.49,68.21,454.47,454.47,249.84
ITM-000004566,ORD-00003341,PRD-00003,1,350.49,212.61,350.49,350.49,137.88
ITM-000004567,ORD-00003342,PRD-00015,1,205.99,123.35,205.99,205.99,82.64
ITM-000004568,ORD-00003343,PRD-00090,1,232.99,113.86,232.99,232.99,119.13
ITM-000004569,ORD-00003344,PRD-00031,1,110.99,51.16,110.99,110.99,59.83
ITM-000004570,ORD-00003345,PRD-00011,1,179.99,102.31,179.99,179.99,77.68
ITM-000004571,ORD-00003345,PRD-00007,1,316.99,172.8,316.99,316.99,144.19
ITM-000004572,ORD-00003346,PRD-00062,1,68.49,27.5,68.49,68.49,40.99
ITM-000004573,ORD-00003347,PRD-00084,2,31.99,15.58,63.98,63.98,32.82
ITM-000004574,ORD-00003348,PRD-00030,1,67.99,29.21,67.99,67.99,38.78
ITM-000004575,ORD-00003349,PRD-00023,1,31.99,14.2,31.99,31.99,17.79
ITM-000004576,ORD-00003350,PRD-00005,2,82.99,47.75,165.98,165.98,70.48
ITM-000004577,ORD-00003351,PRD-00090,1,232.99,113.86,232.99,232.99,119.13
ITM-000004578,ORD-00003352,PRD-00022,1,49.99,20.52,49.99,49.99,29.47
ITM-000004579,ORD-00003352,PRD-00059,2,47.49,23.54,94.98,94.98,47.9
ITM-000004580,ORD-00003353,PRD-00066,1,84.99,33.73,84.99,84.99,51.26
ITM-000004581,ORD-00003354,PRD-00045,1,83.49,36.38,83.49,83.49,47.11
ITM-000004582,ORD-00003355,PRD-00027,1,83.99,34.49,83.99,83.99,49.5
ITM-000004583,ORD-00003356,PRD-00041,1,180.99,84.81,180.99,180.99,96.18
ITM-000004584,ORD-00003357,PRD-00031,1,110.99,51.16,110.99,110.99,59.83
ITM-000004585,ORD-00003358,PRD-00090,2,232.99,113.86,465.98,465.98,238.26
ITM-000004586,ORD-00003359,PRD-00026,1,94.99,41.91,94.99,94.99,53.08
ITM-000004587,ORD-00003360,PRD-00035,1,100.99,39.04,100.99,100.99,61.95
ITM-000004588,ORD-00003360,PRD-00093,1,227.99,111.71,227.99,227.99,116.28
ITM-000004589,ORD-00003361,PRD-00059,1,47.49,23.54,47.49,47.49,23.95
ITM-000004590,ORD-00003361,PRD-00079,1,46.49,15.84,46.49,46.49,30.65
ITM-000004591,ORD-00003361,PRD-00032,1,42.49,17.54,42.49,42.49,24.95
ITM-000004592,ORD-00003362,PRD-00038,1,77.49,36.23,77.49,77.49,41.26
ITM-000004593,ORD-00003362,PRD-00023,1,31.99,14.2,31.99,31.99,17.79
ITM-000004594,ORD-00003363,PRD-00068,1,37.49,12.61,37.49,37.49,24.88
ITM-000004595,ORD-00003364,PRD-00062,2,68.49,27.5,136.98,136.98,81.98
ITM-000004596,ORD-00003364,PRD-00006,1,391.99,223.93,391.99,391.99,168.06
ITM-000004597,ORD-00003365,PRD-00015,1,205.99,123.35,205.99,205.99,82.64
ITM-000004598,ORD-00003366,PRD-00077,1,22.99,8.27,22.99,22.99,14.72
ITM-000004599,ORD-00003366,PRD-00100,1,143.99,66.17,143.99,143.99,77.82
ITM-000004600,ORD-00003367,PRD-00007,1,316.99,172.8,316.99,316.99,144.19
ITM-000004601,ORD-00003368,PRD-00038,1,77.49,36.23,77.49,77.49,41.26
ITM-000004602,ORD-00003369,PRD-00084,1,31.99,15.58,31.99,31.99,16.41
ITM-000004603,ORD-00003370,PRD-00022,1,49.99,20.52,49.99,49.99,29.47
ITM-000004604,ORD-00003371,PRD-00084,1,31.99,15.58,31.99,31.99,16.41
ITM-000004605,ORD-00003371,PRD-00084,2,31.99,15.58,63.98,63.98,32.82
ITM-000004606,ORD-00003372,PRD-00045,1,83.49,36.38,83.49,83.49,47.11
ITM-000004607,ORD-00003373,PRD-00048,1,33.49,15.83,33.49,33.49,17.66
ITM-000004608,ORD-00003374,PRD-00029,1,94.49,33.63,94.49,94.49,60.86
ITM-000004609,ORD-00003375,PRD-00044,1,72.99,36.23,72.99,72.99,36.76
ITM-000004610,ORD-00003375,PRD-00099,1,50.99,27.57,50.99,50.99,23.42
ITM-000004611,ORD-00003376,PRD-00021,1,114.99,46.3,114.99,114.99,68.69
ITM-000004612,ORD-00003376,PRD-00019,2,339.99,208.97,679.98,679.98,262.04
ITM-000004613,ORD-00003377,PRD-00092,1,214.99,101.72,214.99,214.99,113.27
ITM-000004614,ORD-00003378,PRD-00045,1,83.49,36.38,83.49,83.49,47.11
ITM-000004615,ORD-00003378,PRD-00033,1,27.99,11.51,27.99,27.99,16.48
ITM-000004616,ORD-00003379,PRD-00061,2,75.99,20.12,151.98,151.98,111.74
ITM-000004617,ORD-00003380,PRD-00099,1,50.99,27.57,50.99,50.99,23.42
ITM-000004618,ORD-00003380,PRD-00070,1,64.99,25.31,64.99,64.99,39.68
ITM-000004619,ORD-00003381,PRD-00045,1,83.49,36.38,83.49,83.49,47.11
ITM-000004620,ORD-00003382,PRD-00052,1,118.49,48.71,118.49,118.49,69.78
ITM-000004621,ORD-00003383,PRD-00055,1,74.99,31.61,74.99,74.99,43.38
ITM-000004622,ORD-00003384,PRD-00041,1,180.99,84.81,180.99,180.99,96.18
ITM-000004623,ORD-00003385,PRD-00057,2,146.49,75.56,292.98,292.98,141.86
ITM-000004624,ORD-00003386,PRD-00034,1,34.99,12.79,34.99,34.99,22.2
ITM-000004625,ORD-00003386,PRD-00069,2,51.99,14.6,103.98,103.98,74.78
ITM-000004626,ORD-00003387,PRD-00049,1,162.99,86.22,162.99,162.99,76.77
ITM-000004627,ORD-00003388,PRD-00015,1,205.99,123.35,205.99,205.99,82.64
ITM-000004628,ORD-00003389,PRD-00052,1,118.49,48.71,118.49,118.49,69.78
ITM-000004629,ORD-00003390,PRD-00093,1,227.99,111.71,227.99,227.99,116.28
ITM-000004630,ORD-00003390,PRD-00014,1,337.99,200.36,337.99,337.99,137.63
ITM-000004631,ORD-00003391,PRD-00026,1,94.99,41.91,94.99,94.99,53.08
ITM-000004632,ORD-00003392,PRD-00093,1,227.99,111.71,227.99,227.99,116.28
ITM-000004633,ORD-00003392,PRD-00061,1,75.99,20.12,75.99,75.99,55.87
ITM-000004634,ORD-00003392,PRD-00090,1,232.99,113.86,232.99,232.99,119.13
ITM-000004635,ORD-00003393,PRD-00061,1,75.99,20.12,75.99,75.99,55.87
ITM-000004636,ORD-00003394,PRD-00094,1,245.99,110.0,245.99,245.99,135.99
ITM-000004637,ORD-00003395,PRD-00020,1,271.99,147.22,271.99,271.99,124.77
ITM-000004638,ORD-00003396,PRD-00032,1,42.49,17.54,42.49,42.49,24.95
ITM-000004639,ORD-00003397,PRD-00037,1,41.99,15.18,41.99,41.99,26.81
ITM-000004640,ORD-00003398,PRD-00017,1,244.99,144.79,244.99,244.99,100.2
ITM-000004641,ORD-00003398,PRD-00045,2,83.49,36.38,166.98,166.98,94.22
ITM-000004642,ORD-00003399,PRD-00040,1,98.99,45.24,98.99,98.99,53.75
ITM-000004643,ORD-00003400,PRD-00003,2,350.49,212.61,700.98,700.98,275.76
ITM-000004644,ORD-00003400,PRD-00091,1,42.99,22.68,42.99,42.99,20.31
ITM-000004645,ORD-00003401,PRD-00028,1,107.49,45.05,107.49,107.49,62.44
ITM-000004646,ORD-00003401,PRD-00029,1,94.49,33.63,94.49,94.49,60.86
ITM-000004647,ORD-00003402,PRD-00022,1,49.99,20.52,49.99,49.99,29.47
ITM-000004648,ORD-00003402,PRD-00085,2,105.99,56.37,211.98,211.98,99.24
ITM-000004649,ORD-00003403,PRD-00039,1,40.99,18.26,40.99,40.99,22.73
ITM-000004650,ORD-00003403,PRD-00068,1,37.49,12.61,37.49,37.49,24.88
ITM-000004651,ORD-00003404,PRD-00023,1,31.99,14.2,31.99,31.99,17.79
ITM-000004652,ORD-00003405,PRD-00094,1,245.99,110.0,245.99,245.99,135.99
ITM-000004653,ORD-00003405,PRD-00024,1,54.99,26.28,54.99,54.99,28.71
ITM-000004654,ORD-00003406,PRD-00074,1,16.99,6.2,16.99,16.99,10.79
ITM-000004655,ORD-00003407,PRD-00012,1,374.49,207.75,374.49,374.49,166.74
ITM-000004656,ORD-00003408,PRD-00006,1,391.99,223.93,391.99,391.99,168.06
ITM-000004657,ORD-00003409,PRD-00011,1,179.99,102.31,179.99,179.99,77.68
ITM-000004658,ORD-00003410,PRD-00012,1,374.49,207.75,374.49,374.49,166.74
ITM-000004659,ORD-00003411,PRD-00066,1,84.99,33.73,84.99,84.99,51.26
ITM-000004660,ORD-00003412,PRD-00002,1,203.99,113.88,203.99,203.99,90.11
ITM-000004661,ORD-00003413,PRD-00053,1,47.99,23.38,47.99,47.99,24.61
ITM-000004662,ORD-00003414,PRD-00006,1,391.99,223.93,391.99,391.99,168.06
ITM-000004663,ORD-00003414,PRD-00014,1,337.99,200.36,337.99,337.99,137.63
ITM-000004664,ORD-00003415,PRD-00080,1,87.99,32.75,87.99,87.99,55.24
ITM-000004665,ORD-00003415,PRD-00059,1,47.49,23.54,47.49,47.49,23.95
ITM-000004666,ORD-00003416,PRD-00015,1,205.99,123.35,205.99,205.99,82.64
ITM-000004667,ORD-00003417,PRD-00026,1,94.99,41.91,94.99,94.99,53.08
ITM-000004668,ORD-00003418,PRD-00082,2,151.49,68.21,302.98,302.98,166.56
ITM-000004669,ORD-00003419,PRD-00033,1,27.99,11.51,27.99,27.99,16.48
ITM-000004670,ORD-00003420,PRD-00052,1,118.49,48.71,118.49,118.49,69.78
ITM-000004671,ORD-00003421,PRD-00068,1,37.49,12.61,37.49,37.49,24.88
ITM-000004672,ORD-00003422,PRD-00085,1,105.99,56.37,105.99,105.99,49.62
ITM-000004673,ORD-00003423,PRD-00037,1,41.99,15.18,41.99,41.99,26.81
ITM-000004674,ORD-00003424,PRD-00004,1,294.49,168.07,294.49,294.49,126.42
ITM-000004675,ORD-00003425,PRD-00074,2,16.99,6.2,33.98,33.98,21.58
ITM-000004676,ORD-00003426,PRD-00056,1,135.49,71.03,135.49,135.49,64.46
ITM-000004677,ORD-00003427,PRD-00050,1,173.99,93.04,173.99,173.99,80.95
ITM-000004678,ORD-00003427,PRD-00009,2,94.99,52.51,189.98,189.98,84.96
ITM-000004679,ORD-00003428,PRD-00052,1,118.49,48.71,118.49,118.49,69.78
ITM-000004680,ORD-00003429,PRD-00033,1,27.99,11.51,27.99,27.99,16.48
ITM-000004681,ORD-00003430,PRD-00068,1,37.49,12.61,37.49,37.49,24.88
ITM-000004682,ORD-00003431,PRD-00065,1,24.99,5.84,24.99,24.99,19.15
ITM-000004683,ORD-00003432,PRD-00052,1,118.49,48.71,118.49,118.49,69.78
ITM-000004684,ORD-00003433,PRD-00032,1,42.49,17.54,42.49,42.49,24.95
ITM-000004685,ORD-00003434,PRD-00051,1,52.99,21.94,52.99,52.99,31.05
ITM-000004686,ORD-00003434,PRD-00045,1,83.49,36.38,83.49,83.49,47.11
ITM-000004687,ORD-00003435,PRD-00040,1,98.99,45.24,98.99,98.99,53.75
ITM-000004688,ORD-00003436,PRD-00035,1,100.99,39.04,100.99,100.99,61.95
ITM-000004689,ORD-00003437,PRD-00020,1,271.99,147.22,271.99,271.99,124.77
ITM-000004690,ORD-00003437,PRD-00008,1,325.99,186.16,325.99,325.99,139.83
ITM-000004691,ORD-00003438,PRD-00015,1,205.99,123.35,205.99,205.99,82.64
ITM-000004692,ORD-00003438,PRD-00022,1,49.99,20.52,49.99,49.99,29.47
ITM-000004693,ORD-00003438,PRD-00097,1,167.49,87.54,167.49,167.49,79.95
ITM-000004694,ORD-00003439,PRD-00046,1,113.49,52.53,113.49,113.49,60.96
ITM-000004695,ORD-00003439,PRD-00100,1,143.99,66.17,143.99,143.99,77.82
ITM-000004696,ORD-00003440,PRD-00067,1,44.99,16.41,44.99,44.99,28.58
ITM-000004697,ORD-00003440,PRD-00012,1,374.49,207.75,374.49,374.49,166.74
ITM-000004698,ORD-00003441,PRD-00071,1,86.99,31.3,86.99,86.99,55.69
ITM-000004699,ORD-00003442,PRD-00069,3,51.99,14.6,155.97,155.97,112.17
ITM-000004700,ORD-00003442,PRD-00065,1,24.99,5.84,24.99,24.99,19.15
ITM-000004701,ORD-00003443,PRD-00064,1,24.99,6.91,24.99,24.99,18.08
ITM-000004702,ORD-00003444,PRD-00030,1,67.99,29.21,67.99,67.99,38.78
ITM-000004703,ORD-00003445,PRD-00060,2,176.49,84.75,352.98,352.98,183.48
ITM-000004704,ORD-00003445,PRD-00089,1,31.99,18.14,31.99,31.99,13.85
ITM-000004705,ORD-00003446,PRD-00098,1,199.49,113.09,199.49,199.49,86.4
ITM-000004706,ORD-00003447,PRD-00029,1,94.49,33.63,94.49,94.49,60.86
ITM-000004707,ORD-00003448,PRD-00042,1,121.99,52.18,121.99,121.99,69.81
ITM-000004708,ORD-00003448,PRD-00004,1,294.49,168.07,294.49,294.49,126.42
ITM-000004709,ORD-00003448,PRD-00098,1,199.49,113.09,199.49,199.49,86.4
ITM-000004710,ORD-00003449,PRD-00079,1,46.49,15.84,46.49,46.49,30.65
ITM-000004711,ORD-00003450,PRD-00049,1,162.99,86.22,162.99,162.99,76.77
ITM-000004712,ORD-00003450,PRD-00003,3,350.49,212.61,1051.47,1051.47,413.64
ITM-000004713,ORD-00003451,PRD-00080,2,87.99,32.75,175.98,175.98,110.48
ITM-000004714,ORD-00003452,PRD-00044,1,72.99,36.23,72.99,72.99,36.76
ITM-000004715,ORD-00003452,PRD-00044,1,72.99,36.23,72.99,72.99,36.76
ITM-000004716,ORD-00003453,PRD-00046,1,113.49,52.53,113.49,113.49,60.96
ITM-000004717,ORD-00003453,PRD-00065,1,24.99,5.84,24.99,24.99,19.15
ITM-000004718,ORD-00003454,PRD-00007,1,316.99,172.8,316.99,316.99,144.19
ITM-000004719,ORD-00003455,PRD-00063,1,70.49,27.76,70.49,70.49,42.73
ITM-000004720,ORD-00003455,PRD-00069,1,51.99,14.6,51.99,51.99,37.39
ITM-000004721,ORD-00003456,PRD-00080,1,87.99,32.75,87.99,87.99,55.24
ITM-000004722,ORD-00003457,PRD-00092,1,214.99,101.72,214.99,214.99,113.27
ITM-000004723,ORD-00003458,PRD-00030,1,67.99,29.21,67.99,67.99,38.78
ITM-000004724,ORD-00003458,PRD-00021,1,114.99,46.3,114.99,114.99,68.69
ITM-000004725,ORD-00003459,PRD-00014,1,337.99,200.36,337.99,337.99,137.63
ITM-000004726,ORD-00003460,PRD-00072,1,36.99,11.8,36.99,36.99,25.19
ITM-000004727,ORD-00003460,PRD-00005,1,82.99,47.75,82.99,82.99,35.24
ITM-000004728,ORD-00003461,PRD-00014,1,337.99,200.36,337.99,337.99,137.63
ITM-000004729,ORD-00003462,PRD-00089,1,31.99,18.14,31.99,31.99,13.85
ITM-000004730,ORD-00003462,PRD-00049,1,162.99,86.22,162.99,162.99,76.77
ITM-000004731,ORD-00003463,PRD-00070,1,64.99,25.31,64.99,64.99,39.68
ITM-000004732,ORD-00003463,PRD-00050,1,173.99,93.04,173.99,173.99,80.95
ITM-000004733,ORD-00003463,PRD-00034,1,34.99,12.79,34.99,34.99,22.2
ITM-000004734,ORD-00003464,PRD-00091,3,42.99,22.68,128.97,128.97,60.93
ITM-000004735,ORD-00003465,PRD-00003,1,350.49,212.61,350.49,350.49,137.88
ITM-000004736,ORD-00003466,PRD-00096,1,199.99,116.57,199.99,199.99,83.42
ITM-000004737,ORD-00003467,PRD-00032,2,42.49,17.54,84.98,84.98,49.9
ITM-000004738,ORD-00003468,PRD-00056,2,135.49,71.03,270.98,270.98,128.92
ITM-000004739,ORD-00003469,PRD-00035,1,100.99,39.04,100.99,100.99,61.95
ITM-000004740,ORD-00003469,PRD-00035,1,100.99,39.04,100.99,100.99,61.95
ITM-000004741,ORD-00003470,PRD-00022,2,49.99,20.52,99.98,99.98,58.94
ITM-000004742,ORD-00003471,PRD-00071,1,86.99,31.3,86.99,86.99,55.69
ITM-000004743,ORD-00003471,PRD-00092,1,214.99,101.72,214.99,214.99,113.27
ITM-000004744,ORD-00003472,PRD-00051,1,52.99,21.94,52.99,52.99,31.05
ITM-000004745,ORD-00003472,PRD-00068,2,37.49,12.61,74.98,74.98,49.76
ITM-000004746,ORD-00003473,PRD-00011,2,179.99,102.31,359.98,359.98,155.36
ITM-000004747,ORD-00003474,PRD-00066,1,84.99,33.73,84.99,84.99,51.26
ITM-000004748,ORD-00003475,PRD-00063,1,70.49,27.76,70.49,70.49,42.73
ITM-000004749,ORD-00003476,PRD-00074,1,16.99,6.2,16.99,16.99,10.79
ITM-000004750,ORD-00003476,PRD-00024,1,54.99,26.28,54.99,54.99,28.71
ITM-000004751,ORD-00003477,PRD-00078,1,25.99,9.37,25.99,25.99,16.62
ITM-000004752,ORD-00003477,PRD-00051,1,52.99,21.94,52.99,52.99,31.05
ITM-000004753,ORD-00003478,PRD-00095,1,204.99,100.6,204.99,204.99,104.39
ITM-000004754,ORD-00003479,PRD-00016,1,129.99,78.72,129.99,129.99,51.27
ITM-000004755,ORD-00003480,PRD-00039,1,40.99,18.26,40.99,40.99,22.73
ITM-000004756,ORD-00003481,PRD-00045,1,83.49,36.38,83.49,83.49,47.11
ITM-000004757,ORD-00003481,PRD-00035,1,100.99,39.04,100.99,100.99,61.95
ITM-000004758,ORD-00003482,PRD-00049,2,162.99,86.22,325.98,325.98,153.54
ITM-000004759,ORD-00003483,PRD-00016,1,129.99,78.72,129.99,129.99,51.27
ITM-000004760,ORD-00003484,PRD-00073,1,84.49,28.1,84.49,84.49,56.39
ITM-000004761,ORD-00003485,PRD-00050,1,173.99,93.04,173.99,173.99,80.95
ITM-000004762,ORD-00003485,PRD-00008,1,325.99,186.16,325.99,325.99,139.83
ITM-000004763,ORD-00003486,PRD-00099,1,50.99,27.57,50.99,50.99,23.42
ITM-000004764,ORD-00003486,PRD-00049,1,162.99,86.22,162.99,162.99,76.77
ITM-000004765,ORD-00003487,PRD-00033,1,27.99,11.51,27.99,27.99,16.48
ITM-000004766,ORD-00003488,PRD-00094,1,245.99,110.0,245.99,245.99,135.99
ITM-000004767,ORD-00003489,PRD-00049,2,162.99,86.22,325.98,325.98,153.54
ITM-000004768,ORD-00003489,PRD-00024,1,54.99,26.28,54.99,54.99,28.71
ITM-000004769,ORD-00003490,PRD-00011,1,179.99,102.31,179.99,179.99,77.68
ITM-000004770,ORD-00003491,PRD-00020,1,271.99,147.22,271.99,271.99,124.77
ITM-000004771,ORD-00003492,PRD-00019,1,339.99,208.97,339.99,339.99,131.02
ITM-000004772,ORD-00003493,PRD-00054,1,137.99,68.35,137.99,137.99,69.64
ITM-000004773,ORD-00003493,PRD-00015,1,205.99,123.35,205.99,205.99,82.64
ITM-000004774,ORD-00003494,PRD-00043,1,105.99,49.95,105.99,105.99,56.04
ITM-000004775,ORD-00003494,PRD-00020,1,271.99,147.22,271.99,271.99,124.77
ITM-000004776,ORD-00003495,PRD-00008,1,325.99,186.16,325.99,325.99,139.83
ITM-000004777,ORD-00003495,PRD-00023,1,31.99,14.2,31.99,31.99,17.79
ITM-000004778,ORD-00003495,PRD-00090,1,232.99,113.86,232.99,232.99,119.13
ITM-000004779,ORD-00003496,PRD-00053,1,47.99,23.38,47.99,47.99,24.61
ITM-000004780,ORD-00003496,PRD-00013,1,275.99,176.16,275.99,275.99,99.83
ITM-000004781,ORD-00003497,PRD-00094,1,245.99,110.0,245.99,245.99,135.99
ITM-000004782,ORD-00003497,PRD-00097,1,167.49,87.54,167.49,167.49,79.95
ITM-000004783,ORD-00003497,PRD-00019,1,339.99,208.97,339.99,339.99,131.02
ITM-000004784,ORD-00003498,PRD-00081,1,77.99,39.19,77.99,77.99,38.8
ITM-000004785,ORD-00003498,PRD-00051,1,52.99,21.94,52.99,52.99,31.05
ITM-000004786,ORD-00003499,PRD-00019,1,339.99,208.97,339.99,339.99,131.02
ITM-000004787,ORD-00003500,PRD-00018,1,72.99,37.97,72.99,72.99,35.02
ITM-000004788,ORD-00003501,PRD-00039,1,40.99,18.26,40.99,40.99,22.73
ITM-000004789,ORD-00003502,PRD-00072,1,36.99,11.8,36.99,36.99,25.19
ITM-000004790,ORD-00003503,PRD-00033,1,27.99,11.51,27.99,27.99,16.48
ITM-000004791,ORD-00003504,PRD-00004,1,294.49,168.07,294.49,294.49,126.42
ITM-000004792,ORD-00003505,PRD-00070,1,64.99,25.31,64.99,64.99,39.68
ITM-000004793,ORD-00003506,PRD-00064,1,24.99,6.91,24.99,24.99,18.08
ITM-000004794,ORD-00003507,PRD-00083,1,115.99,58.28,115.99,115.99,57.71
ITM-000004795,ORD-00003507,PRD-00060,1,176.49,84.75,176.49,176.49,91.74
ITM-000004796,ORD-00003508,PRD-00024,1,54.99,26.28,54.99,54.99,28.71
ITM-000004797,ORD-00003509,PRD-00084,1,31.99,15.58,31.99,31.99,16.41
ITM-000004798,ORD-00003510,PRD-00074,1,16.99,6.2,16.99,16.99,10.79
ITM-000004799,ORD-00003511,PRD-00006,1,391.99,223.93,391.99,391.99,168.06
ITM-000004800,ORD-00003512,PRD-00080,2,87.99,32.75,175.98,175.98,110.48
ITM-000004801,ORD-00003513,PRD-00075,1,56.99,20.25,56.99,56.99,36.74
ITM-000004802,ORD-00003514,PRD-00002,1,203.99,113.88,203.99,203.99,90.11
ITM-000004803,ORD-00003515,PRD-00052,1,118.49,48.71,118.49,118.49,69.78
ITM-000004804,ORD-00003515,PRD-00032,1,42.49,17.54,42.49,42.49,24.95
ITM-000004805,ORD-00003515,PRD-00098,1,199.49,113.09,199.49,199.49,86.4
ITM-000004806,ORD-00003516,PRD-00044,1,72.99,36.23,72.99,72.99,36.76
ITM-000004807,ORD-00003517,PRD-00074,1,16.99,6.2,16.99,16.99,10.79
ITM-000004808,ORD-00003517,PRD-00077,1,22.99,8.27,22.99,22.99,14.72
ITM-000004809,ORD-00003518,PRD-00063,1,70.49,27.76,70.49,70.49,42.73
ITM-000004810,ORD-00003518,PRD-00050,1,173.99,93.04,173.99,173.99,80.95
ITM-000004811,ORD-00003519,PRD-00080,2,87.99,32.75,175.98,175.98,110.48
ITM-000004812,ORD-00003520,PRD-00006,1,391.99,223.93,391.99,391.99,168.06
ITM-000004813,ORD-00003521,PRD-00006,1,391.99,223.93,391.99,391.99,168.06
ITM-000004814,ORD-00003522,PRD-00041,2,180.99,84.81,361.98,361.98,192.36
ITM-000004815,ORD-00003522,PRD-00034,1,34.99,12.79,34.99,34.99,22.2
ITM-000004816,ORD-00003523,PRD-00098,1,199.49,113.09,199.49,199.49,86.4
ITM-000004817,ORD-00003524,PRD-00026,1,94.99,41.91,94.99,94.99,53.08
ITM-000004818,ORD-00003525,PRD-00021,1,114.99,46.3,114.99,114.99,68.69
ITM-000004819,ORD-00003526,PRD-00042,1,121.99,52.18,121.99,121.99,69.81
ITM-000004820,ORD-00003527,PRD-00053,1,47.99,23.38,47.99,47.99,24.61
ITM-000004821,ORD-00003528,PRD-00004,1,294.49,168.07,294.49,294.49,126.42
ITM-000004822,ORD-00003529,PRD-00016,2,129.99,78.72,259.98,259.98,102.54
ITM-000004823,ORD-00003530,PRD-00008,1,325.99,186.16,325.99,325.99,139.83
ITM-000004824,ORD-00003531,PRD-00065,2,24.99,5.84,49.98,49.98,38.3
ITM-000004825,ORD-00003532,PRD-00007,1,316.99,172.8,316.99,316.99,144.19
ITM-000004826,ORD-00003532,PRD-00028,1,107.49,45.05,107.49,107.49,62.44
ITM-000004827,ORD-00003533,PRD-00045,1,83.49,36.38,83.49,83.49,47.11
ITM-000004828,ORD-00003533,PRD-00037,1,41.99,15.18,41.99,41.99,26.81
ITM-000004829,ORD-00003533,PRD-00009,1,94.99,52.51,94.99,94.99,42.48
ITM-000004830,ORD-00003534,PRD-00091,1,42.99,22.68,42.99,42.99,20.31
ITM-000004831,ORD-00003534,PRD-00055,1,74.99,31.61,74.99,74.99,43.38
ITM-000004832,ORD-00003534,PRD-00002,1,203.99,113.88,203.99,203.99,90.11
ITM-000004833,ORD-00003535,PRD-00062,1,68.49,27.5,68.49,68.49,40.99
ITM-000004834,ORD-00003536,PRD-00042,1,121.99,52.18,121.99,121.99,69.81
ITM-000004835,ORD-00003537,PRD-00063,1,70.49,27.76,70.49,70.49,42.73
ITM-000004836,ORD-00003538,PRD-00003,1,350.49,212.61,350.49,350.49,137.88
ITM-000004837,ORD-00003539,PRD-00063,1,70.49,27.76,70.49,70.49,42.73
ITM-000004838,ORD-00003540,PRD-00062,1,68.49,27.5,68.49,68.49,40.99
ITM-000004839,ORD-00003540,PRD-00006,1,391.99,223.93,391.99,391.99,168.06
ITM-000004840,ORD-00003540,PRD-00027,1,83.99,34.49,83.99,83.99,49.5
ITM-000004841,ORD-00003541,PRD-00035,1,100.99,39.04,100.99,100.99,61.95
ITM-000004842,ORD-00003541,PRD-00032,1,42.49,17.54,42.49,42.49,24.95
ITM-000004843,ORD-00003542,PRD-00073,2,84.49,28.1,168.98,168.98,112.78
ITM-000004844,ORD-00003543,PRD-00020,2,271.99,147.22,543.98,543.98,249.54
ITM-000004845,ORD-00003544,PRD-00059,1,47.49,23.54,47.49,47.49,23.95
ITM-000004846,ORD-00003545,PRD-00002,1,203.99,113.88,203.99,203.99,90.11
ITM-000004847,ORD-00003546,PRD-00037,1,41.99,15.18,41.99,41.99,26.81
ITM-000004848,ORD-00003547,PRD-00097,1,167.49,87.54,167.49,167.49,79.95
ITM-000004849,ORD-00003548,PRD-00054,1,137.99,68.35,137.99,137.99,69.64
ITM-000004850,ORD-00003549,PRD-00092,1,214.99,101.72,214.99,214.99,113.27
ITM-000004851,ORD-00003550,PRD-00057,1,146.49,75.56,146.49,146.49,70.93
ITM-000004852,ORD-00003551,PRD-00076,1,62.99,25.51,62.99,62.99,37.48
ITM-000004853,ORD-00003551,PRD-00016,1,129.99,78.72,129.99,129.99,51.27
ITM-000004854,ORD-00003552,PRD-00015,1,205.99,123.35,205.99,205.99,82.64
ITM-000004855,ORD-00003552,PRD-00022,1,49.99,20.52,49.99,49.99,29.47
ITM-000004856,ORD-00003552,PRD-00001,1,320.99,176.63,320.99,320.99,144.36
ITM-000004857,ORD-00003553,PRD-00031,1,110.99,51.16,110.99,110.99,59.83
ITM-000004858,ORD-00003553,PRD-00007,2,316.99,172.8,633.98,633.98,288.38
ITM-000004859,ORD-00003554,PRD-00013,1,275.99,176.16,275.99,275.99,99.83
ITM-000004860,ORD-00003555,PRD-00027,1,83.99,34.49,83.99,83.99,49.5
ITM-000004861,ORD-00003556,PRD-00031,1,110.99,51.16,110.99,110.99,59.83
ITM-000004862,ORD-00003557,PRD-00026,2,94.99,41.91,189.98,189.98,106.16
ITM-000004863,ORD-00003558,PRD-00050,1,173.99,93.04,173.99,173.99,80.95
ITM-000004864,ORD-00003559,PRD-00039,1,40.99,18.26,40.99,40.99,22.73
ITM-000004865,ORD-00003560,PRD-00008,1,325.99,186.16,325.99,325.99,139.83
ITM-000004866,ORD-00003561,PRD-00014,1,337.99,200.36,337.99,337.99,137.63
ITM-000004867,ORD-00003562,PRD-00004,1,294.49,168.07,294.49,294.49,126.42
ITM-000004868,ORD-00003562,PRD-00043,2,105.99,49.95,211.98,211.98,112.08
ITM-000004869,ORD-00003562,PRD-00053,1,47.99,23.38,47.99,47.99,24.61
ITM-000004870,ORD-00003563,PRD-00001,2,320.99,176.63,641.98,641.98,288.72
ITM-000004871,ORD-00003564,PRD-00087,1,43.99,24.1,43.99,43.99,19.89
ITM-000004872,ORD-00003565,PRD-00057,1,146.49,75.56,146.49,146.49,70.93
ITM-000004873,ORD-00003566,PRD-00020,1,271.99,147.22,271.99,271.99,124.77
ITM-000004874,ORD-00003567,PRD-00075,1,56.99,20.25,56.99,56.99,36.74
ITM-000004875,ORD-00003568,PRD-00082,1,151.49,68.21,151.49,151.49,83.28
ITM-000004876,ORD-00003569,PRD-00011,1,179.99,102.31,179.99,179.99,77.68
ITM-000004877,ORD-00003570,PRD-00043,1,105.99,49.95,105.99,105.99,56.04
ITM-000004878,ORD-00003570,PRD-00099,1,50.99,27.57,50.99,50.99,23.42
ITM-000004879,ORD-00003571,PRD-00081,1,77.99,39.19,77.99,77.99,38.8
ITM-000004880,ORD-00003572,PRD-00085,1,105.99,56.37,105.99,105.99,49.62
ITM-000004881,ORD-00003572,PRD-00011,1,179.99,102.31,179.99,179.99,77.68
ITM-000004882,ORD-00003573,PRD-00083,1,115.99,58.28,115.99,115.99,57.71
ITM-000004883,ORD-00003574,PRD-00081,1,77.99,39.19,77.99,77.99,38.8
ITM-000004884,ORD-00003575,PRD-00009,1,94.99,52.51,94.99,94.99,42.48
ITM-000004885,ORD-00003576,PRD-00091,1,42.99,22.68,42.99,42.99,20.31
ITM-000004886,ORD-00003577,PRD-00027,2,83.99,34.49,167.98,167.98,99.0
ITM-000004887,ORD-00003578,PRD-00061,1,75.99,20.12,75.99,75.99,55.87
ITM-000004888,ORD-00003579,PRD-00045,1,83.49,36.38,83.49,83.49,47.11
ITM-000004889,ORD-00003579,PRD-00032,1,42.49,17.54,42.49,42.49,24.95
ITM-000004890,ORD-00003580,PRD-00009,1,94.99,52.51,94.99,94.99,42.48
ITM-000004891,ORD-00003580,PRD-00016,1,129.99,78.72,129.99,129.99,51.27
ITM-000004892,ORD-00003580,PRD-00035,1,100.99,39.04,100.99,100.99,61.95
ITM-000004893,ORD-00003581,PRD-00090,1,232.99,113.86,232.99,232.99,119.13
ITM-000004894,ORD-00003582,PRD-00036,1,73.99,30.02,73.99,73.99,43.97
ITM-000004895,ORD-00003583,PRD-00025,1,55.99,23.35,55.99,55.99,32.64
ITM-000004896,ORD-00003584,PRD-00060,1,176.49,84.75,176.49,176.49,91.74
ITM-000004897,ORD-00003585,PRD-00087,1,43.99,24.1,43.99,43.99,19.89
ITM-000004898,ORD-00003586,PRD-00005,1,82.99,47.75,82.99,82.99,35.24
ITM-000004899,ORD-00003587,PRD-00077,3,22.99,8.27,68.97,68.97,44.16
ITM-000004900,ORD-00003587,PRD-00028,1,107.49,45.05,107.49,107.49,62.44
ITM-000004901,ORD-00003588,PRD-00012,1,374.49,207.75,374.49,374.49,166.74
ITM-000004902,ORD-00003589,PRD-00049,1,162.99,86.22,162.99,162.99,76.77
ITM-000004903,ORD-00003590,PRD-00022,1,49.99,20.52,49.99,49.99,29.47
ITM-000004904,ORD-00003591,PRD-00037,1,41.99,15.18,41.99,41.99,26.81
ITM-000004905,ORD-00003592,PRD-00044,1,72.99,36.23,72.99,72.99,36.76
ITM-000004906,ORD-00003593,PRD-00037,1,41.99,15.18,41.99,41.99,26.81
ITM-000004907,ORD-00003594,PRD-00007,1,316.99,172.8,316.99,316.99,144.19
ITM-000004908,ORD-00003595,PRD-00007,1,316.99,172.8,316.99,316.99,144.19
ITM-000004909,ORD-00003596,PRD-00100,1,143.99,66.17,143.99,143.99,77.82
ITM-000004910,ORD-00003597,PRD-00017,1,244.99,144.79,244.99,244.99,100.2
ITM-000004911,ORD-00003598,PRD-00002,1,203.99,113.88,203.99,203.99,90.11
ITM-000004912,ORD-00003599,PRD-00056,1,135.49,71.03,135.49,135.49,64.46
ITM-000004913,ORD-00003600,PRD-00077,1,22.99,8.27,22.99,22.99,14.72
ITM-000004914,ORD-00003601,PRD-00040,1,98.99,45.24,98.99,98.99,53.75
ITM-000004915,ORD-00003602,PRD-00056,1,135.49,71.03,135.49,135.49,64.46
ITM-000004916,ORD-00003602,PRD-00049,2,162.99,86.22,325.98,325.98,153.54
ITM-000004917,ORD-00003603,PRD-00097,2,167.49,87.54,334.98,334.98,159.9
ITM-000004918,ORD-00003604,PRD-00014,1,337.99,200.36,337.99,337.99,137.63
ITM-000004919,ORD-00003605,PRD-00016,1,129.99,78.72,129.99,129.99,51.27
ITM-000004920,ORD-00003606,PRD-00001,1,320.99,176.63,320.99,320.99,144.36
ITM-000004921,ORD-00003606,PRD-00041,1,180.99,84.81,180.99,180.99,96.18
ITM-000004922,ORD-00003607,PRD-00004,2,294.49,168.07,588.98,588.98,252.84
ITM-000004923,ORD-00003608,PRD-00052,1,118.49,48.71,118.49,118.49,69.78
ITM-000004924,ORD-00003608,PRD-00028,1,107.49,45.05,107.49,107.49,62.44
ITM-000004925,ORD-00003609,PRD-00044,1,72.99,36.23,72.99,72.99,36.76
ITM-000004926,ORD-00003610,PRD-00070,2,64.99,25.31,129.98,129.98,79.36
ITM-000004927,ORD-00003611,PRD-00013,1,275.99,176.16,275.99,275.99,99.83
ITM-000004928,ORD-00003612,PRD-00045,1,83.49,36.38,83.49,83.49,47.11
ITM-000004929,ORD-00003612,PRD-00064,1,24.99,6.91,24.99,24.99,18.08
ITM-000004930,ORD-00003613,PRD-00002,1,203.99,113.88,203.99,203.99,90.11
ITM-000004931,ORD-00003614,PRD-00026,1,94.99,41.91,94.99,94.99,53.08
ITM-000004932,ORD-00003615,PRD-00025,2,55.99,23.35,111.98,111.98,65.28
ITM-000004933,ORD-00003615,PRD-00083,2,115.99,58.28,231.98,231.98,115.42
ITM-000004934,ORD-00003616,PRD-00069,3,51.99,14.6,155.97,155.97,112.17
ITM-000004935,ORD-00003616,PRD-00002,1,203.99,113.88,203.99,203.99,90.11
ITM-000004936,ORD-00003616,PRD-00039,1,40.99,18.26,40.99,40.99,22.73
ITM-000004937,ORD-00003617,PRD-00041,1,180.99,84.81,180.99,180.99,96.18
ITM-000004938,ORD-00003618,PRD-00031,1,110.99,51.16,110.99,110.99,59.83
ITM-000004939,ORD-00003619,PRD-00003,1,350.49,212.61,350.49,350.49,137.88
ITM-000004940,ORD-00003619,PRD-00061,2,75.99,20.12,151.98,151.98,111.74
ITM-000004941,ORD-00003620,PRD-00026,1,94.99,41.91,94.99,94.99,53.08
ITM-000004942,ORD-00003620,PRD-00018,1,72.99,37.97,72.99,72.99,35.02
ITM-000004943,ORD-00003621,PRD-00027,1,83.99,34.49,83.99,83.99,49.5
ITM-000004944,ORD-00003622,PRD-00015,1,205.99,123.35,205.99,205.99,82.64
ITM-000004945,ORD-00003623,PRD-00053,1,47.99,23.38,47.99,47.99,24.61
ITM-000004946,ORD-00003624,PRD-00060,1,176.49,84.75,176.49,176.49,91.74
ITM-000004947,ORD-00003624,PRD-00075,1,56.99,20.25,56.99,56.99,36.74
ITM-000004948,ORD-00003625,PRD-00054,1,137.99,68.35,137.99,137.99,69.64
ITM-000004949,ORD-00003626,PRD-00048,1,33.49,15.83,33.49,33.49,17.66
ITM-000004950,ORD-00003627,PRD-00066,1,84.99,33.73,84.99,84.99,51.26
ITM-000004951,ORD-00003628,PRD-00097,2,167.49,87.54,334.98,334.98,159.9
ITM-000004952,ORD-00003629,PRD-00091,1,42.99,22.68,42.99,42.99,20.31
ITM-000004953,ORD-00003629,PRD-00009,1,94.99,52.51,94.99,94.99,42.48
ITM-000004954,ORD-00003630,PRD-00058,1,152.99,69.5,152.99,152.99,83.49
ITM-000004955,ORD-00003631,PRD-00013,1,275.99,176.16,275.99,275.99,99.83
ITM-000004956,ORD-00003631,PRD-00017,1,244.99,144.79,244.99,244.99,100.2
ITM-000004957,ORD-00003632,PRD-00047,2,100.99,42.27,201.98,201.98,117.44
ITM-000004958,ORD-00003633,PRD-00098,1,199.49,113.09,199.49,199.49,86.4
ITM-000004959,ORD-00003634,PRD-00053,1,47.99,23.38,47.99,47.99,24.61
ITM-000004960,ORD-00003634,PRD-00068,2,37.49,12.61,74.98,74.98,49.76
ITM-000004961,ORD-00003635,PRD-00003,1,350.49,212.61,350.49,350.49,137.88
ITM-000004962,ORD-00003636,PRD-00052,1,118.49,48.71,118.49,118.49,69.78
ITM-000004963,ORD-00003637,PRD-00073,1,84.49,28.1,84.49,84.49,56.39
ITM-000004964,ORD-00003637,PRD-00018,1,72.99,37.97,72.99,72.99,35.02
ITM-000004965,ORD-00003638,PRD-00026,1,94.99,41.91,94.99,94.99,53.08
ITM-000004966,ORD-00003639,PRD-00095,1,204.99,100.6,204.99,204.99,104.39
ITM-000004967,ORD-00003640,PRD-00053,1,47.99,23.38,47.99,47.99,24.61
ITM-000004968,ORD-00003641,PRD-00060,1,176.49,84.75,176.49,176.49,91.74
ITM-000004969,ORD-00003641,PRD-00061,1,75.99,20.12,75.99,75.99,55.87
ITM-000004970,ORD-00003642,PRD-00089,1,31.99,18.14,31.99,31.99,13.85
ITM-000004971,ORD-00003643,PRD-00066,1,84.99,33.73,84.99,84.99,51.26
ITM-000004972,ORD-00003644,PRD-00034,1,34.99,12.79,34.99,34.99,22.2
ITM-000004973,ORD-00003645,PRD-00024,1,54.99,26.28,54.99,54.99,28.71
ITM-000004974,ORD-00003646,PRD-00056,1,135.49,71.03,135.49,135.49,64.46
ITM-000004975,ORD-00003647,PRD-00032,1,42.49,17.54,42.49,42.49,24.95
ITM-000004976,ORD-00003648,PRD-00020,3,271.99,147.22,815.97,815.97,374.31
ITM-000004977,ORD-00003649,PRD-00041,1,180.99,84.81,180.99,180.99,96.18
ITM-000004978,ORD-00003650,PRD-00033,2,27.99,11.51,55.98,55.98,32.96
ITM-000004979,ORD-00003651,PRD-00015,2,205.99,123.35,411.98,411.98,165.28
ITM-000004980,ORD-00003652,PRD-00006,1,391.99,223.93,391.99,391.99,168.06
ITM-000004981,ORD-00003653,PRD-00085,1,105.99,56.37,105.99,105.99,49.62
ITM-000004982,ORD-00003654,PRD-00034,1,34.99,12.79,34.99,34.99,22.2
ITM-000004983,ORD-00003654,PRD-00018,1,72.99,37.97,72.99,72.99,35.02
ITM-000004984,ORD-00003655,PRD-00093,1,227.99,111.71,227.99,227.99,116.28
ITM-000004985,ORD-00003655,PRD-00089,1,31.99,18.14,31.99,31.99,13.85
ITM-000004986,ORD-00003656,PRD-00023,1,31.99,14.2,31.99,31.99,17.79
ITM-000004987,ORD-00003657,PRD-00049,1,162.99,86.22,162.99,162.99,76.77
ITM-000004988,ORD-00003658,PRD-00055,1,74.99,31.61,74.99,74.99,43.38
ITM-000004989,ORD-00003659,PRD-00073,1,84.49,28.1,84.49,84.49,56.39
ITM-000004990,ORD-00003660,PRD-00029,1,94.49,33.63,94.49,94.49,60.86
ITM-000004991,ORD-00003661,PRD-00036,1,73.99,30.02,73.99,73.99,43.97
ITM-000004992,ORD-00003662,PRD-00024,1,54.99,26.28,54.99,54.99,28.71
ITM-000004993,ORD-00003663,PRD-00100,1,143.99,66.17,143.99,143.99,77.82
ITM-000004994,ORD-00003664,PRD-00023,1,31.99,14.2,31.99,31.99,17.79
ITM-000004995,ORD-00003665,PRD-00092,1,214.99,101.72,214.99,214.99,113.27
ITM-000004996,ORD-00003666,PRD-00083,1,115.99,58.28,115.99,115.99,57.71
ITM-000004997,ORD-00003667,PRD-00011,1,179.99,102.31,179.99,179.99,77.68
ITM-000004998,ORD-00003668,PRD-00018,1,72.99,37.97,72.99,72.99,35.02
ITM-000004999,ORD-00003669,PRD-00059,1,47.49,23.54,47.49,47.49,23.95
ITM-000005000,ORD-00003669,PRD-00095,1,204.99,100.6,204.99,204.99,104.39
ITM-000005001,ORD-00003670,PRD-00036,2,73.99,30.02,147.98,147.98,87.94
ITM-000005002,ORD-00003671,PRD-00013,1,275.99,176.16,275.99,275.99,99.83
ITM-000005003,ORD-00003672,PRD-00066,1,84.99,33.73,84.99,84.99,51.26
ITM-000005004,ORD-00003673,PRD-00090,1,232.99,113.86,232.99,232.99,119.13
ITM-000005005,ORD-00003674,PRD-00029,2,94.49,33.63,188.98,188.98,121.72
ITM-000005006,ORD-00003674,PRD-00064,1,24.99,6.91,24.99,24.99,18.08
ITM-000005007,ORD-00003674,PRD-00006,1,391.99,223.93,391.99,391.99,168.06
ITM-000005008,ORD-00003675,PRD-00001,1,320.99,176.63,320.99,320.99,144.36
ITM-000005009,ORD-00003676,PRD-00020,1,271.99,147.22,271.99,271.99,124.77
ITM-000005010,ORD-00003677,PRD-00054,1,137.99,68.35,137.99,137.99,69.64
ITM-000005011,ORD-00003678,PRD-00057,2,146.49,75.56,292.98,292.98,141.86
ITM-000005012,ORD-00003679,PRD-00084,1,31.99,15.58,31.99,31.99,16.41
ITM-000005013,ORD-00003680,PRD-00090,1,232.99,113.86,232.99,232.99,119.13
ITM-000005014,ORD-00003681,PRD-00066,1,84.99,33.73,84.99,84.99,51.26
ITM-000005015,ORD-00003682,PRD-00006,1,391.99,223.93,391.99,391.99,168.06
ITM-000005016,ORD-00003682,PRD-00016,1,129.99,78.72,129.99,129.99,51.27
ITM-000005017,ORD-00003683,PRD-00080,1,87.99,32.75,87.99,87.99,55.24
ITM-000005018,ORD-00003683,PRD-00056,1,135.49,71.03,135.49,135.49,64.46
ITM-000005019,ORD-00003684,PRD-00092,1,214.99,101.72,214.99,214.99,113.27
ITM-000005020,ORD-00003685,PRD-00050,2,173.99,93.04,347.98,347.98,161.9
ITM-000005021,ORD-00003686,PRD-00062,1,68.49,27.5,68.49,68.49,40.99
ITM-000005022,ORD-00003687,PRD-00029,1,94.49,33.63,94.49,94.49,60.86
ITM-000005023,ORD-00003688,PRD-00073,1,84.49,28.1,84.49,84.49,56.39
ITM-000005024,ORD-00003689,PRD-00034,1,34.99,12.79,34.99,34.99,22.2
ITM-000005025,ORD-00003690,PRD-00040,1,98.99,45.24,98.99,98.99,53.75
ITM-000005026,ORD-00003691,PRD-00078,1,25.99,9.37,25.99,25.99,16.62
ITM-000005027,ORD-00003692,PRD-00079,1,46.49,15.84,46.49,46.49,30.65
ITM-000005028,ORD-00003693,PRD-00031,1,110.99,51.16,110.99,110.99,59.83
ITM-000005029,ORD-00003693,PRD-00036,3,73.99,30.02,221.97,221.97,131.91
ITM-000005030,ORD-00003693,PRD-00020,1,271.99,147.22,271.99,271.99,124.77
ITM-000005031,ORD-00003694,PRD-00016,1,129.99,78.72,129.99,129.99,51.27
ITM-000005032,ORD-00003695,PRD-00021,2,114.99,46.3,229.98,229.98,137.38
ITM-000005033,ORD-00003696,PRD-00079,2,46.49,15.84,92.98,92.98,61.3
ITM-000005034,ORD-00003697,PRD-00080,1,87.99,32.75,87.99,87.99,55.24
ITM-000005035,ORD-00003697,PRD-00052,1,118.49,48.71,118.49,118.49,69.78
ITM-000005036,ORD-00003697,PRD-00043,3,105.99,49.95,317.97,317.97,168.12
ITM-000005037,ORD-00003698,PRD-00049,1,162.99,86.22,162.99,162.99,76.77
ITM-000005038,ORD-00003699,PRD-00027,1,83.99,34.49,83.99,83.99,49.5
ITM-000005039,ORD-00003700,PRD-00078,1,25.99,9.37,25.99,25.99,16.62
ITM-000005040,ORD-00003701,PRD-00016,1,129.99,78.72,129.99,129.99,51.27
ITM-000005041,ORD-00003702,PRD-00095,1,204.99,100.6,204.99,204.99,104.39
ITM-000005042,ORD-00003703,PRD-00080,2,87.99,32.75,175.98,175.98,110.48
ITM-000005043,ORD-00003703,PRD-00092,1,214.99,101.72,214.99,214.99,113.27
ITM-000005044,ORD-00003704,PRD-00029,1,94.49,33.63,94.49,94.49,60.86
ITM-000005045,ORD-00003705,PRD-00065,1,24.99,5.84,24.99,24.99,19.15
ITM-000005046,ORD-00003706,PRD-00051,1,52.99,21.94,52.99,52.99,31.05
ITM-000005047,ORD-00003707,PRD-00085,1,105.99,56.37,105.99,105.99,49.62
ITM-000005048,ORD-00003708,PRD-00007,1,316.99,172.8,316.99,316.99,144.19
ITM-000005049,ORD-00003709,PRD-00035,1,100.99,39.04,100.99,100.99,61.95
ITM-000005050,ORD-00003709,PRD-00015,1,205.99,123.35,205.99,205.99,82.64
ITM-000005051,ORD-00003709,PRD-00081,1,77.99,39.19,77.99,77.99,38.8
ITM-000005052,ORD-00003710,PRD-00042,1,121.99,52.18,121.99,121.99,69.81
ITM-000005053,ORD-00003711,PRD-00059,1,47.49,23.54,47.49,47.49,23.95
ITM-000005054,ORD-00003712,PRD-00072,1,36.99,11.8,36.99,36.99,25.19
ITM-000005055,ORD-00003713,PRD-00089,2,31.99,18.14,63.98,63.98,27.7
ITM-000005056,ORD-00003714,PRD-00032,1,42.49,17.54,42.49,42.49,24.95
ITM-000005057,ORD-00003714,PRD-00052,3,118.49,48.71,355.47,355.47,209.34
ITM-000005058,ORD-00003715,PRD-00077,1,22.99,8.27,22.99,22.99,14.72
ITM-000005059,ORD-00003715,PRD-00084,1,31.99,15.58,31.99,31.99,16.41
ITM-000005060,ORD-00003715,PRD-00068,3,37.49,12.61,112.47,112.47,74.64
ITM-000005061,ORD-00003716,PRD-00004,1,294.49,168.07,294.49,294.49,126.42
ITM-000005062,ORD-00003717,PRD-00092,2,214.99,101.72,429.98,429.98,226.54
ITM-000005063,ORD-00003718,PRD-00001,1,320.99,176.63,320.99,320.99,144.36
ITM-000005064,ORD-00003719,PRD-00074,1,16.99,6.2,16.99,16.99,10.79
ITM-000005065,ORD-00003720,PRD-00076,1,62.99,25.51,62.99,62.99,37.48
ITM-000005066,ORD-00003721,PRD-00060,1,176.49,84.75,176.49,176.49,91.74
ITM-000005067,ORD-00003722,PRD-00088,1,211.99,101.84,211.99,211.99,110.15
ITM-000005068,ORD-00003723,PRD-00041,1,180.99,84.81,180.99,180.99,96.18
ITM-000005069,ORD-00003724,PRD-00058,1,152.99,69.5,152.99,152.99,83.49
ITM-000005070,ORD-00003724,PRD-00062,1,68.49,27.5,68.49,68.49,40.99
ITM-000005071,ORD-00003725,PRD-00086,3,140.99,72.94,422.97,422.97,204.15
ITM-000005072,ORD-00003726,PRD-00100,1,143.99,66.17,143.99,143.99,77.82
ITM-000005073,ORD-00003727,PRD-00013,1,275.99,176.16,275.99,275.99,99.83
ITM-000005074,ORD-00003728,PRD-00093,1,227.99,111.71,227.99,227.99,116.28
ITM-000005075,ORD-00003728,PRD-00017,1,244.99,144.79,244.99,244.99,100.2
ITM-000005076,ORD-00003729,PRD-00100,1,143.99,66.17,143.99,143.99,77.82
ITM-000005077,ORD-00003729,PRD-00048,1,33.49,15.83,33.49,33.49,17.66
ITM-000005078,ORD-00003730,PRD-00069,1,51.99,14.6,51.99,51.99,37.39
ITM-000005079,ORD-00003730,PRD-00057,1,146.49,75.56,146.49,146.49,70.93
ITM-000005080,ORD-00003731,PRD-00030,3,67.99,29.21,203.97,203.97,116.34
ITM-000005081,ORD-00003731,PRD-00062,1,68.49,27.5,68.49,68.49,40.99
ITM-000005082,ORD-00003732,PRD-00060,1,176.49,84.75,176.49,176.49,91.74
ITM-000005083,ORD-00003732,PRD-00001,1,320.99,176.63,320.99,320.99,144.36
ITM-000005084,ORD-00003733,PRD-00100,1,143.99,66.17,143.99,143.99,77.82
ITM-000005085,ORD-00003734,PRD-00099,2,50.99,27.57,101.98,101.98,46.84
ITM-000005086,ORD-00003735,PRD-00083,1,115.99,58.28,115.99,115.99,57.71
ITM-000005087,ORD-00003735,PRD-00037,1,41.99,15.18,41.99,41.99,26.81
ITM-000005088,ORD-00003736,PRD-00014,1,337.99,200.36,337.99,337.99,137.63
ITM-000005089,ORD-00003737,PRD-00038,2,77.49,36.23,154.98,154.98,82.52
ITM-000005090,ORD-00003738,PRD-00033,1,27.99,11.51,27.99,27.99,16.48
ITM-000005091,ORD-00003738,PRD-00013,1,275.99,176.16,275.99,275.99,99.83
ITM-000005092,ORD-00003738,PRD-00089,1,31.99,18.14,31.99,31.99,13.85
ITM-000005093,ORD-00003739,PRD-00034,1,34.99,12.79,34.99,34.99,22.2
ITM-000005094,ORD-00003740,PRD-00042,1,121.99,52.18,121.99,121.99,69.81
ITM-000005095,ORD-00003741,PRD-00096,1,199.99,116.57,199.99,199.99,83.42
ITM-000005096,ORD-00003742,PRD-00052,1,118.49,48.71,118.49,118.49,69.78
ITM-000005097,ORD-00003742,PRD-00001,1,320.99,176.63,320.99,320.99,144.36
ITM-000005098,ORD-00003742,PRD-00097,1,167.49,87.54,167.49,167.49,79.95
ITM-000005099,ORD-00003743,PRD-00005,1,82.99,47.75,82.99,82.99,35.24
ITM-000005100,ORD-00003744,PRD-00009,1,94.99,52.51,94.99,94.99,42.48
ITM-000005101,ORD-00003745,PRD-00078,2,25.99,9.37,51.98,51.98,33.24
ITM-000005102,ORD-00003746,PRD-00098,1,199.49,113.09,199.49,199.49,86.4
ITM-000005103,ORD-00003747,PRD-00054,1,137.99,68.35,137.99,137.99,69.64
ITM-000005104,ORD-00003747,PRD-00072,1,36.99,11.8,36.99,36.99,25.19
ITM-000005105,ORD-00003747,PRD-00037,1,41.99,15.18,41.99,41.99,26.81
ITM-000005106,ORD-00003748,PRD-00036,2,73.99,30.02,147.98,147.98,87.94
ITM-000005107,ORD-00003748,PRD-00044,1,72.99,36.23,72.99,72.99,36.76
ITM-000005108,ORD-00003748,PRD-00061,1,75.99,20.12,75.99,75.99,55.87
ITM-000005109,ORD-00003749,PRD-00066,1,84.99,33.73,84.99,84.99,51.26
ITM-000005110,ORD-00003750,PRD-00086,1,140.99,72.94,140.99,140.99,68.05
ITM-000005111,ORD-00003750,PRD-00067,3,44.99,16.41,134.97,134.97,85.74
ITM-000005112,ORD-00003751,PRD-00030,1,67.99,29.21,67.99,67.99,38.78
ITM-000005113,ORD-00003751,PRD-00055,1,74.99,31.61,74.99,74.99,43.38
ITM-000005114,ORD-00003752,PRD-00096,1,199.99,116.57,199.99,199.99,83.42
ITM-000005115,ORD-00003753,PRD-00093,1,227.99,111.71,227.99,227.99,116.28
ITM-000005116,ORD-00003754,PRD-00024,1,54.99,26.28,54.99,54.99,28.71
ITM-000005117,ORD-00003755,PRD-00012,1,374.49,207.75,374.49,374.49,166.74
ITM-000005118,ORD-00003756,PRD-00073,1,84.49,28.1,84.49,84.49,56.39
ITM-000005119,ORD-00003756,PRD-00081,1,77.99,39.19,77.99,77.99,38.8
ITM-000005120,ORD-00003757,PRD-00020,1,271.99,147.22,271.99,271.99,124.77
ITM-000005121,ORD-00003758,PRD-00006,1,391.99,223.93,391.99,391.99,168.06
ITM-000005122,ORD-00003758,PRD-00016,1,129.99,78.72,129.99,129.99,51.27
ITM-000005123,ORD-00003759,PRD-00061,1,75.99,20.12,75.99,75.99,55.87
ITM-000005124,ORD-00003760,PRD-00007,1,316.99,172.8,316.99,316.99,144.19
ITM-000005125,ORD-00003761,PRD-00060,2,176.49,84.75,352.98,352.98,183.48
ITM-000005126,ORD-00003762,PRD-00080,1,87.99,32.75,87.99,87.99,55.24
ITM-000005127,ORD-00003763,PRD-00095,1,204.99,100.6,204.99,204.99,104.39
ITM-000005128,ORD-00003764,PRD-00038,1,77.49,36.23,77.49,77.49,41.26
ITM-000005129,ORD-00003765,PRD-00010,1,207.99,120.07,207.99,207.99,87.92
ITM-000005130,ORD-00003766,PRD-00007,1,316.99,172.8,316.99,316.99,144.19
ITM-000005131,ORD-00003767,PRD-00034,1,34.99,12.79,34.99,34.99,22.2
ITM-000005132,ORD-00003768,PRD-00049,1,162.99,86.22,162.99,162.99,76.77
ITM-000005133,ORD-00003768,PRD-00028,1,107.49,45.05,107.49,107.49,62.44
ITM-000005134,ORD-00003769,PRD-00075,2,56.99,20.25,113.98,113.98,73.48
ITM-000005135,ORD-00003769,PRD-00085,1,105.99,56.37,105.99,105.99,49.62
ITM-000005136,ORD-00003770,PRD-00062,3,68.49,27.5,205.47,205.47,122.97
ITM-000005137,ORD-00003771,PRD-00038,1,77.49,36.23,77.49,77.49,41.26
ITM-000005138,ORD-00003772,PRD-00034,1,34.99,12.79,34.99,34.99,22.2
ITM-000005139,ORD-00003772,PRD-00091,1,42.99,22.68,42.99,42.99,20.31
ITM-000005140,ORD-00003773,PRD-00007,1,316.99,172.8,316.99,316.99,144.19
ITM-000005141,ORD-00003774,PRD-00091,1,42.99,22.68,42.99,42.99,20.31
ITM-000005142,ORD-00003775,PRD-00038,1,77.49,36.23,77.49,77.49,41.26
ITM-000005143,ORD-00003776,PRD-00057,1,146.49,75.56,146.49,146.49,70.93
ITM-000005144,ORD-00003777,PRD-00050,1,173.99,93.04,173.99,173.99,80.95
ITM-000005145,ORD-00003778,PRD-00071,1,86.99,31.3,86.99,86.99,55.69
ITM-000005146,ORD-00003778,PRD-00026,1,94.99,41.91,94.99,94.99,53.08
ITM-000005147,ORD-00003778,PRD-00083,1,115.99,58.28,115.99,115.99,57.71
ITM-000005148,ORD-00003779,PRD-00012,1,374.49,207.75,374.49,374.49,166.74
ITM-000005149,ORD-00003780,PRD-00094,3,245.99,110.0,737.97,737.97,407.97
ITM-000005150,ORD-00003780,PRD-00041,1,180.99,84.81,180.99,180.99,96.18
ITM-000005151,ORD-00003781,PRD-00039,1,40.99,18.26,40.99,40.99,22.73
ITM-000005152,ORD-00003782,PRD-00092,2,214.99,101.72,429.98,429.98,226.54
ITM-000005153,ORD-00003783,PRD-00003,1,350.49,212.61,350.49,350.49,137.88
ITM-000005154,ORD-00003784,PRD-00054,1,137.99,68.35,137.99,137.99,69.64
ITM-000005155,ORD-00003784,PRD-00047,1,100.99,42.27,100.99,100.99,58.72
ITM-000005156,ORD-00003785,PRD-00016,2,129.99,78.72,259.98,259.98,102.54
ITM-000005157,ORD-00003786,PRD-00009,1,94.99,52.51,94.99,94.99,42.48
ITM-000005158,ORD-00003787,PRD-00075,1,56.99,20.25,56.99,56.99,36.74
ITM-000005159,ORD-00003788,PRD-00006,1,391.99,223.93,391.99,391.99,168.06
ITM-000005160,ORD-00003788,PRD-00004,1,294.49,168.07,294.49,294.49,126.42
ITM-000005161,ORD-00003789,PRD-00033,2,27.99,11.51,55.98,55.98,32.96
ITM-000005162,ORD-00003790,PRD-00027,1,83.99,34.49,83.99,83.99,49.5
ITM-000005163,ORD-00003791,PRD-00034,1,34.99,12.79,34.99,34.99,22.2
ITM-000005164,ORD-00003792,PRD-00043,1,105.99,49.95,105.99,105.99,56.04
ITM-000005165,ORD-00003793,PRD-00069,2,51.99,14.6,103.98,103.98,74.78
ITM-000005166,ORD-00003794,PRD-00028,1,107.49,45.05,107.49,107.49,62.44
ITM-000005167,ORD-00003795,PRD-00041,1,180.99,84.81,180.99,180.99,96.18
ITM-000005168,ORD-00003795,PRD-00042,1,121.99,52.18,121.99,121.99,69.81
ITM-000005169,ORD-00003795,PRD-00027,1,83.99,34.49,83.99,83.99,49.5
ITM-000005170,ORD-00003796,PRD-00052,1,118.49,48.71,118.49,118.49,69.78
ITM-000005171,ORD-00003796,PRD-00076,1,62.99,25.51,62.99,62.99,37.48
ITM-000005172,ORD-00003796,PRD-00079,3,46.49,15.84,139.47,139.47,91.95
ITM-000005173,ORD-00003797,PRD-00066,1,84.99,33.73,84.99,84.99,51.26
ITM-000005174,ORD-00003797,PRD-00074,1,16.99,6.2,16.99,16.99,10.79
ITM-000005175,ORD-00003798,PRD-00023,1,31.99,14.2,31.99,31.99,17.79
ITM-000005176,ORD-00003799,PRD-00042,1,121.99,52.18,121.99,121.99,69.81
ITM-000005177,ORD-00003799,PRD-00010,2,207.99,120.07,415.98,415.98,175.84
ITM-000005178,ORD-00003799,PRD-00044,1,72.99,36.23,72.99,72.99,36.76
ITM-000005179,ORD-00003800,PRD-00076,1,62.99,25.51,62.99,62.99,37.48
ITM-000005180,ORD-00003801,PRD-00010,1,207.99,120.07,207.99,207.99,87.92
ITM-000005181,ORD-00003802,PRD-00081,3,77.99,39.19,233.97,233.97,116.4
ITM-000005182,ORD-00003803,PRD-00028,3,107.49,45.05,322.47,322.47,187.32
ITM-000005183,ORD-00003804,PRD-00047,1,100.99,42.27,100.99,100.99,58.72
ITM-000005184,ORD-00003805,PRD-00014,2,337.99,200.36,675.98,675.98,275.26
ITM-000005185,ORD-00003806,PRD-00037,1,41.99,15.18,41.99,41.99,26.81
ITM-000005186,ORD-00003806,PRD-00038,1,77.49,36.23,77.49,77.49,41.26
ITM-000005187,ORD-00003807,PRD-00083,1,115.99,58.28,115.99,115.99,57.71
ITM-000005188,ORD-00003807,PRD-00044,1,72.99,36.23,72.99,72.99,36.76
ITM-000005189,ORD-00003808,PRD-00011,1,179.99,102.31,179.99,179.99,77.68
ITM-000005190,ORD-00003808,PRD-00084,1,31.99,15.58,31.99,31.99,16.41
ITM-000005191,ORD-00003808,PRD-00036,1,73.99,30.02,73.99,73.99,43.97
ITM-000005192,ORD-00003809,PRD-00004,1,294.49,168.07,294.49,294.49,126.42
ITM-000005193,ORD-00003809,PRD-00079,1,46.49,15.84,46.49,46.49,30.65
ITM-000005194,ORD-00003810,PRD-00002,1,203.99,113.88,203.99,203.99,90.11
ITM-000005195,ORD-00003811,PRD-00003,1,350.49,212.61,350.49,350.49,137.88
ITM-000005196,ORD-00003811,PRD-00095,1,204.99,100.6,204.99,204.99,104.39
ITM-000005197,ORD-00003812,PRD-00046,1,113.49,52.53,113.49,113.49,60.96
ITM-000005198,ORD-00003813,PRD-00096,1,199.99,116.57,199.99,199.99,83.42
ITM-000005199,ORD-00003813,PRD-00086,1,140.99,72.94,140.99,140.99,68.05
ITM-000005200,ORD-00003814,PRD-00096,1,199.99,116.57,199.99,199.99,83.42
ITM-000005201,ORD-00003815,PRD-00001,1,320.99,176.63,320.99,320.99,144.36
ITM-000005202,ORD-00003815,PRD-00086,2,140.99,72.94,281.98,281.98,136.1
ITM-000005203,ORD-00003816,PRD-00005,1,82.99,47.75,82.99,82.99,35.24
ITM-000005204,ORD-00003817,PRD-00018,1,72.99,37.97,72.99,72.99,35.02
ITM-000005205,ORD-00003817,PRD-00068,2,37.49,12.61,74.98,74.98,49.76
ITM-000005206,ORD-00003818,PRD-00047,1,100.99,42.27,100.99,100.99,58.72
ITM-000005207,ORD-00003819,PRD-00089,1,31.99,18.14,31.99,31.99,13.85
ITM-000005208,ORD-00003819,PRD-00064,1,24.99,6.91,24.99,24.99,18.08
ITM-000005209,ORD-00003819,PRD-00072,1,36.99,11.8,36.99,36.99,25.19
ITM-000005210,ORD-00003820,PRD-00027,1,83.99,34.49,83.99,83.99,49.5
ITM-000005211,ORD-00003821,PRD-00072,1,36.99,11.8,36.99,36.99,25.19
ITM-000005212,ORD-00003822,PRD-00009,1,94.99,52.51,94.99,94.99,42.48
ITM-000005213,ORD-00003823,PRD-00037,1,41.99,15.18,41.99,41.99,26.81
ITM-000005214,ORD-00003824,PRD-00004,1,294.49,168.07,294.49,294.49,126.42
ITM-000005215,ORD-00003825,PRD-00070,1,64.99,25.31,64.99,64.99,39.68
ITM-000005216,ORD-00003826,PRD-00057,1,146.49,75.56,146.49,146.49,70.93
ITM-000005217,ORD-00003827,PRD-00013,2,275.99,176.16,551.98,551.98,199.66
ITM-000005218,ORD-00003828,PRD-00011,3,179.99,102.31,539.97,539.97,233.04
ITM-000005219,ORD-00003829,PRD-00092,1,214.99,101.72,214.99,214.99,113.27
ITM-000005220,ORD-00003829,PRD-00015,1,205.99,123.35,205.99,205.99,82.64
ITM-000005221,ORD-00003830,PRD-00011,3,179.99,102.31,539.97,539.97,233.04
ITM-000005222,ORD-00003830,PRD-00089,1,31.99,18.14,31.99,31.99,13.85
ITM-000005223,ORD-00003831,PRD-00097,1,167.49,87.54,167.49,167.49,79.95
ITM-000005224,ORD-00003832,PRD-00017,1,244.99,144.79,244.99,244.99,100.2
ITM-000005225,ORD-00003833,PRD-00081,1,77.99,39.19,77.99,77.99,38.8
ITM-000005226,ORD-00003834,PRD-00032,1,42.49,17.54,42.49,42.49,24.95
ITM-000005227,ORD-00003834,PRD-00035,2,100.99,39.04,201.98,201.98,123.9
ITM-000005228,ORD-00003835,PRD-00054,1,137.99,68.35,137.99,137.99,69.64
ITM-000005229,ORD-00003836,PRD-00095,1,204.99,100.6,204.99,204.99,104.39
ITM-000005230,ORD-00003837,PRD-00025,1,55.99,23.35,55.99,55.99,32.64
ITM-000005231,ORD-00003838,PRD-00058,2,152.99,69.5,305.98,305.98,166.98
ITM-000005232,ORD-00003839,PRD-00020,1,271.99,147.22,271.99,271.99,124.77
ITM-000005233,ORD-00003839,PRD-00005,1,82.99,47.75,82.99,82.99,35.24
ITM-000005234,ORD-00003840,PRD-00011,1,179.99,102.31,179.99,179.99,77.68
ITM-000005235,ORD-00003840,PRD-00046,1,113.49,52.53,113.49,113.49,60.96
ITM-000005236,ORD-00003840,PRD-00061,1,75.99,20.12,75.99,75.99,55.87
ITM-000005237,ORD-00003841,PRD-00055,1,74.99,31.61,74.99,74.99,43.38
ITM-000005238,ORD-00003842,PRD-00039,2,40.99,18.26,81.98,81.98,45.46
ITM-000005239,ORD-00003842,PRD-00082,1,151.49,68.21,151.49,151.49,83.28
ITM-000005240,ORD-00003843,PRD-00013,1,275.99,176.16,275.99,275.99,99.83
ITM-000005241,ORD-00003844,PRD-00079,1,46.49,15.84,46.49,46.49,30.65
ITM-000005242,ORD-00003844,PRD-00076,1,62.99,25.51,62.99,62.99,37.48
ITM-000005243,ORD-00003845,PRD-00024,1,54.99,26.28,54.99,54.99,28.71
ITM-000005244,ORD-00003845,PRD-00042,1,121.99,52.18,121.99,121.99,69.81
ITM-000005245,ORD-00003846,PRD-00069,1,51.99,14.6,51.99,51.99,37.39
ITM-000005246,ORD-00003847,PRD-00029,1,94.49,33.63,94.49,94.49,60.86
ITM-000005247,ORD-00003847,PRD-00001,1,320.99,176.63,320.99,320.99,144.36
ITM-000005248,ORD-00003847,PRD-00030,1,67.99,29.21,67.99,67.99,38.78
ITM-000005249,ORD-00003848,PRD-00007,1,316.99,172.8,316.99,316.99,144.19
ITM-000005250,ORD-00003848,PRD-00035,3,100.99,39.04,302.97,302.97,185.85
ITM-000005251,ORD-00003849,PRD-00013,1,275.99,176.16,275.99,275.99,99.83
ITM-000005252,ORD-00003850,PRD-00052,2,118.49,48.71,236.98,236.98,139.56
ITM-000005253,ORD-00003851,PRD-00088,2,211.99,101.84,423.98,423.98,220.3
ITM-000005254,ORD-00003852,PRD-00003,1,350.49,212.61,350.49,350.49,137.88
ITM-000005255,ORD-00003852,PRD-00073,1,84.49,28.1,84.49,84.49,56.39
ITM-000005256,ORD-00003853,PRD-00028,1,107.49,45.05,107.49,107.49,62.44
ITM-000005257,ORD-00003854,PRD-00100,1,143.99,66.17,143.99,143.99,77.82
ITM-000005258,ORD-00003855,PRD-00097,1,167.49,87.54,167.49,167.49,79.95
ITM-000005259,ORD-00003856,PRD-00077,1,22.99,8.27,22.99,22.99,14.72
ITM-000005260,ORD-00003857,PRD-00034,1,34.99,12.79,34.99,34.99,22.2
ITM-000005261,ORD-00003857,PRD-00068,2,37.49,12.61,74.98,74.98,49.76
ITM-000005262,ORD-00003857,PRD-00063,1,70.49,27.76,70.49,70.49,42.73
ITM-000005263,ORD-00003858,PRD-00045,2,83.49,36.38,166.98,166.98,94.22
ITM-000005264,ORD-00003858,PRD-00012,1,374.49,207.75,374.49,374.49,166.74
ITM-000005265,ORD-00003859,PRD-00046,1,113.49,52.53,113.49,113.49,60.96
ITM-000005266,ORD-00003859,PRD-00071,1,86.99,31.3,86.99,86.99,55.69
ITM-000005267,ORD-00003860,PRD-00039,1,40.99,18.26,40.99,40.99,22.73
ITM-000005268,ORD-00003860,PRD-00013,1,275.99,176.16,275.99,275.99,99.83
ITM-000005269,ORD-00003861,PRD-00027,1,83.99,34.49,83.99,83.99,49.5
ITM-000005270,ORD-00003862,PRD-00016,1,129.99,78.72,129.99,129.99,51.27
ITM-000005271,ORD-00003862,PRD-00086,1,140.99,72.94,140.99,140.99,68.05
ITM-000005272,ORD-00003863,PRD-00022,1,49.99,20.52,49.99,49.99,29.47
ITM-000005273,ORD-00003864,PRD-00051,1,52.99,21.94,52.99,52.99,31.05
ITM-000005274,ORD-00003864,PRD-00057,2,146.49,75.56,292.98,292.98,141.86
ITM-000005275,ORD-00003865,PRD-00047,3,100.99,42.27,302.97,302.97,176.16
ITM-000005276,ORD-00003866,PRD-00061,1,75.99,20.12,75.99,75.99,55.87
ITM-000005277,ORD-00003867,PRD-00040,1,98.99,45.24,98.99,98.99,53.75
ITM-000005278,ORD-00003868,PRD-00012,1,374.49,207.75,374.49,374.49,166.74
ITM-000005279,ORD-00003869,PRD-00036,2,73.99,30.02,147.98,147.98,87.94
ITM-000005280,ORD-00003870,PRD-00022,1,49.99,20.52,49.99,49.99,29.47
ITM-000005281,ORD-00003871,PRD-00044,1,72.99,36.23,72.99,72.99,36.76
ITM-000005282,ORD-00003871,PRD-00009,1,94.99,52.51,94.99,94.99,42.48
ITM-000005283,ORD-00003871,PRD-00069,1,51.99,14.6,51.99,51.99,37.39
ITM-000005284,ORD-00003872,PRD-00038,2,77.49,36.23,154.98,154.98,82.52
ITM-000005285,ORD-00003873,PRD-00100,1,143.99,66.17,143.99,143.99,77.82
ITM-000005286,ORD-00003874,PRD-00007,2,316.99,172.8,633.98,633.98,288.38
ITM-000005287,ORD-00003874,PRD-00007,1,316.99,172.8,316.99,316.99,144.19
ITM-000005288,ORD-00003875,PRD-00095,1,204.99,100.6,204.99,204.99,104.39
ITM-000005289,ORD-00003876,PRD-00012,1,374.49,207.75,374.49,374.49,166.74
ITM-000005290,ORD-00003876,PRD-00046,1,113.49,52.53,113.49,113.49,60.96
ITM-000005291,ORD-00003876,PRD-00041,1,180.99,84.81,180.99,180.99,96.18
ITM-000005292,ORD-00003877,PRD-00036,1,73.99,30.02,73.99,73.99,43.97
ITM-000005293,ORD-00003878,PRD-00089,1,31.99,18.14,31.99,31.99,13.85
ITM-000005294,ORD-00003878,PRD-00044,2,72.99,36.23,145.98,145.98,73.52
ITM-000005295,ORD-00003878,PRD-00087,1,43.99,24.1,43.99,43.99,19.89
ITM-000005296,ORD-00003879,PRD-00009,1,94.99,52.51,94.99,94.99,42.48
ITM-000005297,ORD-00003880,PRD-00082,1,151.49,68.21,151.49,151.49,83.28
ITM-000005298,ORD-00003881,PRD-00082,1,151.49,68.21,151.49,151.49,83.28
ITM-000005299,ORD-00003882,PRD-00002,1,203.99,113.88,203.99,203.99,90.11
ITM-000005300,ORD-00003883,PRD-00076,1,62.99,25.51,62.99,62.99,37.48
ITM-000005301,ORD-00003884,PRD-00011,1,179.99,102.31,179.99,179.99,77.68
ITM-000005302,ORD-00003885,PRD-00065,1,24.99,5.84,24.99,24.99,19.15
ITM-000005303,ORD-00003886,PRD-00086,1,140.99,72.94,140.99,140.99,68.05
ITM-000005304,ORD-00003887,PRD-00065,1,24.99,5.84,24.99,24.99,19.15
ITM-000005305,ORD-00003887,PRD-00012,1,374.49,207.75,374.49,374.49,166.74
ITM-000005306,ORD-00003888,PRD-00015,1,205.99,123.35,205.99,205.99,82.64
ITM-000005307,ORD-00003889,PRD-00029,1,94.49,33.63,94.49,94.49,60.86
ITM-000005308,ORD-00003890,PRD-00063,1,70.49,27.76,70.49,70.49,42.73
ITM-000005309,ORD-00003890,PRD-00002,1,203.99,113.88,203.99,203.99,90.11
ITM-000005310,ORD-00003890,PRD-00074,1,16.99,6.2,16.99,16.99,10.79
ITM-000005311,ORD-00003891,PRD-00050,1,173.99,93.04,173.99,173.99,80.95
ITM-000005312,ORD-00003892,PRD-00032,1,42.49,17.54,42.49,42.49,24.95
ITM-000005313,ORD-00003892,PRD-00032,1,42.49,17.54,42.49,42.49,24.95
ITM-000005314,ORD-00003893,PRD-00091,1,42.99,22.68,42.99,42.99,20.31
ITM-000005315,ORD-00003894,PRD-00029,1,94.49,33.63,94.49,94.49,60.86
ITM-000005316,ORD-00003895,PRD-00050,1,173.99,93.04,173.99,173.99,80.95
ITM-000005317,ORD-00003896,PRD-00008,1,325.99,186.16,325.99,325.99,139.83
ITM-000005318,ORD-00003897,PRD-00035,1,100.99,39.04,100.99,100.99,61.95
ITM-000005319,ORD-00003897,PRD-00059,1,47.49,23.54,47.49,47.49,23.95
ITM-000005320,ORD-00003897,PRD-00021,1,114.99,46.3,114.99,114.99,68.69
ITM-000005321,ORD-00003898,PRD-00078,1,25.99,9.37,25.99,25.99,16.62
ITM-000005322,ORD-00003899,PRD-00053,1,47.99,23.38,47.99,47.99,24.61
ITM-000005323,ORD-00003900,PRD-00061,1,75.99,20.12,75.99,75.99,55.87
ITM-000005324,ORD-00003900,PRD-00054,1,137.99,68.35,137.99,137.99,69.64
ITM-000005325,ORD-00003901,PRD-00055,1,74.99,31.61,74.99,74.99,43.38
ITM-000005326,ORD-00003902,PRD-00092,1,214.99,101.72,214.99,214.99,113.27
ITM-000005327,ORD-00003902,PRD-00087,1,43.99,24.1,43.99,43.99,19.89
ITM-000005328,ORD-00003903,PRD-00006,1,391.99,223.93,391.99,391.99,168.06
ITM-000005329,ORD-00003903,PRD-00075,1,56.99,20.25,56.99,56.99,36.74
ITM-000005330,ORD-00003904,PRD-00004,1,294.49,168.07,294.49,294.49,126.42
ITM-000005331,ORD-00003905,PRD-00005,1,82.99,47.75,82.99,82.99,35.24
ITM-000005332,ORD-00003906,PRD-00060,2,176.49,84.75,352.98,352.98,183.48
ITM-000005333,ORD-00003906,PRD-00081,1,77.99,39.19,77.99,77.99,38.8
ITM-000005334,ORD-00003906,PRD-00091,1,42.99,22.68,42.99,42.99,20.31
ITM-000005335,ORD-00003907,PRD-00093,1,227.99,111.71,227.99,227.99,116.28
ITM-000005336,ORD-00003908,PRD-00024,1,54.99,26.28,54.99,54.99,28.71
ITM-000005337,ORD-00003908,PRD-00071,1,86.99,31.3,86.99,86.99,55.69
ITM-000005338,ORD-00003909,PRD-00033,1,27.99,11.51,27.99,27.99,16.48
ITM-000005339,ORD-00003910,PRD-00090,1,232.99,113.86,232.99,232.99,119.13
ITM-000005340,ORD-00003910,PRD-00099,1,50.99,27.57,50.99,50.99,23.42
ITM-000005341,ORD-00003910,PRD-00005,1,82.99,47.75,82.99,82.99,35.24
ITM-000005342,ORD-00003911,PRD-00009,1,94.99,52.51,94.99,94.99,42.48
ITM-000005343,ORD-00003911,PRD-00024,1,54.99,26.28,54.99,54.99,28.71
ITM-000005344,ORD-00003912,PRD-00069,1,51.99,14.6,51.99,51.99,37.39
ITM-000005345,ORD-00003912,PRD-00054,1,137.99,68.35,137.99,137.99,69.64
ITM-000005346,ORD-00003913,PRD-00044,1,72.99,36.23,72.99,72.99,36.76
ITM-000005347,ORD-00003913,PRD-00073,1,84.49,28.1,84.49,84.49,56.39
ITM-000005348,ORD-00003914,PRD-00066,1,84.99,33.73,84.99,84.99,51.26
ITM-000005349,ORD-00003915,PRD-00009,1,94.99,52.51,94.99,94.99,42.48
ITM-000005350,ORD-00003916,PRD-00077,1,22.99,8.27,22.99,22.99,14.72
ITM-000005351,ORD-00003916,PRD-00070,1,64.99,25.31,64.99,64.99,39.68
ITM-000005352,ORD-00003917,PRD-00068,1,37.49,12.61,37.49,37.49,24.88
ITM-000005353,ORD-00003918,PRD-00073,1,84.49,28.1,84.49,84.49,56.39
ITM-000005354,ORD-00003919,PRD-00065,1,24.99,5.84,24.99,24.99,19.15
ITM-000005355,ORD-00003919,PRD-00014,1,337.99,200.36,337.99,337.99,137.63
ITM-000005356,ORD-00003920,PRD-00051,1,52.99,21.94,52.99,52.99,31.05
ITM-000005357,ORD-00003921,PRD-00016,2,129.99,78.72,259.98,259.98,102.54
ITM-000005358,ORD-00003922,PRD-00076,1,62.99,25.51,62.99,62.99,37.48
ITM-000005359,ORD-00003923,PRD-00037,1,41.99,15.18,41.99,41.99,26.81
ITM-000005360,ORD-00003924,PRD-00030,1,67.99,29.21,67.99,67.99,38.78
ITM-000005361,ORD-00003924,PRD-00066,1,84.99,33.73,84.99,84.99,51.26
ITM-000005362,ORD-00003924,PRD-00007,1,316.99,172.8,316.99,316.99,144.19
ITM-000005363,ORD-00003925,PRD-00018,1,72.99,37.97,72.99,72.99,35.02
ITM-000005364,ORD-00003926,PRD-00073,2,84.49,28.1,168.98,168.98,112.78
ITM-000005365,ORD-00003927,PRD-00049,1,162.99,86.22,162.99,162.99,76.77
ITM-000005366,ORD-00003928,PRD-00072,1,36.99,11.8,36.99,36.99,25.19
ITM-000005367,ORD-00003928,PRD-00100,2,143.99,66.17,287.98,287.98,155.64
ITM-000005368,ORD-00003928,PRD-00048,1,33.49,15.83,33.49,33.49,17.66
ITM-000005369,ORD-00003929,PRD-00012,1,374.49,207.75,374.49,374.49,166.74
ITM-000005370,ORD-00003930,PRD-00015,1,205.99,123.35,205.99,205.99,82.64
ITM-000005371,ORD-00003931,PRD-00024,1,54.99,26.28,54.99,54.99,28.71
ITM-000005372,ORD-00003932,PRD-00026,1,94.99,41.91,94.99,94.99,53.08
ITM-000005373,ORD-00003932,PRD-00092,1,214.99,101.72,214.99,214.99,113.27
ITM-000005374,ORD-00003933,PRD-00092,1,214.99,101.72,214.99,214.99,113.27
ITM-000005375,ORD-00003934,PRD-00009,2,94.99,52.51,189.98,189.98,84.96
ITM-000005376,ORD-00003934,PRD-00054,2,137.99,68.35,275.98,275.98,139.28
ITM-000005377,ORD-00003935,PRD-00086,1,140.99,72.94,140.99,140.99,68.05
ITM-000005378,ORD-00003936,PRD-00003,2,350.49,212.61,700.98,700.98,275.76
ITM-000005379,ORD-00003937,PRD-00034,1,34.99,12.79,34.99,34.99,22.2
ITM-000005380,ORD-00003938,PRD-00091,2,42.99,22.68,85.98,85.98,40.62
ITM-000005381,ORD-00003939,PRD-00055,1,74.99,31.61,74.99,74.99,43.38
ITM-000005382,ORD-00003940,PRD-00048,1,33.49,15.83,33.49,33.49,17.66
ITM-000005383,ORD-00003940,PRD-00003,1,350.49,212.61,350.49,350.49,137.88
ITM-000005384,ORD-00003941,PRD-00062,2,68.49,27.5,136.98,136.98,81.98
ITM-000005385,ORD-00003942,PRD-00087,1,43.99,24.1,43.99,43.99,19.89
ITM-000005386,ORD-00003943,PRD-00013,1,275.99,176.16,275.99,275.99,99.83
ITM-000005387,ORD-00003944,PRD-00054,1,137.99,68.35,137.99,137.99,69.64
ITM-000005388,ORD-00003945,PRD-00034,1,34.99,12.79,34.99,34.99,22.2
ITM-000005389,ORD-00003946,PRD-00079,1,46.49,15.84,46.49,46.49,30.65
ITM-000005390,ORD-00003947,PRD-00042,1,121.99,52.18,121.99,121.99,69.81
ITM-000005391,ORD-00003948,PRD-00098,1,199.49,113.09,199.49,199.49,86.4
ITM-000005392,ORD-00003948,PRD-00094,1,245.99,110.0,245.99,245.99,135.99
ITM-000005393,ORD-00003949,PRD-00058,1,152.99,69.5,152.99,152.99,83.49
ITM-000005394,ORD-00003950,PRD-00048,1,33.49,15.83,33.49,33.49,17.66
ITM-000005395,ORD-00003950,PRD-00090,1,232.99,113.86,232.99,232.99,119.13
ITM-000005396,ORD-00003951,PRD-00043,1,105.99,49.95,105.99,105.99,56.04
ITM-000005397,ORD-00003952,PRD-00090,2,232.99,113.86,465.98,465.98,238.26
ITM-000005398,ORD-00003953,PRD-00032,1,42.49,17.54,42.49,42.49,24.95
ITM-000005399,ORD-00003954,PRD-00064,1,24.99,6.91,24.99,24.99,18.08
ITM-000005400,ORD-00003954,PRD-00004,2,294.49,168.07,588.98,588.98,252.84
ITM-000005401,ORD-00003954,PRD-00041,1,180.99,84.81,180.99,180.99,96.18
ITM-000005402,ORD-00003955,PRD-00064,1,24.99,6.91,24.99,24.99,18.08
ITM-000005403,ORD-00003955,PRD-00072,1,36.99,11.8,36.99,36.99,25.19
ITM-000005404,ORD-00003956,PRD-00065,2,24.99,5.84,49.98,49.98,38.3
ITM-000005405,ORD-00003956,PRD-00072,1,36.99,11.8,36.99,36.99,25.19
ITM-000005406,ORD-00003957,PRD-00067,1,44.99,16.41,44.99,44.99,28.58
ITM-000005407,ORD-00003958,PRD-00009,1,94.99,52.51,94.99,94.99,42.48
ITM-000005408,ORD-00003958,PRD-00098,1,199.49,113.09,199.49,199.49,86.4
ITM-000005409,ORD-00003958,PRD-00040,1,98.99,45.24,98.99,98.99,53.75
ITM-000005410,ORD-00003959,PRD-00044,1,72.99,36.23,72.99,72.99,36.76
ITM-000005411,ORD-00003959,PRD-00002,1,203.99,113.88,203.99,203.99,90.11
ITM-000005412,ORD-00003960,PRD-00064,1,24.99,6.91,24.99,24.99,18.08
ITM-000005413,ORD-00003961,PRD-00095,3,204.99,100.6,614.97,614.97,313.17
ITM-000005414,ORD-00003961,PRD-00030,1,67.99,29.21,67.99,67.99,38.78
ITM-000005415,ORD-00003962,PRD-00085,1,105.99,56.37,105.99,105.99,49.62
ITM-000005416,ORD-00003963,PRD-00064,1,24.99,6.91,24.99,24.99,18.08
ITM-000005417,ORD-00003964,PRD-00025,2,55.99,23.35,111.98,111.98,65.28
ITM-000005418,ORD-00003965,PRD-00073,1,84.49,28.1,84.49,84.49,56.39
ITM-000005419,ORD-00003965,PRD-00067,1,44.99,16.41,44.99,44.99,28.58
ITM-000005420,ORD-00003966,PRD-00094,2,245.99,110.0,491.98,491.98,271.98
ITM-000005421,ORD-00003967,PRD-00009,1,94.99,52.51,94.99,94.99,42.48
ITM-000005422,ORD-00003967,PRD-00089,2,31.99,18.14,63.98,63.98,27.7
ITM-000005423,ORD-00003968,PRD-00037,1,41.99,15.18,41.99,41.99,26.81
ITM-000005424,ORD-00003968,PRD-00032,1,42.49,17.54,42.49,42.49,24.95
ITM-000005425,ORD-00003969,PRD-00079,1,46.49,15.84,46.49,46.49,30.65
ITM-000005426,ORD-00003970,PRD-00066,1,84.99,33.73,84.99,84.99,51.26
ITM-000005427,ORD-00003971,PRD-00033,2,27.99,11.51,55.98,55.98,32.96
ITM-000005428,ORD-00003972,PRD-00026,1,94.99,41.91,94.99,94.99,53.08
ITM-000005429,ORD-00003972,PRD-00092,1,214.99,101.72,214.99,214.99,113.27
ITM-000005430,ORD-00003973,PRD-00031,1,110.99,51.16,110.99,110.99,59.83
ITM-000005431,ORD-00003974,PRD-00009,1,94.99,52.51,94.99,94.99,42.48
ITM-000005432,ORD-00003975,PRD-00089,1,31.99,18.14,31.99,31.99,13.85
ITM-000005433,ORD-00003976,PRD-00077,1,22.99,8.27,22.99,22.99,14.72
ITM-000005434,ORD-00003977,PRD-00034,1,34.99,12.79,34.99,34.99,22.2
ITM-000005435,ORD-00003978,PRD-00023,1,31.99,14.2,31.99,31.99,17.79
ITM-000005436,ORD-00003978,PRD-00041,1,180.99,84.81,180.99,180.99,96.18
ITM-000005437,ORD-00003978,PRD-00034,1,34.99,12.79,34.99,34.99,22.2
ITM-000005438,ORD-00003979,PRD-00054,1,137.99,68.35,137.99,137.99,69.64
ITM-000005439,ORD-00003980,PRD-00040,1,98.99,45.24,98.99,98.99,53.75
ITM-000005440,ORD-00003981,PRD-00100,1,143.99,66.17,143.99,143.99,77.82
ITM-000005441,ORD-00003982,PRD-00075,1,56.99,20.25,56.99,56.99,36.74
ITM-000005442,ORD-00003983,PRD-00076,1,62.99,25.51,62.99,62.99,37.48
ITM-000005443,ORD-00003983,PRD-00048,1,33.49,15.83,33.49,33.49,17.66
ITM-000005444,ORD-00003983,PRD-00062,2,68.49,27.5,136.98,136.98,81.98
ITM-000005445,ORD-00003984,PRD-00046,1,113.49,52.53,113.49,113.49,60.96
ITM-000005446,ORD-00003984,PRD-00057,1,146.49,75.56,146.49,146.49,70.93
ITM-000005447,ORD-00003985,PRD-00015,1,205.99,123.35,205.99,205.99,82.64
ITM-000005448,ORD-00003985,PRD-00056,1,135.49,71.03,135.49,135.49,64.46
ITM-000005449,ORD-00003986,PRD-00008,1,325.99,186.16,325.99,325.99,139.83
ITM-000005450,ORD-00003986,PRD-00024,1,54.99,26.28,54.99,54.99,28.71
ITM-000005451,ORD-00003987,PRD-00043,1,105.99,49.95,105.99,105.99,56.04
ITM-000005452,ORD-00003987,PRD-00100,1,143.99,66.17,143.99,143.99,77.82
ITM-000005453,ORD-00003988,PRD-00056,1,135.49,71.03,135.49,135.49,64.46
ITM-000005454,ORD-00003989,PRD-00081,1,77.99,39.19,77.99,77.99,38.8
ITM-000005455,ORD-00003989,PRD-00088,1,211.99,101.84,211.99,211.99,110.15
ITM-000005456,ORD-00003990,PRD-00057,1,146.49,75.56,146.49,146.49,70.93
ITM-000005457,ORD-00003990,PRD-00100,1,143.99,66.17,143.99,143.99,77.82
ITM-000005458,ORD-00003991,PRD-00012,1,374.49,207.75,374.49,374.49,166.74
ITM-000005459,ORD-00003992,PRD-00018,1,72.99,37.97,72.99,72.99,35.02
ITM-000005460,ORD-00003992,PRD-00054,1,137.99,68.35,137.99,137.99,69.64
ITM-000005461,ORD-00003993,PRD-00042,1,121.99,52.18,121.99,121.99,69.81
ITM-000005462,ORD-00003993,PRD-00079,1,46.49,15.84,46.49,46.49,30.65
ITM-000005463,ORD-00003993,PRD-00051,2,52.99,21.94,105.98,105.98,62.1
ITM-000005464,ORD-00003994,PRD-00068,1,37.49,12.61,37.49,37.49,24.88
ITM-000005465,ORD-00003995,PRD-00058,1,152.99,69.5,152.99,152.99,83.49
ITM-000005466,ORD-00003996,PRD-00065,1,24.99,5.84,24.99,24.99,19.15
ITM-000005467,ORD-00003996,PRD-00034,2,34.99,12.79,69.98,69.98,44.4
ITM-000005468,ORD-00003996,PRD-00031,1,110.99,51.16,110.99,110.99,59.83
ITM-000005469,ORD-00003997,PRD-00079,1,46.49,15.84,46.49,46.49,30.65
ITM-000005470,ORD-00003998,PRD-00015,1,205.99,123.35,205.99,205.99,82.64
ITM-000005471,ORD-00003998,PRD-00004,2,294.49,168.07,588.98,588.98,252.84
ITM-000005472,ORD-00003999,PRD-00059,1,47.49,23.54,47.49,47.49,23.95
ITM-000005473,ORD-00004000,PRD-00029,1,94.49,33.63,94.49,94.49,60.86
ITM-000005474,ORD-00004001,PRD-00015,1,205.99,123.35,205.99,205.99,82.64
ITM-000005475,ORD-00004002,PRD-00078,1,25.99,9.37,25.99,25.99,16.62
ITM-000005476,ORD-00004003,PRD-00055,2,74.99,31.61,149.98,149.98,86.76
ITM-000005477,ORD-00004003,PRD-00004,1,294.49,168.07,294.49,294.49,126.42
ITM-000005478,ORD-00004003,PRD-00099,1,50.99,27.57,50.99,50.99,23.42
ITM-000005479,ORD-00004004,PRD-00031,2,110.99,51.16,221.98,221.98,119.66
ITM-000005480,ORD-00004005,PRD-00005,1,82.99,47.75,82.99,82.99,35.24
ITM-000005481,ORD-00004006,PRD-00018,1,72.99,37.97,72.99,72.99,35.02
ITM-000005482,ORD-00004007,PRD-00010,1,207.99,120.07,207.99,207.99,87.92
ITM-000005483,ORD-00004007,PRD-00092,2,214.99,101.72,429.98,429.98,226.54
ITM-000005484,ORD-00004008,PRD-00064,1,24.99,6.91,24.99,24.99,18.08
ITM-000005485,ORD-00004009,PRD-00039,1,40.99,18.26,40.99,40.99,22.73
ITM-000005486,ORD-00004009,PRD-00020,2,271.99,147.22,543.98,543.98,249.54
ITM-000005487,ORD-00004010,PRD-00039,1,40.99,18.26,40.99,40.99,22.73
ITM-000005488,ORD-00004010,PRD-00072,3,36.99,11.8,110.97,110.97,75.57
ITM-000005489,ORD-00004010,PRD-00082,1,151.49,68.21,151.49,151.49,83.28
ITM-000005490,ORD-00004011,PRD-00051,2,52.99,21.94,105.98,105.98,62.1
ITM-000005491,ORD-00004012,PRD-00033,1,27.99,11.51,27.99,27.99,16.48
ITM-000005492,ORD-00004013,PRD-00089,1,31.99,18.14,31.99,31.99,13.85
ITM-000005493,ORD-00004014,PRD-00016,1,129.99,78.72,129.99,129.99,51.27
ITM-000005494,ORD-00004015,PRD-00024,1,54.99,26.28,54.99,54.99,28.71
ITM-000005495,ORD-00004015,PRD-00038,1,77.49,36.23,77.49,77.49,41.26
ITM-000005496,ORD-00004016,PRD-00002,1,203.99,113.88,203.99,203.99,90.11
ITM-000005497,ORD-00004017,PRD-00071,1,86.99,31.3,86.99,86.99,55.69
ITM-000005498,ORD-00004018,PRD-00074,1,16.99,6.2,16.99,16.99,10.79
ITM-000005499,ORD-00004019,PRD-00036,2,73.99,30.02,147.98,147.98,87.94
ITM-000005500,ORD-00004020,PRD-00086,1,140.99,72.94,140.99,140.99,68.05
ITM-000005501,ORD-00004021,PRD-00085,1,105.99,56.37,105.99,105.99,49.62
ITM-000005502,ORD-00004021,PRD-00045,1,83.49,36.38,83.49,83.49,47.11
ITM-000005503,ORD-00004022,PRD-00007,1,316.99,172.8,316.99,316.99,144.19
ITM-000005504,ORD-00004023,PRD-00043,2,105.99,49.95,211.98,211.98,112.08
ITM-000005505,ORD-00004024,PRD-00044,1,72.99,36.23,72.99,72.99,36.76
ITM-000005506,ORD-00004025,PRD-00093,1,227.99,111.71,227.99,227.99,116.28
ITM-000005507,ORD-00004026,PRD-00015,1,205.99,123.35,205.99,205.99,82.64
ITM-000005508,ORD-00004027,PRD-00090,1,232.99,113.86,232.99,232.99,119.13
ITM-000005509,ORD-00004027,PRD-00098,1,199.49,113.09,199.49,199.49,86.4
ITM-000005510,ORD-00004028,PRD-00028,3,107.49,45.05,322.47,322.47,187.32
ITM-000005511,ORD-00004029,PRD-00079,1,46.49,15.84,46.49,46.49,30.65
ITM-000005512,ORD-00004030,PRD-00054,1,137.99,68.35,137.99,137.99,69.64
ITM-000005513,ORD-00004030,PRD-00083,1,115.99,58.28,115.99,115.99,57.71
ITM-000005514,ORD-00004030,PRD-00087,2,43.99,24.1,87.98,87.98,39.78
ITM-000005515,ORD-00004031,PRD-00027,3,83.99,34.49,251.97,251.97,148.5
ITM-000005516,ORD-00004032,PRD-00084,2,31.99,15.58,63.98,63.98,32.82
ITM-000005517,ORD-00004032,PRD-00009,1,94.99,52.51,94.99,94.99,42.48
ITM-000005518,ORD-00004033,PRD-00090,1,232.99,113.86,232.99,232.99,119.13
ITM-000005519,ORD-00004034,PRD-00070,1,64.99,25.31,64.99,64.99,39.68
ITM-000005520,ORD-00004035,PRD-00055,2,74.99,31.61,149.98,149.98,86.76
ITM-000005521,ORD-00004036,PRD-00052,1,118.49,48.71,118.49,118.49,69.78
ITM-000005522,ORD-00004037,PRD-00034,1,34.99,12.79,34.99,34.99,22.2
ITM-000005523,ORD-00004037,PRD-00041,1,180.99,84.81,180.99,180.99,96.18
ITM-000005524,ORD-00004038,PRD-00005,1,82.99,47.75,82.99,82.99,35.24
ITM-000005525,ORD-00004038,PRD-00061,1,75.99,20.12,75.99,75.99,55.87
ITM-000005526,ORD-00004039,PRD-00081,3,77.99,39.19,233.97,233.97,116.4
ITM-000005527,ORD-00004040,PRD-00083,1,115.99,58.28,115.99,115.99,57.71
ITM-000005528,ORD-00004041,PRD-00025,1,55.99,23.35,55.99,55.99,32.64
ITM-000005529,ORD-00004041,PRD-00086,1,140.99,72.94,140.99,140.99,68.05
ITM-000005530,ORD-00004042,PRD-00061,1,75.99,20.12,75.99,75.99,55.87
ITM-000005531,ORD-00004043,PRD-00066,1,84.99,33.73,84.99,84.99,51.26
ITM-000005532,ORD-00004044,PRD-00004,1,294.49,168.07,294.49,294.49,126.42
ITM-000005533,ORD-00004045,PRD-00060,1,176.49,84.75,176.49,176.49,91.74
ITM-000005534,ORD-00004045,PRD-00029,1,94.49,33.63,94.49,94.49,60.86
ITM-000005535,ORD-00004046,PRD-00061,1,75.99,20.12,75.99,75.99,55.87
ITM-000005536,ORD-00004047,PRD-00077,1,22.99,8.27,22.99,22.99,14.72
ITM-000005537,ORD-00004048,PRD-00006,1,391.99,223.93,391.99,391.99,168.06
ITM-000005538,ORD-00004048,PRD-00072,1,36.99,11.8,36.99,36.99,25.19
ITM-000005539,ORD-00004049,PRD-00054,1,137.99,68.35,137.99,137.99,69.64
ITM-000005540,ORD-00004050,PRD-00100,1,143.99,66.17,143.99,143.99,77.82
ITM-000005541,ORD-00004050,PRD-00100,1,143.99,66.17,143.99,143.99,77.82
ITM-000005542,ORD-00004051,PRD-00069,2,51.99,14.6,103.98,103.98,74.78
ITM-000005543,ORD-00004052,PRD-00047,1,100.99,42.27,100.99,100.99,58.72
ITM-000005544,ORD-00004053,PRD-00007,1,316.99,172.8,316.99,316.99,144.19
ITM-000005545,ORD-00004053,PRD-00051,1,52.99,21.94,52.99,52.99,31.05
ITM-000005546,ORD-00004054,PRD-00022,1,49.99,20.52,49.99,49.99,29.47
ITM-000005547,ORD-00004055,PRD-00003,2,350.49,212.61,700.98,700.98,275.76
ITM-000005548,ORD-00004055,PRD-00089,1,31.99,18.14,31.99,31.99,13.85
ITM-000005549,ORD-00004055,PRD-00086,3,140.99,72.94,422.97,422.97,204.15
ITM-000005550,ORD-00004056,PRD-00044,1,72.99,36.23,72.99,72.99,36.76
ITM-000005551,ORD-00004057,PRD-00082,1,151.49,68.21,151.49,151.49,83.28
ITM-000005552,ORD-00004058,PRD-00048,1,33.49,15.83,33.49,33.49,17.66
ITM-000005553,ORD-00004058,PRD-00098,1,199.49,113.09,199.49,199.49,86.4
ITM-000005554,ORD-00004059,PRD-00023,1,31.99,14.2,31.99,31.99,17.79
ITM-000005555,ORD-00004060,PRD-00020,1,271.99,147.22,271.99,271.99,124.77
ITM-000005556,ORD-00004061,PRD-00027,1,83.99,34.49,83.99,83.99,49.5
ITM-000005557,ORD-00004062,PRD-00006,1,391.99,223.93,391.99,391.99,168.06
ITM-000005558,ORD-00004063,PRD-00071,2,86.99,31.3,173.98,173.98,111.38
ITM-000005559,ORD-00004063,PRD-00099,2,50.99,27.57,101.98,101.98,46.84
ITM-000005560,ORD-00004064,PRD-00097,1,167.49,87.54,167.49,167.49,79.95
ITM-000005561,ORD-00004065,PRD-00045,1,83.49,36.38,83.49,83.49,47.11
ITM-000005562,ORD-00004065,PRD-00096,1,199.99,116.57,199.99,199.99,83.42
ITM-000005563,ORD-00004066,PRD-00076,1,62.99,25.51,62.99,62.99,37.48
ITM-000005564,ORD-00004067,PRD-00072,1,36.99,11.8,36.99,36.99,25.19
ITM-000005565,ORD-00004067,PRD-00072,1,36.99,11.8,36.99,36.99,25.19
ITM-000005566,ORD-00004068,PRD-00015,2,205.99,123.35,411.98,411.98,165.28
ITM-000005567,ORD-00004068,PRD-00045,1,83.49,36.38,83.49,83.49,47.11
ITM-000005568,ORD-00004069,PRD-00075,1,56.99,20.25,56.99,56.99,36.74
ITM-000005569,ORD-00004070,PRD-00081,1,77.99,39.19,77.99,77.99,38.8
ITM-000005570,ORD-00004071,PRD-00019,1,339.99,208.97,339.99,339.99,131.02
ITM-000005571,ORD-00004072,PRD-00062,1,68.49,27.5,68.49,68.49,40.99
ITM-000005572,ORD-00004073,PRD-00071,1,86.99,31.3,86.99,86.99,55.69
ITM-000005573,ORD-00004073,PRD-00043,1,105.99,49.95,105.99,105.99,56.04
ITM-000005574,ORD-00004073,PRD-00066,1,84.99,33.73,84.99,84.99,51.26
ITM-000005575,ORD-00004074,PRD-00080,1,87.99,32.75,87.99,87.99,55.24
ITM-000005576,ORD-00004075,PRD-00028,1,107.49,45.05,107.49,107.49,62.44
ITM-000005577,ORD-00004076,PRD-00011,1,179.99,102.31,179.99,179.99,77.68
ITM-000005578,ORD-00004076,PRD-00055,2,74.99,31.61,149.98,149.98,86.76
ITM-000005579,ORD-00004077,PRD-00082,1,151.49,68.21,151.49,151.49,83.28
ITM-000005580,ORD-00004078,PRD-00090,1,232.99,113.86,232.99,232.99,119.13
ITM-000005581,ORD-00004078,PRD-00076,1,62.99,25.51,62.99,62.99,37.48
ITM-000005582,ORD-00004079,PRD-00097,1,167.49,87.54,167.49,167.49,79.95
ITM-000005583,ORD-00004080,PRD-00021,1,114.99,46.3,114.99,114.99,68.69
ITM-000005584,ORD-00004081,PRD-00037,1,41.99,15.18,41.99,41.99,26.81
ITM-000005585,ORD-00004081,PRD-00066,2,84.99,33.73,169.98,169.98,102.52
ITM-000005586,ORD-00004082,PRD-00027,1,83.99,34.49,83.99,83.99,49.5
ITM-000005587,ORD-00004083,PRD-00009,1,94.99,52.51,94.99,94.99,42.48
ITM-000005588,ORD-00004083,PRD-00034,1,34.99,12.79,34.99,34.99,22.2
ITM-000005589,ORD-00004084,PRD-00080,1,87.99,32.75,87.99,87.99,55.24
ITM-000005590,ORD-00004085,PRD-00098,1,199.49,113.09,199.49,199.49,86.4
ITM-000005591,ORD-00004085,PRD-00072,2,36.99,11.8,73.98,73.98,50.38
ITM-000005592,ORD-00004086,PRD-00013,1,275.99,176.16,275.99,275.99,99.83
ITM-000005593,ORD-00004087,PRD-00015,1,205.99,123.35,205.99,205.99,82.64
ITM-000005594,ORD-00004088,PRD-00048,2,33.49,15.83,66.98,66.98,35.32
ITM-000005595,ORD-00004088,PRD-00006,2,391.99,223.93,783.98,783.98,336.12
ITM-000005596,ORD-00004089,PRD-00079,2,46.49,15.84,92.98,92.98,61.3
ITM-000005597,ORD-00004089,PRD-00088,1,211.99,101.84,211.99,211.99,110.15
ITM-000005598,ORD-00004090,PRD-00079,1,46.49,15.84,46.49,46.49,30.65
ITM-000005599,ORD-00004091,PRD-00052,2,118.49,48.71,236.98,236.98,139.56
ITM-000005600,ORD-00004091,PRD-00074,1,16.99,6.2,16.99,16.99,10.79
ITM-000005601,ORD-00004091,PRD-00068,1,37.49,12.61,37.49,37.49,24.88
ITM-000005602,ORD-00004092,PRD-00011,1,179.99,102.31,179.99,179.99,77.68
ITM-000005603,ORD-00004092,PRD-00099,1,50.99,27.57,50.99,50.99,23.42
ITM-000005604,ORD-00004093,PRD-00012,1,374.49,207.75,374.49,374.49,166.74
ITM-000005605,ORD-00004094,PRD-00036,1,73.99,30.02,73.99,73.99,43.97
ITM-000005606,ORD-00004094,PRD-00020,3,271.99,147.22,815.97,815.97,374.31
ITM-000005607,ORD-00004094,PRD-00076,1,62.99,25.51,62.99,62.99,37.48
ITM-000005608,ORD-00004095,PRD-00080,1,87.99,32.75,87.99,87.99,55.24
ITM-000005609,ORD-00004096,PRD-00100,1,143.99,66.17,143.99,143.99,77.82
ITM-000005610,ORD-00004096,PRD-00017,1,244.99,144.79,244.99,244.99,100.2
ITM-000005611,ORD-00004097,PRD-00040,2,98.99,45.24,197.98,197.98,107.5
ITM-000005612,ORD-00004098,PRD-00066,1,84.99,33.73,84.99,84.99,51.26
ITM-000005613,ORD-00004099,PRD-00010,1,207.99,120.07,207.99,207.99,87.92
ITM-000005614,ORD-00004100,PRD-00064,1,24.99,6.91,24.99,24.99,18.08
ITM-000005615,ORD-00004100,PRD-00018,1,72.99,37.97,72.99,72.99,35.02
ITM-000005616,ORD-00004101,PRD-00046,1,113.49,52.53,113.49,113.49,60.96
ITM-000005617,ORD-00004102,PRD-00097,1,167.49,87.54,167.49,167.49,79.95
ITM-000005618,ORD-00004103,PRD-00087,1,43.99,24.1,43.99,43.99,19.89
ITM-000005619,ORD-00004104,PRD-00058,2,152.99,69.5,305.98,305.98,166.98
ITM-000005620,ORD-00004104,PRD-00067,1,44.99,16.41,44.99,44.99,28.58
ITM-000005621,ORD-00004105,PRD-00047,1,100.99,42.27,100.99,100.99,58.72
ITM-000005622,ORD-00004106,PRD-00096,1,199.99,116.57,199.99,199.99,83.42
ITM-000005623,ORD-00004106,PRD-00029,1,94.49,33.63,94.49,94.49,60.86
ITM-000005624,ORD-00004107,PRD-00046,1,113.49,52.53,113.49,113.49,60.96
ITM-000005625,ORD-00004108,PRD-00078,1,25.99,9.37,25.99,25.99,16.62
ITM-000005626,ORD-00004108,PRD-00041,1,180.99,84.81,180.99,180.99,96.18
ITM-000005627,ORD-00004108,PRD-00015,1,205.99,123.35,205.99,205.99,82.64
ITM-000005628,ORD-00004109,PRD-00094,1,245.99,110.0,245.99,245.99,135.99
ITM-000005629,ORD-00004110,PRD-00083,1,115.99,58.28,115.99,115.99,57.71
ITM-000005630,ORD-00004110,PRD-00029,1,94.49,33.63,94.49,94.49,60.86
ITM-000005631,ORD-00004111,PRD-00074,2,16.99,6.2,33.98,33.98,21.58
ITM-000005632,ORD-00004112,PRD-00005,1,82.99,47.75,82.99,82.99,35.24
ITM-000005633,ORD-00004113,PRD-00021,1,114.99,46.3,114.99,114.99,68.69
ITM-000005634,ORD-00004114,PRD-00027,1,83.99,34.49,83.99,83.99,49.5
ITM-000005635,ORD-00004115,PRD-00095,2,204.99,100.6,409.98,409.98,208.78
ITM-000005636,ORD-00004116,PRD-00051,1,52.99,21.94,52.99,52.99,31.05
ITM-000005637,ORD-00004117,PRD-00096,1,199.99,116.57,199.99,199.99,83.42
ITM-000005638,ORD-00004118,PRD-00039,1,40.99,18.26,40.99,40.99,22.73
ITM-000005639,ORD-00004119,PRD-00023,2,31.99,14.2,63.98,63.98,35.58
ITM-000005640,ORD-00004119,PRD-00055,1,74.99,31.61,74.99,74.99,43.38
ITM-000005641,ORD-00004119,PRD-00089,1,31.99,18.14,31.99,31.99,13.85
ITM-000005642,ORD-00004120,PRD-00022,1,49.99,20.52,49.99,49.99,29.47
ITM-000005643,ORD-00004121,PRD-00085,1,105.99,56.37,105.99,105.99,49.62
ITM-000005644,ORD-00004122,PRD-00029,1,94.49,33.63,94.49,94.49,60.86
ITM-000005645,ORD-00004123,PRD-00085,1,105.99,56.37,105.99,105.99,49.62
ITM-000005646,ORD-00004123,PRD-00032,1,42.49,17.54,42.49,42.49,24.95
ITM-000005647,ORD-00004124,PRD-00053,1,47.99,23.38,47.99,47.99,24.61
ITM-000005648,ORD-00004125,PRD-00032,2,42.49,17.54,84.98,84.98,49.9
ITM-000005649,ORD-00004126,PRD-00030,1,67.99,29.21,67.99,67.99,38.78
ITM-000005650,ORD-00004127,PRD-00045,1,83.49,36.38,83.49,83.49,47.11
ITM-000005651,ORD-00004127,PRD-00017,1,244.99,144.79,244.99,244.99,100.2
ITM-000005652,ORD-00004127,PRD-00097,1,167.49,87.54,167.49,167.49,79.95
ITM-000005653,ORD-00004128,PRD-00074,1,16.99,6.2,16.99,16.99,10.79
ITM-000005654,ORD-00004128,PRD-00050,1,173.99,93.04,173.99,173.99,80.95
ITM-000005655,ORD-00004129,PRD-00024,1,54.99,26.28,54.99,54.99,28.71
ITM-000005656,ORD-00004130,PRD-00086,2,140.99,72.94,281.98,281.98,136.1
ITM-000005657,ORD-00004130,PRD-00068,1,37.49,12.61,37.49,37.49,24.88
ITM-000005658,ORD-00004130,PRD-00047,1,100.99,42.27,100.99,100.99,58.72
ITM-000005659,ORD-00004131,PRD-00020,1,271.99,147.22,271.99,271.99,124.77
ITM-000005660,ORD-00004132,PRD-00046,1,113.49,52.53,113.49,113.49,60.96
ITM-000005661,ORD-00004132,PRD-00096,1,199.99,116.57,199.99,199.99,83.42
ITM-000005662,ORD-00004133,PRD-00009,1,94.99,52.51,94.99,94.99,42.48
ITM-000005663,ORD-00004133,PRD-00097,1,167.49,87.54,167.49,167.49,79.95
ITM-000005664,ORD-00004134,PRD-00019,1,339.99,208.97,339.99,339.99,131.02
ITM-000005665,ORD-00004135,PRD-00063,1,70.49,27.76,70.49,70.49,42.73
ITM-000005666,ORD-00004136,PRD-00071,1,86.99,31.3,86.99,86.99,55.69
ITM-000005667,ORD-00004137,PRD-00026,2,94.99,41.91,189.98,189.98,106.16
ITM-000005668,ORD-00004138,PRD-00005,1,82.99,47.75,82.99,82.99,35.24
ITM-000005669,ORD-00004139,PRD-00093,1,227.99,111.71,227.99,227.99,116.28
ITM-000005670,ORD-00004140,PRD-00067,1,44.99,16.41,44.99,44.99,28.58
ITM-000005671,ORD-00004141,PRD-00011,1,179.99,102.31,179.99,179.99,77.68
ITM-000005672,ORD-00004141,PRD-00027,1,83.99,34.49,83.99,83.99,49.5
ITM-000005673,ORD-00004141,PRD-00003,1,350.49,212.61,350.49,350.49,137.88
ITM-000005674,ORD-00004142,PRD-00099,2,50.99,27.57,101.98,101.98,46.84
ITM-000005675,ORD-00004143,PRD-00100,1,143.99,66.17,143.99,143.99,77.82
ITM-000005676,ORD-00004143,PRD-00004,1,294.49,168.07,294.49,294.49,126.42
ITM-000005677,ORD-00004144,PRD-00069,2,51.99,14.6,103.98,103.98,74.78
ITM-000005678,ORD-00004145,PRD-00087,1,43.99,24.1,43.99,43.99,19.89
ITM-000005679,ORD-00004146,PRD-00097,1,167.49,87.54,167.49,167.49,79.95
ITM-000005680,ORD-00004147,PRD-00047,1,100.99,42.27,100.99,100.99,58.72
ITM-000005681,ORD-00004148,PRD-00052,1,118.49,48.71,118.49,118.49,69.78
ITM-000005682,ORD-00004149,PRD-00060,2,176.49,84.75,352.98,352.98,183.48
ITM-000005683,ORD-00004149,PRD-00022,1,49.99,20.52,49.99,49.99,29.47
ITM-000005684,ORD-00004149,PRD-00041,1,180.99,84.81,180.99,180.99,96.18
ITM-000005685,ORD-00004150,PRD-00095,1,204.99,100.6,204.99,204.99,104.39
ITM-000005686,ORD-00004151,PRD-00008,1,325.99,186.16,325.99,325.99,139.83
ITM-000005687,ORD-00004152,PRD-00004,1,294.49,168.07,294.49,294.49,126.42
ITM-000005688,ORD-00004152,PRD-00093,1,227.99,111.71,227.99,227.99,116.28
ITM-000005689,ORD-00004152,PRD-00004,1,294.49,168.07,294.49,294.49,126.42
ITM-000005690,ORD-00004153,PRD-00026,1,94.99,41.91,94.99,94.99,53.08
ITM-000005691,ORD-00004154,PRD-00095,1,204.99,100.6,204.99,204.99,104.39
ITM-000005692,ORD-00004155,PRD-00089,2,31.99,18.14,63.98,63.98,27.7
ITM-000005693,ORD-00004156,PRD-00062,1,68.49,27.5,68.49,68.49,40.99
ITM-000005694,ORD-00004157,PRD-00011,1,179.99,102.31,179.99,179.99,77.68
ITM-000005695,ORD-00004158,PRD-00034,1,34.99,12.79,34.99,34.99,22.2
ITM-000005696,ORD-00004158,PRD-00001,1,320.99,176.63,320.99,320.99,144.36
ITM-000005697,ORD-00004158,PRD-00019,1,339.99,208.97,339.99,339.99,131.02
ITM-000005698,ORD-00004159,PRD-00016,1,129.99,78.72,129.99,129.99,51.27
ITM-000005699,ORD-00004159,PRD-00012,1,374.49,207.75,374.49,374.49,166.74
ITM-000005700,ORD-00004159,PRD-00035,1,100.99,39.04,100.99,100.99,61.95
ITM-000005701,ORD-00004160,PRD-00004,1,294.49,168.07,294.49,294.49,126.42
ITM-000005702,ORD-00004160,PRD-00071,1,86.99,31.3,86.99,86.99,55.69
ITM-000005703,ORD-00004161,PRD-00082,1,151.49,68.21,151.49,151.49,83.28
ITM-000005704,ORD-00004162,PRD-00026,1,94.99,41.91,94.99,94.99,53.08
ITM-000005705,ORD-00004163,PRD-00063,1,70.49,27.76,70.49,70.49,42.73
ITM-000005706,ORD-00004164,PRD-00060,1,176.49,84.75,176.49,176.49,91.74
ITM-000005707,ORD-00004164,PRD-00097,1,167.49,87.54,167.49,167.49,79.95
ITM-000005708,ORD-00004165,PRD-00086,1,140.99,72.94,140.99,140.99,68.05
ITM-000005709,ORD-00004166,PRD-00095,1,204.99,100.6,204.99,204.99,104.39
ITM-000005710,ORD-00004167,PRD-00043,2,105.99,49.95,211.98,211.98,112.08
ITM-000005711,ORD-00004168,PRD-00093,1,227.99,111.71,227.99,227.99,116.28
ITM-000005712,ORD-00004168,PRD-00086,1,140.99,72.94,140.99,140.99,68.05
ITM-000005713,ORD-00004169,PRD-00097,1,167.49,87.54,167.49,167.49,79.95
ITM-000005714,ORD-00004170,PRD-00072,1,36.99,11.8,36.99,36.99,25.19
ITM-000005715,ORD-00004170,PRD-00009,1,94.99,52.51,94.99,94.99,42.48
ITM-000005716,ORD-00004171,PRD-00020,2,271.99,147.22,543.98,543.98,249.54
ITM-000005717,ORD-00004172,PRD-00076,1,62.99,25.51,62.99,62.99,37.48
ITM-000005718,ORD-00004172,PRD-00018,1,72.99,37.97,72.99,72.99,35.02
ITM-000005719,ORD-00004173,PRD-00056,1,135.49,71.03,135.49,135.49,64.46
ITM-000005720,ORD-00004174,PRD-00008,1,325.99,186.16,325.99,325.99,139.83
ITM-000005721,ORD-00004174,PRD-00035,2,100.99,39.04,201.98,201.98,123.9
ITM-000005722,ORD-00004175,PRD-00042,1,121.99,52.18,121.99,121.99,69.81
ITM-000005723,ORD-00004175,PRD-00039,1,40.99,18.26,40.99,40.99,22.73
ITM-000005724,ORD-00004176,PRD-00045,1,83.49,36.38,83.49,83.49,47.11
ITM-000005725,ORD-00004176,PRD-00050,1,173.99,93.04,173.99,173.99,80.95
ITM-000005726,ORD-00004176,PRD-00096,1,199.99,116.57,199.99,199.99,83.42
ITM-000005727,ORD-00004177,PRD-00097,1,167.49,87.54,167.49,167.49,79.95
ITM-000005728,ORD-00004177,PRD-00095,1,204.99,100.6,204.99,204.99,104.39
ITM-000005729,ORD-00004177,PRD-00009,1,94.99,52.51,94.99,94.99,42.48
ITM-000005730,ORD-00004178,PRD-00030,2,67.99,29.21,135.98,135.98,77.56
ITM-000005731,ORD-00004179,PRD-00022,2,49.99,20.52,99.98,99.98,58.94
ITM-000005732,ORD-00004180,PRD-00060,1,176.49,84.75,176.49,176.49,91.74
ITM-000005733,ORD-00004181,PRD-00009,1,94.99,52.51,94.99,94.99,42.48
ITM-000005734,ORD-00004181,PRD-00017,1,244.99,144.79,244.99,244.99,100.2
ITM-000005735,ORD-00004182,PRD-00100,1,143.99,66.17,143.99,143.99,77.82
ITM-000005736,ORD-00004182,PRD-00005,2,82.99,47.75,165.98,165.98,70.48
ITM-000005737,ORD-00004182,PRD-00034,1,34.99,12.79,34.99,34.99,22.2
ITM-000005738,ORD-00004183,PRD-00031,1,110.99,51.16,110.99,110.99,59.83
ITM-000005739,ORD-00004184,PRD-00087,1,43.99,24.1,43.99,43.99,19.89
ITM-000005740,ORD-00004184,PRD-00044,1,72.99,36.23,72.99,72.99,36.76
ITM-000005741,ORD-00004185,PRD-00022,1,49.99,20.52,49.99,49.99,29.47
ITM-000005742,ORD-00004186,PRD-00010,1,207.99,120.07,207.99,207.99,87.92
ITM-000005743,ORD-00004187,PRD-00005,1,82.99,47.75,82.99,82.99,35.24
ITM-000005744,ORD-00004187,PRD-00017,1,244.99,144.79,244.99,244.99,100.2
ITM-000005745,ORD-00004188,PRD-00070,1,64.99,25.31,64.99,64.99,39.68
ITM-000005746,ORD-00004188,PRD-00003,1,350.49,212.61,350.49,350.49,137.88
ITM-000005747,ORD-00004188,PRD-00035,1,100.99,39.04,100.99,100.99,61.95
ITM-000005748,ORD-00004189,PRD-00092,2,214.99,101.72,429.98,429.98,226.54
ITM-000005749,ORD-00004190,PRD-00034,1,34.99,12.79,34.99,34.99,22.2
ITM-000005750,ORD-00004191,PRD-00010,1,207.99,120.07,207.99,207.99,87.92
ITM-000005751,ORD-00004192,PRD-00049,1,162.99,86.22,162.99,162.99,76.77
ITM-000005752,ORD-00004193,PRD-00076,1,62.99,25.51,62.99,62.99,37.48
ITM-000005753,ORD-00004194,PRD-00025,1,55.99,23.35,55.99,55.99,32.64
ITM-000005754,ORD-00004195,PRD-00092,1,214.99,101.72,214.99,214.99,113.27
ITM-000005755,ORD-00004196,PRD-00049,1,162.99,86.22,162.99,162.99,76.77
ITM-000005756,ORD-00004196,PRD-00056,1,135.49,71.03,135.49,135.49,64.46
ITM-000005757,ORD-00004197,PRD-00049,1,162.99,86.22,162.99,162.99,76.77
ITM-000005758,ORD-00004197,PRD-00086,1,140.99,72.94,140.99,140.99,68.05
ITM-000005759,ORD-00004198,PRD-00009,3,94.99,52.51,284.97,284.97,127.44
ITM-000005760,ORD-00004199,PRD-00002,2,203.99,113.88,407.98,407.98,180.22
ITM-000005761,ORD-00004200,PRD-00009,2,94.99,52.51,189.98,189.98,84.96
ITM-000005762,ORD-00004200,PRD-00058,1,152.99,69.5,152.99,152.99,83.49
ITM-000005763,ORD-00004201,PRD-00044,1,72.99,36.23,72.99,72.99,36.76
ITM-000005764,ORD-00004202,PRD-00035,1,100.99,39.04,100.99,100.99,61.95
ITM-000005765,ORD-00004203,PRD-00042,1,121.99,52.18,121.99,121.99,69.81
ITM-000005766,ORD-00004204,PRD-00043,3,105.99,49.95,317.97,317.97,168.12
ITM-000005767,ORD-00004205,PRD-00067,2,44.99,16.41,89.98,89.98,57.16
ITM-000005768,ORD-00004206,PRD-00090,2,232.99,113.86,465.98,465.98,238.26
ITM-000005769,ORD-00004206,PRD-00015,1,205.99,123.35,205.99,205.99,82.64
ITM-000005770,ORD-00004207,PRD-00029,1,94.49,33.63,94.49,94.49,60.86
ITM-000005771,ORD-00004208,PRD-00010,1,207.99,120.07,207.99,207.99,87.92
ITM-000005772,ORD-00004209,PRD-00013,1,275.99,176.16,275.99,275.99,99.83
ITM-000005773,ORD-00004209,PRD-00004,1,294.49,168.07,294.49,294.49,126.42
ITM-000005774,ORD-00004210,PRD-00041,1,180.99,84.81,180.99,180.99,96.18
ITM-000005775,ORD-00004211,PRD-00072,1,36.99,11.8,36.99,36.99,25.19
ITM-000005776,ORD-00004212,PRD-00053,1,47.99,23.38,47.99,47.99,24.61
ITM-000005777,ORD-00004212,PRD-00100,1,143.99,66.17,143.99,143.99,77.82
ITM-000005778,ORD-00004213,PRD-00071,1,86.99,31.3,86.99,86.99,55.69
ITM-000005779,ORD-00004214,PRD-00055,2,74.99,31.61,149.98,149.98,86.76
ITM-000005780,ORD-00004214,PRD-00002,2,203.99,113.88,407.98,407.98,180.22
ITM-000005781,ORD-00004215,PRD-00056,1,135.49,71.03,135.49,135.49,64.46
ITM-000005782,ORD-00004216,PRD-00079,1,46.49,15.84,46.49,46.49,30.65
ITM-000005783,ORD-00004217,PRD-00022,1,49.99,20.52,49.99,49.99,29.47
ITM-000005784,ORD-00004218,PRD-00078,1,25.99,9.37,25.99,25.99,16.62
ITM-000005785,ORD-00004219,PRD-00057,1,146.49,75.56,146.49,146.49,70.93
ITM-000005786,ORD-00004220,PRD-00049,1,162.99,86.22,162.99,162.99,76.77
ITM-000005787,ORD-00004221,PRD-00004,1,294.49,168.07,294.49,294.49,126.42
ITM-000005788,ORD-00004222,PRD-00071,1,86.99,31.3,86.99,86.99,55.69
ITM-000005789,ORD-00004223,PRD-00017,1,244.99,144.79,244.99,244.99,100.2
ITM-000005790,ORD-00004223,PRD-00063,1,70.49,27.76,70.49,70.49,42.73
ITM-000005791,ORD-00004224,PRD-00085,1,105.99,56.37,105.99,105.99,49.62
ITM-000005792,ORD-00004225,PRD-00018,1,72.99,37.97,72.99,72.99,35.02
ITM-000005793,ORD-00004225,PRD-00019,2,339.99,208.97,679.98,679.98,262.04
ITM-000005794,ORD-00004226,PRD-00073,1,84.49,28.1,84.49,84.49,56.39
ITM-000005795,ORD-00004227,PRD-00041,1,180.99,84.81,180.99,180.99,96.18
ITM-000005796,ORD-00004228,PRD-00088,1,211.99,101.84,211.99,211.99,110.15
ITM-000005797,ORD-00004229,PRD-00057,1,146.49,75.56,146.49,146.49,70.93
ITM-000005798,ORD-00004229,PRD-00038,1,77.49,36.23,77.49,77.49,41.26
ITM-000005799,ORD-00004230,PRD-00065,1,24.99,5.84,24.99,24.99,19.15
ITM-000005800,ORD-00004231,PRD-00089,2,31.99,18.14,63.98,63.98,27.7
ITM-000005801,ORD-00004231,PRD-00096,1,199.99,116.57,199.99,199.99,83.42
ITM-000005802,ORD-00004231,PRD-00094,1,245.99,110.0,245.99,245.99,135.99
ITM-000005803,ORD-00004232,PRD-00028,1,107.49,45.05,107.49,107.49,62.44
ITM-000005804,ORD-00004233,PRD-00013,2,275.99,176.16,551.98,551.98,199.66
ITM-000005805,ORD-00004234,PRD-00040,1,98.99,45.24,98.99,98.99,53.75
ITM-000005806,ORD-00004234,PRD-00020,2,271.99,147.22,543.98,543.98,249.54
ITM-000005807,ORD-00004235,PRD-00037,1,41.99,15.18,41.99,41.99,26.81
ITM-000005808,ORD-00004236,PRD-00015,1,205.99,123.35,205.99,205.99,82.64
ITM-000005809,ORD-00004237,PRD-00069,1,51.99,14.6,51.99,51.99,37.39
ITM-000005810,ORD-00004237,PRD-00098,2,199.49,113.09,398.98,398.98,172.8
ITM-000005811,ORD-00004237,PRD-00048,1,33.49,15.83,33.49,33.49,17.66
ITM-000005812,ORD-00004238,PRD-00053,1,47.99,23.38,47.99,47.99,24.61
ITM-000005813,ORD-00004238,PRD-00091,1,42.99,22.68,42.99,42.99,20.31
ITM-000005814,ORD-00004239,PRD-00089,1,31.99,18.14,31.99,31.99,13.85
ITM-000005815,ORD-00004239,PRD-00010,1,207.99,120.07,207.99,207.99,87.92
ITM-000005816,ORD-00004239,PRD-00066,1,84.99,33.73,84.99,84.99,51.26
ITM-000005817,ORD-00004240,PRD-00012,1,374.49,207.75,374.49,374.49,166.74
ITM-000005818,ORD-00004241,PRD-00068,1,37.49,12.61,37.49,37.49,24.88
ITM-000005819,ORD-00004241,PRD-00091,2,42.99,22.68,85.98,85.98,40.62
ITM-000005820,ORD-00004242,PRD-00032,1,42.49,17.54,42.49,42.49,24.95
ITM-000005821,ORD-00004243,PRD-00022,1,49.99,20.52,49.99,49.99,29.47
ITM-000005822,ORD-00004244,PRD-00010,1,207.99,120.07,207.99,207.99,87.92
ITM-000005823,ORD-00004244,PRD-00015,1,205.99,123.35,205.99,205.99,82.64
ITM-000005824,ORD-00004245,PRD-00072,1,36.99,11.8,36.99,36.99,25.19
ITM-000005825,ORD-00004246,PRD-00055,1,74.99,31.61,74.99,74.99,43.38
ITM-000005826,ORD-00004247,PRD-00033,1,27.99,11.51,27.99,27.99,16.48
ITM-000005827,ORD-00004248,PRD-00099,1,50.99,27.57,50.99,50.99,23.42
ITM-000005828,ORD-00004249,PRD-00039,1,40.99,18.26,40.99,40.99,22.73
ITM-000005829,ORD-00004250,PRD-00087,1,43.99,24.1,43.99,43.99,19.89
ITM-000005830,ORD-00004251,PRD-00041,1,180.99,84.81,180.99,180.99,96.18
ITM-000005831,ORD-00004252,PRD-00056,1,135.49,71.03,135.49,135.49,64.46
ITM-000005832,ORD-00004253,PRD-00010,1,207.99,120.07,207.99,207.99,87.92
ITM-000005833,ORD-00004254,PRD-00087,1,43.99,24.1,43.99,43.99,19.89
ITM-000005834,ORD-00004255,PRD-00086,1,140.99,72.94,140.99,140.99,68.05
ITM-000005835,ORD-00004256,PRD-00085,1,105.99,56.37,105.99,105.99,49.62
ITM-000005836,ORD-00004256,PRD-00087,1,43.99,24.1,43.99,43.99,19.89
ITM-000005837,ORD-00004257,PRD-00068,1,37.49,12.61,37.49,37.49,24.88
ITM-000005838,ORD-00004257,PRD-00044,1,72.99,36.23,72.99,72.99,36.76
ITM-000005839,ORD-00004257,PRD-00041,1,180.99,84.81,180.99,180.99,96.18
ITM-000005840,ORD-00004258,PRD-00042,1,121.99,52.18,121.99,121.99,69.81
ITM-000005841,ORD-00004259,PRD-00023,1,31.99,14.2,31.99,31.99,17.79
ITM-000005842,ORD-00004260,PRD-00092,1,214.99,101.72,214.99,214.99,113.27
ITM-000005843,ORD-00004261,PRD-00080,1,87.99,32.75,87.99,87.99,55.24
ITM-000005844,ORD-00004262,PRD-00039,1,40.99,18.26,40.99,40.99,22.73
ITM-000005845,ORD-00004263,PRD-00008,1,325.99,186.16,325.99,325.99,139.83
ITM-000005846,ORD-00004263,PRD-00095,1,204.99,100.6,204.99,204.99,104.39
ITM-000005847,ORD-00004264,PRD-00027,2,83.99,34.49,167.98,167.98,99.0
ITM-000005848,ORD-00004264,PRD-00075,1,56.99,20.25,56.99,56.99,36.74
ITM-000005849,ORD-00004264,PRD-00060,1,176.49,84.75,176.49,176.49,91.74
ITM-000005850,ORD-00004265,PRD-00041,1,180.99,84.81,180.99,180.99,96.18
ITM-000005851,ORD-00004266,PRD-00098,1,199.49,113.09,199.49,199.49,86.4
ITM-000005852,ORD-00004266,PRD-00100,1,143.99,66.17,143.99,143.99,77.82
ITM-000005853,ORD-00004267,PRD-00068,1,37.49,12.61,37.49,37.49,24.88
ITM-000005854,ORD-00004267,PRD-00033,1,27.99,11.51,27.99,27.99,16.48
ITM-000005855,ORD-00004268,PRD-00074,1,16.99,6.2,16.99,16.99,10.79
ITM-000005856,ORD-00004269,PRD-00046,1,113.49,52.53,113.49,113.49,60.96
ITM-000005857,ORD-00004269,PRD-00063,1,70.49,27.76,70.49,70.49,42.73
ITM-000005858,ORD-00004270,PRD-00074,1,16.99,6.2,16.99,16.99,10.79
ITM-000005859,ORD-00004271,PRD-00024,1,54.99,26.28,54.99,54.99,28.71
ITM-000005860,ORD-00004272,PRD-00065,1,24.99,5.84,24.99,24.99,19.15
ITM-000005861,ORD-00004273,PRD-00015,1,205.99,123.35,205.99,205.99,82.64
ITM-000005862,ORD-00004273,PRD-00021,1,114.99,46.3,114.99,114.99,68.69
ITM-000005863,ORD-00004274,PRD-00045,1,83.49,36.38,83.49,83.49,47.11
ITM-000005864,ORD-00004275,PRD-00028,1,107.49,45.05,107.49,107.49,62.44
ITM-000005865,ORD-00004276,PRD-00014,1,337.99,200.36,337.99,337.99,137.63
ITM-000005866,ORD-00004276,PRD-00067,1,44.99,16.41,44.99,44.99,28.58
ITM-000005867,ORD-00004277,PRD-00024,2,54.99,26.28,109.98,109.98,57.42
ITM-000005868,ORD-00004277,PRD-00015,1,205.99,123.35,205.99,205.99,82.64
ITM-000005869,ORD-00004277,PRD-00026,1,94.99,41.91,94.99,94.99,53.08
ITM-000005870,ORD-00004278,PRD-00043,1,105.99,49.95,105.99,105.99,56.04
ITM-000005871,ORD-00004278,PRD-00079,1,46.49,15.84,46.49,46.49,30.65
ITM-000005872,ORD-00004279,PRD-00094,1,245.99,110.0,245.99,245.99,135.99
ITM-000005873,ORD-00004280,PRD-00019,1,339.99,208.97,339.99,339.99,131.02
ITM-000005874,ORD-00004281,PRD-00099,1,50.99,27.57,50.99,50.99,23.42
ITM-000005875,ORD-00004282,PRD-00028,1,107.49,45.05,107.49,107.49,62.44
ITM-000005876,ORD-00004283,PRD-00089,1,31.99,18.14,31.99,31.99,13.85
ITM-000005877,ORD-00004284,PRD-00019,2,339.99,208.97,679.98,679.98,262.04
ITM-000005878,ORD-00004285,PRD-00039,1,40.99,18.26,40.99,40.99,22.73
ITM-000005879,ORD-00004286,PRD-00036,1,73.99,30.02,73.99,73.99,43.97
ITM-000005880,ORD-00004287,PRD-00094,1,245.99,110.0,245.99,245.99,135.99
ITM-000005881,ORD-00004288,PRD-00028,1,107.49,45.05,107.49,107.49,62.44
ITM-000005882,ORD-00004288,PRD-00005,1,82.99,47.75,82.99,82.99,35.24
ITM-000005883,ORD-00004289,PRD-00077,2,22.99,8.27,45.98,45.98,29.44
ITM-000005884,ORD-00004290,PRD-00026,1,94.99,41.91,94.99,94.99,53.08
ITM-000005885,ORD-00004290,PRD-00036,1,73.99,30.02,73.99,73.99,43.97
ITM-000005886,ORD-00004290,PRD-00072,1,36.99,11.8,36.99,36.99,25.19
ITM-000005887,ORD-00004291,PRD-00001,2,320.99,176.63,641.98,641.98,288.72
ITM-000005888,ORD-00004291,PRD-00069,1,51.99,14.6,51.99,51.99,37.39
ITM-000005889,ORD-00004291,PRD-00053,1,47.99,23.38,47.99,47.99,24.61
ITM-000005890,ORD-00004292,PRD-00019,1,339.99,208.97,339.99,339.99,131.02
ITM-000005891,ORD-00004293,PRD-00011,1,179.99,102.31,179.99,179.99,77.68
ITM-000005892,ORD-00004294,PRD-00038,1,77.49,36.23,77.49,77.49,41.26
ITM-000005893,ORD-00004295,PRD-00010,2,207.99,120.07,415.98,415.98,175.84
ITM-000005894,ORD-00004296,PRD-00046,1,113.49,52.53,113.49,113.49,60.96
ITM-000005895,ORD-00004297,PRD-00071,1,86.99,31.3,86.99,86.99,55.69
ITM-000005896,ORD-00004298,PRD-00064,1,24.99,6.91,24.99,24.99,18.08
ITM-000005897,ORD-00004299,PRD-00067,1,44.99,16.41,44.99,44.99,28.58
ITM-000005898,ORD-00004299,PRD-00002,2,203.99,113.88,407.98,407.98,180.22
ITM-000005899,ORD-00004299,PRD-00010,1,207.99,120.07,207.99,207.99,87.92
ITM-000005900,ORD-00004300,PRD-00023,1,31.99,14.2,31.99,31.99,17.79
ITM-000005901,ORD-00004301,PRD-00098,1,199.49,113.09,199.49,199.49,86.4
ITM-000005902,ORD-00004301,PRD-00074,1,16.99,6.2,16.99,16.99,10.79
ITM-000005903,ORD-00004302,PRD-00046,1,113.49,52.53,113.49,113.49,60.96
ITM-000005904,ORD-00004303,PRD-00097,1,167.49,87.54,167.49,167.49,79.95
ITM-000005905,ORD-00004303,PRD-00072,1,36.99,11.8,36.99,36.99,25.19
ITM-000005906,ORD-00004303,PRD-00005,1,82.99,47.75,82.99,82.99,35.24
ITM-000005907,ORD-00004304,PRD-00095,2,204.99,100.6,409.98,409.98,208.78
ITM-000005908,ORD-00004305,PRD-00072,1,36.99,11.8,36.99,36.99,25.19
ITM-000005909,ORD-00004306,PRD-00092,1,214.99,101.72,214.99,214.99,113.27
ITM-000005910,ORD-00004307,PRD-00049,1,162.99,86.22,162.99,162.99,76.77
ITM-000005911,ORD-00004308,PRD-00004,1,294.49,168.07,294.49,294.49,126.42
ITM-000005912,ORD-00004308,PRD-00079,3,46.49,15.84,139.47,139.47,91.95
ITM-000005913,ORD-00004308,PRD-00076,1,62.99,25.51,62.99,62.99,37.48
ITM-000005914,ORD-00004309,PRD-00087,2,43.99,24.1,87.98,87.98,39.78
ITM-000005915,ORD-00004309,PRD-00058,1,152.99,69.5,152.99,152.99,83.49
ITM-000005916,ORD-00004309,PRD-00092,2,214.99,101.72,429.98,429.98,226.54
ITM-000005917,ORD-00004310,PRD-00096,1,199.99,116.57,199.99,199.99,83.42
ITM-000005918,ORD-00004311,PRD-00022,2,49.99,20.52,99.98,99.98,58.94
ITM-000005919,ORD-00004312,PRD-00037,1,41.99,15.18,41.99,41.99,26.81
ITM-000005920,ORD-00004313,PRD-00056,1,135.49,71.03,135.49,135.49,64.46
ITM-000005921,ORD-00004314,PRD-00022,1,49.99,20.52,49.99,49.99,29.47
ITM-000005922,ORD-00004315,PRD-00026,1,94.99,41.91,94.99,94.99,53.08
ITM-000005923,ORD-00004316,PRD-00039,1,40.99,18.26,40.99,40.99,22.73
ITM-000005924,ORD-00004316,PRD-00097,1,167.49,87.54,167.49,167.49,79.95
ITM-000005925,ORD-00004317,PRD-00084,1,31.99,15.58,31.99,31.99,16.41
ITM-000005926,ORD-00004318,PRD-00043,1,105.99,49.95,105.99,105.99,56.04
ITM-000005927,ORD-00004319,PRD-00018,1,72.99,37.97,72.99,72.99,35.02
ITM-000005928,ORD-00004319,PRD-00020,1,271.99,147.22,271.99,271.99,124.77
ITM-000005929,ORD-00004320,PRD-00092,1,214.99,101.72,214.99,214.99,113.27
ITM-000005930,ORD-00004321,PRD-00053,1,47.99,23.38,47.99,47.99,24.61
ITM-000005931,ORD-00004322,PRD-00003,2,350.49,212.61,700.98,700.98,275.76
ITM-000005932,ORD-00004323,PRD-00021,2,114.99,46.3,229.98,229.98,137.38
ITM-000005933,ORD-00004324,PRD-00036,1,73.99,30.02,73.99,73.99,43.97
ITM-000005934,ORD-00004325,PRD-00074,1,16.99,6.2,16.99,16.99,10.79
ITM-000005935,ORD-00004325,PRD-00085,1,105.99,56.37,105.99,105.99,49.62
ITM-000005936,ORD-00004326,PRD-00037,1,41.99,15.18,41.99,41.99,26.81
ITM-000005937,ORD-00004327,PRD-00015,2,205.99,123.35,411.98,411.98,165.28
ITM-000005938,ORD-00004328,PRD-00098,1,199.49,113.09,199.49,199.49,86.4
ITM-000005939,ORD-00004329,PRD-00084,1,31.99,15.58,31.99,31.99,16.41
ITM-000005940,ORD-00004329,PRD-00050,1,173.99,93.04,173.99,173.99,80.95
ITM-000005941,ORD-00004330,PRD-00092,1,214.99,101.72,214.99,214.99,113.27
ITM-000005942,ORD-00004331,PRD-00055,1,74.99,31.61,74.99,74.99,43.38
ITM-000005943,ORD-00004332,PRD-00077,1,22.99,8.27,22.99,22.99,14.72
ITM-000005944,ORD-00004333,PRD-00058,3,152.99,69.5,458.97,458.97,250.47
ITM-000005945,ORD-00004334,PRD-00002,1,203.99,113.88,203.99,203.99,90.11
ITM-000005946,ORD-00004334,PRD-00058,3,152.99,69.5,458.97,458.97,250.47
ITM-000005947,ORD-00004334,PRD-00100,1,143.99,66.17,143.99,143.99,77.82
ITM-000005948,ORD-00004335,PRD-00095,1,204.99,100.6,204.99,204.99,104.39
ITM-000005949,ORD-00004336,PRD-00073,1,84.49,28.1,84.49,84.49,56.39
ITM-000005950,ORD-00004337,PRD-00069,1,51.99,14.6,51.99,51.99,37.39
ITM-000005951,ORD-00004338,PRD-00090,1,232.99,113.86,232.99,232.99,119.13
ITM-000005952,ORD-00004339,PRD-00019,1,339.99,208.97,339.99,339.99,131.02
ITM-000005953,ORD-00004340,PRD-00078,1,25.99,9.37,25.99,25.99,16.62
ITM-000005954,ORD-00004341,PRD-00074,2,16.99,6.2,33.98,33.98,21.58
ITM-000005955,ORD-00004341,PRD-00041,1,180.99,84.81,180.99,180.99,96.18
ITM-000005956,ORD-00004341,PRD-00055,1,74.99,31.61,74.99,74.99,43.38
ITM-000005957,ORD-00004342,PRD-00073,3,84.49,28.1,253.47,253.47,169.17
ITM-000005958,ORD-00004343,PRD-00003,1,350.49,212.61,350.49,350.49,137.88
ITM-000005959,ORD-00004343,PRD-00010,2,207.99,120.07,415.98,415.98,175.84
ITM-000005960,ORD-00004344,PRD-00094,1,245.99,110.0,245.99,245.99,135.99
ITM-000005961,ORD-00004345,PRD-00095,1,204.99,100.6,204.99,204.99,104.39
ITM-000005962,ORD-00004346,PRD-00065,1,24.99,5.84,24.99,24.99,19.15
ITM-000005963,ORD-00004346,PRD-00008,1,325.99,186.16,325.99,325.99,139.83
ITM-000005964,ORD-00004347,PRD-00093,1,227.99,111.71,227.99,227.99,116.28
ITM-000005965,ORD-00004348,PRD-00085,1,105.99,56.37,105.99,105.99,49.62
ITM-000005966,ORD-00004349,PRD-00042,1,121.99,52.18,121.99,121.99,69.81
ITM-000005967,ORD-00004350,PRD-00095,1,204.99,100.6,204.99,204.99,104.39
ITM-000005968,ORD-00004350,PRD-00074,1,16.99,6.2,16.99,16.99,10.79
ITM-000005969,ORD-00004351,PRD-00092,1,214.99,101.72,214.99,214.99,113.27
ITM-000005970,ORD-00004352,PRD-00078,1,25.99,9.37,25.99,25.99,16.62
ITM-000005971,ORD-00004353,PRD-00064,1,24.99,6.91,24.99,24.99,18.08
ITM-000005972,ORD-00004353,PRD-00020,1,271.99,147.22,271.99,271.99,124.77
ITM-000005973,ORD-00004354,PRD-00083,1,115.99,58.28,115.99,115.99,57.71
ITM-000005974,ORD-00004355,PRD-00096,1,199.99,116.57,199.99,199.99,83.42
ITM-000005975,ORD-00004355,PRD-00036,1,73.99,30.02,73.99,73.99,43.97
ITM-000005976,ORD-00004356,PRD-00001,1,320.99,176.63,320.99,320.99,144.36
ITM-000005977,ORD-00004357,PRD-00007,1,316.99,172.8,316.99,316.99,144.19
ITM-000005978,ORD-00004357,PRD-00080,1,87.99,32.75,87.99,87.99,55.24
ITM-000005979,ORD-00004358,PRD-00067,1,44.99,16.41,44.99,44.99,28.58
ITM-000005980,ORD-00004359,PRD-00018,1,72.99,37.97,72.99,72.99,35.02
ITM-000005981,ORD-00004360,PRD-00010,1,207.99,120.07,207.99,207.99,87.92
ITM-000005982,ORD-00004361,PRD-00068,1,37.49,12.61,37.49,37.49,24.88
ITM-000005983,ORD-00004362,PRD-00044,1,72.99,36.23,72.99,72.99,36.76
ITM-000005984,ORD-00004362,PRD-00021,1,114.99,46.3,114.99,114.99,68.69
ITM-000005985,ORD-00004363,PRD-00063,1,70.49,27.76,70.49,70.49,42.73
ITM-000005986,ORD-00004363,PRD-00096,1,199.99,116.57,199.99,199.99,83.42
ITM-000005987,ORD-00004364,PRD-00050,1,173.99,93.04,173.99,173.99,80.95
ITM-000005988,ORD-00004364,PRD-00081,1,77.99,39.19,77.99,77.99,38.8
ITM-000005989,ORD-00004364,PRD-00047,2,100.99,42.27,201.98,201.98,117.44
ITM-000005990,ORD-00004365,PRD-00077,1,22.99,8.27,22.99,22.99,14.72
ITM-000005991,ORD-00004365,PRD-00091,1,42.99,22.68,42.99,42.99,20.31
ITM-000005992,ORD-00004366,PRD-00049,1,162.99,86.22,162.99,162.99,76.77
ITM-000005993,ORD-00004367,PRD-00091,2,42.99,22.68,85.98,85.98,40.62
ITM-000005994,ORD-00004367,PRD-00016,1,129.99,78.72,129.99,129.99,51.27
ITM-000005995,ORD-00004368,PRD-00044,1,72.99,36.23,72.99,72.99,36.76
ITM-000005996,ORD-00004369,PRD-00026,1,94.99,41.91,94.99,94.99,53.08
ITM-000005997,ORD-00004370,PRD-00036,1,73.99,30.02,73.99,73.99,43.97
ITM-000005998,ORD-00004371,PRD-00070,1,64.99,25.31,64.99,64.99,39.68
ITM-000005999,ORD-00004372,PRD-00060,1,176.49,84.75,176.49,176.49,91.74
ITM-000006000,ORD-00004373,PRD-00012,1,374.49,207.75,374.49,374.49,166.74
ITM-000006001,ORD-00004373,PRD-00014,1,337.99,200.36,337.99,337.99,137.63
ITM-000006002,ORD-00004374,PRD-00046,1,113.49,52.53,113.49,113.49,60.96
ITM-000006003,ORD-00004375,PRD-00030,1,67.99,29.21,67.99,67.99,38.78
ITM-000006004,ORD-00004376,PRD-00024,1,54.99,26.28,54.99,54.99,28.71
ITM-000006005,ORD-00004377,PRD-00049,1,162.99,86.22,162.99,162.99,76.77
ITM-000006006,ORD-00004377,PRD-00021,1,114.99,46.3,114.99,114.99,68.69
ITM-000006007,ORD-00004378,PRD-00050,1,173.99,93.04,173.99,173.99,80.95
ITM-000006008,ORD-00004379,PRD-00025,1,55.99,23.35,55.99,55.99,32.64
ITM-000006009,ORD-00004379,PRD-00080,1,87.99,32.75,87.99,87.99,55.24
ITM-000006010,ORD-00004380,PRD-00063,1,70.49,27.76,70.49,70.49,42.73
ITM-000006011,ORD-00004381,PRD-00057,1,146.49,75.56,146.49,146.49,70.93
ITM-000006012,ORD-00004381,PRD-00054,2,137.99,68.35,275.98,275.98,139.28
ITM-000006013,ORD-00004382,PRD-00004,1,294.49,168.07,294.49,294.49,126.42
ITM-000006014,ORD-00004382,PRD-00062,1,68.49,27.5,68.49,68.49,40.99
ITM-000006015,ORD-00004382,PRD-00095,2,204.99,100.6,409.98,409.98,208.78
ITM-000006016,ORD-00004383,PRD-00082,1,151.49,68.21,151.49,151.49,83.28
ITM-000006017,ORD-00004383,PRD-00059,1,47.49,23.54,47.49,47.49,23.95
ITM-000006018,ORD-00004384,PRD-00027,2,83.99,34.49,167.98,167.98,99.0
ITM-000006019,ORD-00004384,PRD-00039,3,40.99,18.26,122.97,122.97,68.19
ITM-000006020,ORD-00004385,PRD-00044,1,72.99,36.23,72.99,72.99,36.76
ITM-000006021,ORD-00004386,PRD-00081,1,77.99,39.19,77.99,77.99,38.8
ITM-000006022,ORD-00004386,PRD-00083,1,115.99,58.28,115.99,115.99,57.71
ITM-000006023,ORD-00004386,PRD-00055,1,74.99,31.61,74.99,74.99,43.38
ITM-000006024,ORD-00004387,PRD-00099,3,50.99,27.57,152.97,152.97,70.26
ITM-000006025,ORD-00004387,PRD-00085,2,105.99,56.37,211.98,211.98,99.24
ITM-000006026,ORD-00004387,PRD-00048,1,33.49,15.83,33.49,33.49,17.66
ITM-000006027,ORD-00004388,PRD-00095,1,204.99,100.6,204.99,204.99,104.39
ITM-000006028,ORD-00004389,PRD-00077,1,22.99,8.27,22.99,22.99,14.72
ITM-000006029,ORD-00004390,PRD-00061,1,75.99,20.12,75.99,75.99,55.87
ITM-000006030,ORD-00004391,PRD-00011,1,179.99,102.31,179.99,179.99,77.68
ITM-000006031,ORD-00004392,PRD-00071,1,86.99,31.3,86.99,86.99,55.69
ITM-000006032,ORD-00004393,PRD-00024,1,54.99,26.28,54.99,54.99,28.71
ITM-000006033,ORD-00004394,PRD-00054,1,137.99,68.35,137.99,137.99,69.64
ITM-000006034,ORD-00004394,PRD-00072,1,36.99,11.8,36.99,36.99,25.19
ITM-000006035,ORD-00004395,PRD-00080,1,87.99,32.75,87.99,87.99,55.24
ITM-000006036,ORD-00004396,PRD-00038,1,77.49,36.23,77.49,77.49,41.26
ITM-000006037,ORD-00004397,PRD-00076,3,62.99,25.51,188.97,188.97,112.44
ITM-000006038,ORD-00004397,PRD-00085,1,105.99,56.37,105.99,105.99,49.62
ITM-000006039,ORD-00004398,PRD-00009,1,94.99,52.51,94.99,94.99,42.48
ITM-000006040,ORD-00004399,PRD-00017,1,244.99,144.79,244.99,244.99,100.2
ITM-000006041,ORD-00004400,PRD-00022,1,49.99,20.52,49.99,49.99,29.47
ITM-000006042,ORD-00004400,PRD-00058,1,152.99,69.5,152.99,152.99,83.49
ITM-000006043,ORD-00004401,PRD-00018,2,72.99,37.97,145.98,145.98,70.04
ITM-000006044,ORD-00004401,PRD-00012,2,374.49,207.75,748.98,748.98,333.48
ITM-000006045,ORD-00004402,PRD-00056,1,135.49,71.03,135.49,135.49,64.46
ITM-000006046,ORD-00004402,PRD-00052,1,118.49,48.71,118.49,118.49,69.78
ITM-000006047,ORD-00004402,PRD-00060,1,176.49,84.75,176.49,176.49,91.74
ITM-000006048,ORD-00004403,PRD-00086,2,140.99,72.94,281.98,281.98,136.1
ITM-000006049,ORD-00004404,PRD-00005,1,82.99,47.75,82.99,82.99,35.24
ITM-000006050,ORD-00004404,PRD-00030,1,67.99,29.21,67.99,67.99,38.78
ITM-000006051,ORD-00004405,PRD-00042,1,121.99,52.18,121.99,121.99,69.81
ITM-000006052,ORD-00004406,PRD-00100,1,143.99,66.17,143.99,143.99,77.82
ITM-000006053,ORD-00004407,PRD-00064,1,24.99,6.91,24.99,24.99,18.08
ITM-000006054,ORD-00004408,PRD-00004,1,294.49,168.07,294.49,294.49,126.42
ITM-000006055,ORD-00004408,PRD-00034,1,34.99,12.79,34.99,34.99,22.2
ITM-000006056,ORD-00004409,PRD-00041,1,180.99,84.81,180.99,180.99,96.18
ITM-000006057,ORD-00004410,PRD-00066,1,84.99,33.73,84.99,84.99,51.26
ITM-000006058,ORD-00004411,PRD-00052,1,118.49,48.71,118.49,118.49,69.78
ITM-000006059,ORD-00004412,PRD-00074,1,16.99,6.2,16.99,16.99,10.79
ITM-000006060,ORD-00004412,PRD-00035,1,100.99,39.04,100.99,100.99,61.95
ITM-000006061,ORD-00004413,PRD-00070,1,64.99,25.31,64.99,64.99,39.68
ITM-000006062,ORD-00004414,PRD-00073,1,84.49,28.1,84.49,84.49,56.39
ITM-000006063,ORD-00004415,PRD-00037,1,41.99,15.18,41.99,41.99,26.81
ITM-000006064,ORD-00004416,PRD-00066,1,84.99,33.73,84.99,84.99,51.26
ITM-000006065,ORD-00004417,PRD-00075,1,56.99,20.25,56.99,56.99,36.74
ITM-000006066,ORD-00004417,PRD-00089,1,31.99,18.14,31.99,31.99,13.85
ITM-000006067,ORD-00004418,PRD-00041,1,180.99,84.81,180.99,180.99,96.18
ITM-000006068,ORD-00004419,PRD-00024,1,54.99,26.28,54.99,54.99,28.71
ITM-000006069,ORD-00004420,PRD-00068,1,37.49,12.61,37.49,37.49,24.88
ITM-000006070,ORD-00004421,PRD-00090,1,232.99,113.86,232.99,232.99,119.13
ITM-000006071,ORD-00004422,PRD-00062,1,68.49,27.5,68.49,68.49,40.99
ITM-000006072,ORD-00004423,PRD-00067,2,44.99,16.41,89.98,89.98,57.16
ITM-000006073,ORD-00004423,PRD-00086,1,140.99,72.94,140.99,140.99,68.05
ITM-000006074,ORD-00004423,PRD-00042,1,121.99,52.18,121.99,121.99,69.81
ITM-000006075,ORD-00004424,PRD-00085,1,105.99,56.37,105.99,105.99,49.62
ITM-000006076,ORD-00004424,PRD-00008,2,325.99,186.16,651.98,651.98,279.66
ITM-000006077,ORD-00004424,PRD-00078,1,25.99,9.37,25.99,25.99,16.62
ITM-000006078,ORD-00004425,PRD-00098,1,199.49,113.09,199.49,199.49,86.4
ITM-000006079,ORD-00004425,PRD-00100,1,143.99,66.17,143.99,143.99,77.82
ITM-000006080,ORD-00004426,PRD-00068,1,37.49,12.61,37.49,37.49,24.88
ITM-000006081,ORD-00004426,PRD-00023,1,31.99,14.2,31.99,31.99,17.79
ITM-000006082,ORD-00004426,PRD-00056,1,135.49,71.03,135.49,135.49,64.46
ITM-000006083,ORD-00004427,PRD-00028,1,107.49,45.05,107.49,107.49,62.44
ITM-000006084,ORD-00004427,PRD-00076,1,62.99,25.51,62.99,62.99,37.48
ITM-000006085,ORD-00004428,PRD-00092,2,214.99,101.72,429.98,429.98,226.54
ITM-000006086,ORD-00004429,PRD-00052,1,118.49,48.71,118.49,118.49,69.78
ITM-000006087,ORD-00004429,PRD-00033,1,27.99,11.51,27.99,27.99,16.48
ITM-000006088,ORD-00004430,PRD-00092,1,214.99,101.72,214.99,214.99,113.27
ITM-000006089,ORD-00004430,PRD-00092,1,214.99,101.72,214.99,214.99,113.27
ITM-000006090,ORD-00004431,PRD-00070,1,64.99,25.31,64.99,64.99,39.68
ITM-000006091,ORD-00004431,PRD-00039,1,40.99,18.26,40.99,40.99,22.73
ITM-000006092,ORD-00004432,PRD-00070,1,64.99,25.31,64.99,64.99,39.68
ITM-000006093,ORD-00004433,PRD-00035,1,100.99,39.04,100.99,100.99,61.95
ITM-000006094,ORD-00004434,PRD-00054,2,137.99,68.35,275.98,275.98,139.28
ITM-000006095,ORD-00004434,PRD-00082,1,151.49,68.21,151.49,151.49,83.28
ITM-000006096,ORD-00004435,PRD-00090,1,232.99,113.86,232.99,232.99,119.13
ITM-000006097,ORD-00004435,PRD-00016,1,129.99,78.72,129.99,129.99,51.27
ITM-000006098,ORD-00004435,PRD-00060,2,176.49,84.75,352.98,352.98,183.48
ITM-000006099,ORD-00004436,PRD-00050,1,173.99,93.04,173.99,173.99,80.95
ITM-000006100,ORD-00004436,PRD-00019,1,339.99,208.97,339.99,339.99,131.02
ITM-000006101,ORD-00004436,PRD-00096,1,199.99,116.57,199.99,199.99,83.42
ITM-000006102,ORD-00004437,PRD-00063,1,70.49,27.76,70.49,70.49,42.73
ITM-000006103,ORD-00004437,PRD-00068,1,37.49,12.61,37.49,37.49,24.88
ITM-000006104,ORD-00004438,PRD-00033,1,27.99,11.51,27.99,27.99,16.48
ITM-000006105,ORD-00004438,PRD-00038,1,77.49,36.23,77.49,77.49,41.26
ITM-000006106,ORD-00004438,PRD-00060,2,176.49,84.75,352.98,352.98,183.48
ITM-000006107,ORD-00004439,PRD-00017,2,244.99,144.79,489.98,489.98,200.4
ITM-000006108,ORD-00004439,PRD-00007,2,316.99,172.8,633.98,633.98,288.38
ITM-000006109,ORD-00004440,PRD-00081,1,77.99,39.19,77.99,77.99,38.8
ITM-000006110,ORD-00004441,PRD-00068,2,37.49,12.61,74.98,74.98,49.76
ITM-000006111,ORD-00004441,PRD-00052,1,118.49,48.71,118.49,118.49,69.78
ITM-000006112,ORD-00004442,PRD-00045,1,83.49,36.38,83.49,83.49,47.11
ITM-000006113,ORD-00004443,PRD-00034,1,34.99,12.79,34.99,34.99,22.2
ITM-000006114,ORD-00004444,PRD-00011,1,179.99,102.31,179.99,179.99,77.68
ITM-000006115,ORD-00004445,PRD-00056,2,135.49,71.03,270.98,270.98,128.92
ITM-000006116,ORD-00004446,PRD-00031,1,110.99,51.16,110.99,110.99,59.83
ITM-000006117,ORD-00004447,PRD-00082,1,151.49,68.21,151.49,151.49,83.28
ITM-000006118,ORD-00004447,PRD-00032,1,42.49,17.54,42.49,42.49,24.95
ITM-000006119,ORD-00004447,PRD-00013,1,275.99,176.16,275.99,275.99,99.83
ITM-000006120,ORD-00004448,PRD-00017,1,244.99,144.79,244.99,244.99,100.2
ITM-000006121,ORD-00004448,PRD-00089,1,31.99,18.14,31.99,31.99,13.85
ITM-000006122,ORD-00004448,PRD-00038,1,77.49,36.23,77.49,77.49,41.26
ITM-000006123,ORD-00004449,PRD-00002,1,203.99,113.88,203.99,203.99,90.11
ITM-000006124,ORD-00004450,PRD-00061,2,75.99,20.12,151.98,151.98,111.74
ITM-000006125,ORD-00004451,PRD-00078,3,25.99,9.37,77.97,77.97,49.86
ITM-000006126,ORD-00004452,PRD-00100,1,143.99,66.17,143.99,143.99,77.82
ITM-000006127,ORD-00004453,PRD-00027,1,83.99,34.49,83.99,83.99,49.5
ITM-000006128,ORD-00004454,PRD-00069,1,51.99,14.6,51.99,51.99,37.39
ITM-000006129,ORD-00004455,PRD-00083,1,115.99,58.28,115.99,115.99,57.71
ITM-000006130,ORD-00004456,PRD-00091,1,42.99,22.68,42.99,42.99,20.31
ITM-000006131,ORD-00004456,PRD-00081,1,77.99,39.19,77.99,77.99,38.8
ITM-000006132,ORD-00004456,PRD-00048,1,33.49,15.83,33.49,33.49,17.66
ITM-000006133,ORD-00004457,PRD-00038,1,77.49,36.23,77.49,77.49,41.26
ITM-000006134,ORD-00004458,PRD-00078,3,25.99,9.37,77.97,77.97,49.86
ITM-000006135,ORD-00004459,PRD-00070,1,64.99,25.31,64.99,64.99,39.68
ITM-000006136,ORD-00004460,PRD-00078,1,25.99,9.37,25.99,25.99,16.62
ITM-000006137,ORD-00004461,PRD-00062,1,68.49,27.5,68.49,68.49,40.99
ITM-000006138,ORD-00004462,PRD-00059,2,47.49,23.54,94.98,94.98,47.9
ITM-000006139,ORD-00004463,PRD-00043,1,105.99,49.95,105.99,105.99,56.04
ITM-000006140,ORD-00004464,PRD-00036,1,73.99,30.02,73.99,73.99,43.97
ITM-000006141,ORD-00004465,PRD-00011,1,179.99,102.31,179.99,179.99,77.68
ITM-000006142,ORD-00004466,PRD-00013,1,275.99,176.16,275.99,275.99,99.83
ITM-000006143,ORD-00004466,PRD-00061,1,75.99,20.12,75.99,75.99,55.87
ITM-000006144,ORD-00004467,PRD-00013,1,275.99,176.16,275.99,275.99,99.83
ITM-000006145,ORD-00004468,PRD-00047,2,100.99,42.27,201.98,201.98,117.44
ITM-000006146,ORD-00004468,PRD-00013,1,275.99,176.16,275.99,275.99,99.83
ITM-000006147,ORD-00004469,PRD-00040,1,98.99,45.24,98.99,98.99,53.75
ITM-000006148,ORD-00004470,PRD-00076,1,62.99,25.51,62.99,62.99,37.48
ITM-000006149,ORD-00004471,PRD-00077,1,22.99,8.27,22.99,22.99,14.72
ITM-000006150,ORD-00004472,PRD-00038,1,77.49,36.23,77.49,77.49,41.26
ITM-000006151,ORD-00004473,PRD-00037,1,41.99,15.18,41.99,41.99,26.81
ITM-000006152,ORD-00004474,PRD-00018,1,72.99,37.97,72.99,72.99,35.02
ITM-000006153,ORD-00004474,PRD-00069,1,51.99,14.6,51.99,51.99,37.39
ITM-000006154,ORD-00004474,PRD-00021,1,114.99,46.3,114.99,114.99,68.69
ITM-000006155,ORD-00004475,PRD-00009,1,94.99,52.51,94.99,94.99,42.48
ITM-000006156,ORD-00004476,PRD-00047,1,100.99,42.27,100.99,100.99,58.72
ITM-000006157,ORD-00004477,PRD-00037,1,41.99,15.18,41.99,41.99,26.81
ITM-000006158,ORD-00004478,PRD-00048,2,33.49,15.83,66.98,66.98,35.32
ITM-000006159,ORD-00004478,PRD-00038,1,77.49,36.23,77.49,77.49,41.26
ITM-000006160,ORD-00004479,PRD-00005,1,82.99,47.75,82.99,82.99,35.24
ITM-000006161,ORD-00004480,PRD-00028,1,107.49,45.05,107.49,107.49,62.44
ITM-000006162,ORD-00004481,PRD-00056,1,135.49,71.03,135.49,135.49,64.46
ITM-000006163,ORD-00004481,PRD-00099,1,50.99,27.57,50.99,50.99,23.42
ITM-000006164,ORD-00004482,PRD-00043,1,105.99,49.95,105.99,105.99,56.04
ITM-000006165,ORD-00004482,PRD-00028,1,107.49,45.05,107.49,107.49,62.44
ITM-000006166,ORD-00004483,PRD-00017,1,244.99,144.79,244.99,244.99,100.2
ITM-000006167,ORD-00004484,PRD-00057,1,146.49,75.56,146.49,146.49,70.93
ITM-000006168,ORD-00004484,PRD-00037,1,41.99,15.18,41.99,41.99,26.81
ITM-000006169,ORD-00004484,PRD-00008,1,325.99,186.16,325.99,325.99,139.83
ITM-000006170,ORD-00004485,PRD-00085,1,105.99,56.37,105.99,105.99,49.62
ITM-000006171,ORD-00004485,PRD-00018,2,72.99,37.97,145.98,145.98,70.04
ITM-000006172,ORD-00004485,PRD-00023,1,31.99,14.2,31.99,31.99,17.79
ITM-000006173,ORD-00004486,PRD-00097,1,167.49,87.54,167.49,167.49,79.95
ITM-000006174,ORD-00004486,PRD-00018,1,72.99,37.97,72.99,72.99,35.02
ITM-000006175,ORD-00004486,PRD-00087,1,43.99,24.1,43.99,43.99,19.89
ITM-000006176,ORD-00004487,PRD-00090,1,232.99,113.86,232.99,232.99,119.13
ITM-000006177,ORD-00004487,PRD-00090,1,232.99,113.86,232.99,232.99,119.13
ITM-000006178,ORD-00004487,PRD-00010,1,207.99,120.07,207.99,207.99,87.92
ITM-000006179,ORD-00004488,PRD-00011,1,179.99,102.31,179.99,179.99,77.68
ITM-000006180,ORD-00004489,PRD-00032,1,42.49,17.54,42.49,42.49,24.95
ITM-000006181,ORD-00004490,PRD-00087,1,43.99,24.1,43.99,43.99,19.89
ITM-000006182,ORD-00004490,PRD-00091,1,42.99,22.68,42.99,42.99,20.31
ITM-000006183,ORD-00004491,PRD-00038,1,77.49,36.23,77.49,77.49,41.26
ITM-000006184,ORD-00004491,PRD-00001,1,320.99,176.63,320.99,320.99,144.36
ITM-000006185,ORD-00004492,PRD-00014,1,337.99,200.36,337.99,337.99,137.63
ITM-000006186,ORD-00004492,PRD-00022,1,49.99,20.52,49.99,49.99,29.47
ITM-000006187,ORD-00004493,PRD-00031,2,110.99,51.16,221.98,221.98,119.66
ITM-000006188,ORD-00004494,PRD-00045,1,83.49,36.38,83.49,83.49,47.11
ITM-000006189,ORD-00004494,PRD-00099,1,50.99,27.57,50.99,50.99,23.42
ITM-000006190,ORD-00004495,PRD-00068,1,37.49,12.61,37.49,37.49,24.88
ITM-000006191,ORD-00004496,PRD-00041,1,180.99,84.81,180.99,180.99,96.18
ITM-000006192,ORD-00004497,PRD-00064,1,24.99,6.91,24.99,24.99,18.08
ITM-000006193,ORD-00004498,PRD-00072,1,36.99,11.8,36.99,36.99,25.19
ITM-000006194,ORD-00004499,PRD-00098,1,199.49,113.09,199.49,199.49,86.4
ITM-000006195,ORD-00004499,PRD-00026,1,94.99,41.91,94.99,94.99,53.08
ITM-000006196,ORD-00004499,PRD-00014,1,337.99,200.36,337.99,337.99,137.63
ITM-000006197,ORD-00004500,PRD-00091,1,42.99,22.68,42.99,42.99,20.31
ITM-000006198,ORD-00004500,PRD-00028,1,107.49,45.05,107.49,107.49,62.44
ITM-000006199,ORD-00004501,PRD-00090,1,232.99,113.86,232.99,232.99,119.13
ITM-000006200,ORD-00004501,PRD-00030,1,67.99,29.21,67.99,67.99,38.78
ITM-000006201,ORD-00004502,PRD-00078,1,25.99,9.37,25.99,25.99,16.62
ITM-000006202,ORD-00004503,PRD-00056,1,135.49,71.03,135.49,135.49,64.46
ITM-000006203,ORD-00004503,PRD-00048,2,33.49,15.83,66.98,66.98,35.32
ITM-000006204,ORD-00004504,PRD-00015,2,205.99,123.35,411.98,411.98,165.28
ITM-000006205,ORD-00004505,PRD-00035,1,100.99,39.04,100.99,100.99,61.95
ITM-000006206,ORD-00004506,PRD-00063,1,70.49,27.76,70.49,70.49,42.73
ITM-000006207,ORD-00004507,PRD-00049,1,162.99,86.22,162.99,162.99,76.77
ITM-000006208,ORD-00004508,PRD-00030,1,67.99,29.21,67.99,67.99,38.78
ITM-000006209,ORD-00004509,PRD-00041,1,180.99,84.81,180.99,180.99,96.18
ITM-000006210,ORD-00004509,PRD-00085,2,105.99,56.37,211.98,211.98,99.24
ITM-000006211,ORD-00004510,PRD-00088,1,211.99,101.84,211.99,211.99,110.15
ITM-000006212,ORD-00004511,PRD-00061,2,75.99,20.12,151.98,151.98,111.74
ITM-000006213,ORD-00004511,PRD-00031,1,110.99,51.16,110.99,110.99,59.83
ITM-000006214,ORD-00004512,PRD-00023,1,31.99,14.2,31.99,31.99,17.79
ITM-000006215,ORD-00004513,PRD-00055,1,74.99,31.61,74.99,74.99,43.38
ITM-000006216,ORD-00004513,PRD-00010,2,207.99,120.07,415.98,415.98,175.84
ITM-000006217,ORD-00004514,PRD-00030,1,67.99,29.21,67.99,67.99,38.78
ITM-000006218,ORD-00004515,PRD-00075,1,56.99,20.25,56.99,56.99,36.74
ITM-000006219,ORD-00004516,PRD-00001,1,320.99,176.63,320.99,320.99,144.36
ITM-000006220,ORD-00004517,PRD-00012,1,374.49,207.75,374.49,374.49,166.74
ITM-000006221,ORD-00004517,PRD-00043,1,105.99,49.95,105.99,105.99,56.04
ITM-000006222,ORD-00004518,PRD-00097,2,167.49,87.54,334.98,334.98,159.9
ITM-000006223,ORD-00004519,PRD-00077,1,22.99,8.27,22.99,22.99,14.72
ITM-000006224,ORD-00004520,PRD-00061,1,75.99,20.12,75.99,75.99,55.87
ITM-000006225,ORD-00004521,PRD-00026,3,94.99,41.91,284.97,284.97,159.24
ITM-000006226,ORD-00004522,PRD-00086,1,140.99,72.94,140.99,140.99,68.05
ITM-000006227,ORD-00004522,PRD-00007,1,316.99,172.8,316.99,316.99,144.19
ITM-000006228,ORD-00004523,PRD-00097,1,167.49,87.54,167.49,167.49,79.95
ITM-000006229,ORD-00004524,PRD-00041,1,180.99,84.81,180.99,180.99,96.18
ITM-000006230,ORD-00004525,PRD-00038,1,77.49,36.23,77.49,77.49,41.26
ITM-000006231,ORD-00004526,PRD-00077,1,22.99,8.27,22.99,22.99,14.72
ITM-000006232,ORD-00004526,PRD-00054,1,137.99,68.35,137.99,137.99,69.64
ITM-000006233,ORD-00004527,PRD-00058,1,152.99,69.5,152.99,152.99,83.49
ITM-000006234,ORD-00004528,PRD-00039,1,40.99,18.26,40.99,40.99,22.73
ITM-000006235,ORD-00004528,PRD-00051,2,52.99,21.94,105.98,105.98,62.1
ITM-000006236,ORD-00004528,PRD-00096,1,199.99,116.57,199.99,199.99,83.42
ITM-000006237,ORD-00004529,PRD-00093,1,227.99,111.71,227.99,227.99,116.28
ITM-000006238,ORD-00004530,PRD-00042,1,121.99,52.18,121.99,121.99,69.81
ITM-000006239,ORD-00004530,PRD-00062,2,68.49,27.5,136.98,136.98,81.98
ITM-000006240,ORD-00004531,PRD-00074,1,16.99,6.2,16.99,16.99,10.79
ITM-000006241,ORD-00004532,PRD-00044,1,72.99,36.23,72.99,72.99,36.76
ITM-000006242,ORD-00004533,PRD-00043,1,105.99,49.95,105.99,105.99,56.04
ITM-000006243,ORD-00004534,PRD-00072,1,36.99,11.8,36.99,36.99,25.19
ITM-000006244,ORD-00004535,PRD-00056,1,135.49,71.03,135.49,135.49,64.46
ITM-000006245,ORD-00004536,PRD-00056,1,135.49,71.03,135.49,135.49,64.46
ITM-000006246,ORD-00004537,PRD-00008,1,325.99,186.16,325.99,325.99,139.83
ITM-000006247,ORD-00004537,PRD-00087,2,43.99,24.1,87.98,87.98,39.78
ITM-000006248,ORD-00004537,PRD-00006,1,391.99,223.93,391.99,391.99,168.06
ITM-000006249,ORD-00004538,PRD-00094,1,245.99,110.0,245.99,245.99,135.99
ITM-000006250,ORD-00004538,PRD-00026,1,94.99,41.91,94.99,94.99,53.08
ITM-000006251,ORD-00004539,PRD-00023,1,31.99,14.2,31.99,31.99,17.79
ITM-000006252,ORD-00004540,PRD-00045,1,83.49,36.38,83.49,83.49,47.11
ITM-000006253,ORD-00004541,PRD-00066,1,84.99,33.73,84.99,84.99,51.26
ITM-000006254,ORD-00004542,PRD-00045,3,83.49,36.38,250.47,250.47,141.33
ITM-000006255,ORD-00004542,PRD-00002,1,203.99,113.88,203.99,203.99,90.11
ITM-000006256,ORD-00004542,PRD-00001,1,320.99,176.63,320.99,320.99,144.36
ITM-000006257,ORD-00004543,PRD-00013,1,275.99,176.16,275.99,275.99,99.83
ITM-000006258,ORD-00004543,PRD-00007,1,316.99,172.8,316.99,316.99,144.19
ITM-000006259,ORD-00004543,PRD-00092,1,214.99,101.72,214.99,214.99,113.27
ITM-000006260,ORD-00004544,PRD-00043,1,105.99,49.95,105.99,105.99,56.04
ITM-000006261,ORD-00004545,PRD-00065,1,24.99,5.84,24.99,24.99,19.15
ITM-000006262,ORD-00004545,PRD-00095,1,204.99,100.6,204.99,204.99,104.39
ITM-000006263,ORD-00004545,PRD-00022,1,49.99,20.52,49.99,49.99,29.47
ITM-000006264,ORD-00004546,PRD-00024,1,54.99,26.28,54.99,54.99,28.71
ITM-000006265,ORD-00004547,PRD-00029,1,94.49,33.63,94.49,94.49,60.86
ITM-000006266,ORD-00004548,PRD-00054,1,137.99,68.35,137.99,137.99,69.64
ITM-000006267,ORD-00004549,PRD-00027,1,83.99,34.49,83.99,83.99,49.5
ITM-000006268,ORD-00004549,PRD-00014,1,337.99,200.36,337.99,337.99,137.63
ITM-000006269,ORD-00004550,PRD-00074,1,16.99,6.2,16.99,16.99,10.79
ITM-000006270,ORD-00004551,PRD-00046,1,113.49,52.53,113.49,113.49,60.96
ITM-000006271,ORD-00004552,PRD-00054,1,137.99,68.35,137.99,137.99,69.64
ITM-000006272,ORD-00004553,PRD-00075,2,56.99,20.25,113.98,113.98,73.48
ITM-000006273,ORD-00004553,PRD-00071,1,86.99,31.3,86.99,86.99,55.69
ITM-000006274,ORD-00004554,PRD-00100,1,143.99,66.17,143.99,143.99,77.82
ITM-000006275,ORD-00004555,PRD-00050,1,173.99,93.04,173.99,173.99,80.95
ITM-000006276,ORD-00004555,PRD-00053,1,47.99,23.38,47.99,47.99,24.61
ITM-000006277,ORD-00004556,PRD-00073,1,84.49,28.1,84.49,84.49,56.39
ITM-000006278,ORD-00004556,PRD-00040,1,98.99,45.24,98.99,98.99,53.75
ITM-000006279,ORD-00004557,PRD-00093,1,227.99,111.71,227.99,227.99,116.28
ITM-000006280,ORD-00004558,PRD-00069,1,51.99,14.6,51.99,51.99,37.39
ITM-000006281,ORD-00004558,PRD-00090,1,232.99,113.86,232.99,232.99,119.13
ITM-000006282,ORD-00004559,PRD-00091,2,42.99,22.68,85.98,85.98,40.62
ITM-000006283,ORD-00004559,PRD-00094,1,245.99,110.0,245.99,245.99,135.99
ITM-000006284,ORD-00004559,PRD-00049,1,162.99,86.22,162.99,162.99,76.77
ITM-000006285,ORD-00004560,PRD-00088,1,211.99,101.84,211.99,211.99,110.15
ITM-000006286,ORD-00004561,PRD-00062,1,68.49,27.5,68.49,68.49,40.99
ITM-000006287,ORD-00004562,PRD-00010,1,207.99,120.07,207.99,207.99,87.92
ITM-000006288,ORD-00004563,PRD-00018,1,72.99,37.97,72.99,72.99,35.02
ITM-000006289,ORD-00004564,PRD-00036,1,73.99,30.02,73.99,73.99,43.97
ITM-000006290,ORD-00004565,PRD-00048,1,33.49,15.83,33.49,33.49,17.66
ITM-000006291,ORD-00004566,PRD-00041,1,180.99,84.81,180.99,180.99,96.18
ITM-000006292,ORD-00004567,PRD-00050,1,173.99,93.04,173.99,173.99,80.95
ITM-000006293,ORD-00004568,PRD-00094,3,245.99,110.0,737.97,737.97,407.97
ITM-000006294,ORD-00004568,PRD-00053,1,47.99,23.38,47.99,47.99,24.61
ITM-000006295,ORD-00004568,PRD-00059,2,47.49,23.54,94.98,94.98,47.9
ITM-000006296,ORD-00004569,PRD-00042,1,121.99,52.18,121.99,121.99,69.81
ITM-000006297,ORD-00004569,PRD-00054,1,137.99,68.35,137.99,137.99,69.64
ITM-000006298,ORD-00004570,PRD-00053,1,47.99,23.38,47.99,47.99,24.61
ITM-000006299,ORD-00004570,PRD-00073,1,84.49,28.1,84.49,84.49,56.39
ITM-000006300,ORD-00004571,PRD-00091,2,42.99,22.68,85.98,85.98,40.62
ITM-000006301,ORD-00004571,PRD-00030,1,67.99,29.21,67.99,67.99,38.78
ITM-000006302,ORD-00004572,PRD-00058,1,152.99,69.5,152.99,152.99,83.49
ITM-000006303,ORD-00004573,PRD-00094,1,245.99,110.0,245.99,245.99,135.99
ITM-000006304,ORD-00004574,PRD-00007,1,316.99,172.8,316.99,316.99,144.19
ITM-000006305,ORD-00004575,PRD-00076,1,62.99,25.51,62.99,62.99,37.48
ITM-000006306,ORD-00004576,PRD-00017,3,244.99,144.79,734.97,734.97,300.6
ITM-000006307,ORD-00004577,PRD-00011,2,179.99,102.31,359.98,359.98,155.36
ITM-000006308,ORD-00004577,PRD-00095,2,204.99,100.6,409.98,409.98,208.78
ITM-000006309,ORD-00004578,PRD-00045,1,83.49,36.38,83.49,83.49,47.11
ITM-000006310,ORD-00004579,PRD-00054,1,137.99,68.35,137.99,137.99,69.64
ITM-000006311,ORD-00004580,PRD-00001,1,320.99,176.63,320.99,320.99,144.36
ITM-000006312,ORD-00004581,PRD-00056,1,135.49,71.03,135.49,135.49,64.46
ITM-000006313,ORD-00004581,PRD-00070,1,64.99,25.31,64.99,64.99,39.68
ITM-000006314,ORD-00004582,PRD-00021,1,114.99,46.3,114.99,114.99,68.69
ITM-000006315,ORD-00004583,PRD-00069,1,51.99,14.6,51.99,51.99,37.39
ITM-000006316,ORD-00004584,PRD-00051,1,52.99,21.94,52.99,52.99,31.05
ITM-000006317,ORD-00004585,PRD-00070,1,64.99,25.31,64.99,64.99,39.68
ITM-000006318,ORD-00004586,PRD-00028,1,107.49,45.05,107.49,107.49,62.44
ITM-000006319,ORD-00004586,PRD-00039,3,40.99,18.26,122.97,122.97,68.19
ITM-000006320,ORD-00004587,PRD-00068,1,37.49,12.61,37.49,37.49,24.88
ITM-000006321,ORD-00004588,PRD-00069,1,51.99,14.6,51.99,51.99,37.39
ITM-000006322,ORD-00004589,PRD-00013,1,275.99,176.16,275.99,275.99,99.83
ITM-000006323,ORD-00004590,PRD-00042,1,121.99,52.18,121.99,121.99,69.81
ITM-000006324,ORD-00004591,PRD-00080,2,87.99,32.75,175.98,175.98,110.48
ITM-000006325,ORD-00004592,PRD-00092,1,214.99,101.72,214.99,214.99,113.27
ITM-000006326,ORD-00004593,PRD-00001,1,320.99,176.63,320.99,320.99,144.36
ITM-000006327,ORD-00004594,PRD-00070,1,64.99,25.31,64.99,64.99,39.68
ITM-000006328,ORD-00004594,PRD-00075,2,56.99,20.25,113.98,113.98,73.48
ITM-000006329,ORD-00004594,PRD-00073,1,84.49,28.1,84.49,84.49,56.39
ITM-000006330,ORD-00004595,PRD-00052,1,118.49,48.71,118.49,118.49,69.78
ITM-000006331,ORD-00004596,PRD-00033,1,27.99,11.51,27.99,27.99,16.48
ITM-000006332,ORD-00004597,PRD-00035,1,100.99,39.04,100.99,100.99,61.95
ITM-000006333,ORD-00004598,PRD-00086,1,140.99,72.94,140.99,140.99,68.05
ITM-000006334,ORD-00004599,PRD-00093,1,227.99,111.71,227.99,227.99,116.28
ITM-000006335,ORD-00004600,PRD-00083,1,115.99,58.28,115.99,115.99,57.71
ITM-000006336,ORD-00004600,PRD-00032,1,42.49,17.54,42.49,42.49,24.95
ITM-000006337,ORD-00004601,PRD-00054,1,137.99,68.35,137.99,137.99,69.64
ITM-000006338,ORD-00004602,PRD-00046,1,113.49,52.53,113.49,113.49,60.96
ITM-000006339,ORD-00004602,PRD-00015,1,205.99,123.35,205.99,205.99,82.64
ITM-000006340,ORD-00004603,PRD-00093,1,227.99,111.71,227.99,227.99,116.28
ITM-000006341,ORD-00004604,PRD-00072,1,36.99,11.8,36.99,36.99,25.19
ITM-000006342,ORD-00004605,PRD-00071,2,86.99,31.3,173.98,173.98,111.38
ITM-000006343,ORD-00004605,PRD-00044,1,72.99,36.23,72.99,72.99,36.76
ITM-000006344,ORD-00004605,PRD-00074,1,16.99,6.2,16.99,16.99,10.79
ITM-000006345,ORD-00004606,PRD-00004,2,294.49,168.07,588.98,588.98,252.84
ITM-000006346,ORD-00004607,PRD-00093,1,227.99,111.71,227.99,227.99,116.28
ITM-000006347,ORD-00004608,PRD-00008,2,325.99,186.16,651.98,651.98,279.66
ITM-000006348,ORD-00004609,PRD-00050,1,173.99,93.04,173.99,173.99,80.95
ITM-000006349,ORD-00004610,PRD-00027,1,83.99,34.49,83.99,83.99,49.5
ITM-000006350,ORD-00004611,PRD-00064,1,24.99,6.91,24.99,24.99,18.08
ITM-000006351,ORD-00004611,PRD-00097,1,167.49,87.54,167.49,167.49,79.95
ITM-000006352,ORD-00004611,PRD-00024,2,54.99,26.28,109.98,109.98,57.42
ITM-000006353,ORD-00004612,PRD-00067,1,44.99,16.41,44.99,44.99,28.58
ITM-000006354,ORD-00004612,PRD-00014,1,337.99,200.36,337.99,337.99,137.63
ITM-000006355,ORD-00004613,PRD-00095,1,204.99,100.6,204.99,204.99,104.39
ITM-000006356,ORD-00004614,PRD-00020,1,271.99,147.22,271.99,271.99,124.77
ITM-000006357,ORD-00004614,PRD-00044,1,72.99,36.23,72.99,72.99,36.76
ITM-000006358,ORD-00004615,PRD-00068,1,37.49,12.61,37.49,37.49,24.88
ITM-000006359,ORD-00004616,PRD-00072,2,36.99,11.8,73.98,73.98,50.38
ITM-000006360,ORD-00004616,PRD-00020,2,271.99,147.22,543.98,543.98,249.54
ITM-000006361,ORD-00004617,PRD-00059,2,47.49,23.54,94.98,94.98,47.9
ITM-000006362,ORD-00004618,PRD-00089,2,31.99,18.14,63.98,63.98,27.7
ITM-000006363,ORD-00004619,PRD-00068,1,37.49,12.61,37.49,37.49,24.88
ITM-000006364,ORD-00004620,PRD-00011,1,179.99,102.31,179.99,179.99,77.68
ITM-000006365,ORD-00004620,PRD-00004,2,294.49,168.07,588.98,588.98,252.84
ITM-000006366,ORD-00004620,PRD-00025,1,55.99,23.35,55.99,55.99,32.64
ITM-000006367,ORD-00004621,PRD-00011,1,179.99,102.31,179.99,179.99,77.68
ITM-000006368,ORD-00004622,PRD-00073,1,84.49,28.1,84.49,84.49,56.39
ITM-000006369,ORD-00004623,PRD-00052,2,118.49,48.71,236.98,236.98,139.56
ITM-000006370,ORD-00004623,PRD-00007,1,316.99,172.8,316.99,316.99,144.19
ITM-000006371,ORD-00004624,PRD-00041,1,180.99,84.81,180.99,180.99,96.18
ITM-000006372,ORD-00004625,PRD-00069,3,51.99,14.6,155.97,155.97,112.17
ITM-000006373,ORD-00004626,PRD-00093,1,227.99,111.71,227.99,227.99,116.28
ITM-000006374,ORD-00004627,PRD-00097,1,167.49,87.54,167.49,167.49,79.95
ITM-000006375,ORD-00004628,PRD-00043,1,105.99,49.95,105.99,105.99,56.04
ITM-000006376,ORD-00004629,PRD-00053,1,47.99,23.38,47.99,47.99,24.61
ITM-000006377,ORD-00004630,PRD-00073,1,84.49,28.1,84.49,84.49,56.39
ITM-000006378,ORD-00004630,PRD-00079,1,46.49,15.84,46.49,46.49,30.65
ITM-000006379,ORD-00004631,PRD-00053,2,47.99,23.38,95.98,95.98,49.22
ITM-000006380,ORD-00004632,PRD-00035,2,100.99,39.04,201.98,201.98,123.9
ITM-000006381,ORD-00004632,PRD-00043,1,105.99,49.95,105.99,105.99,56.04
ITM-000006382,ORD-00004633,PRD-00068,1,37.49,12.61,37.49,37.49,24.88
ITM-000006383,ORD-00004634,PRD-00013,1,275.99,176.16,275.99,275.99,99.83
ITM-000006384,ORD-00004634,PRD-00054,1,137.99,68.35,137.99,137.99,69.64
ITM-000006385,ORD-00004635,PRD-00096,1,199.99,116.57,199.99,199.99,83.42
ITM-000006386,ORD-00004636,PRD-00053,1,47.99,23.38,47.99,47.99,24.61
ITM-000006387,ORD-00004637,PRD-00034,1,34.99,12.79,34.99,34.99,22.2
ITM-000006388,ORD-00004637,PRD-00045,1,83.49,36.38,83.49,83.49,47.11
ITM-000006389,ORD-00004638,PRD-00009,2,94.99,52.51,189.98,189.98,84.96
ITM-000006390,ORD-00004638,PRD-00027,2,83.99,34.49,167.98,167.98,99.0
ITM-000006391,ORD-00004639,PRD-00060,1,176.49,84.75,176.49,176.49,91.74
ITM-000006392,ORD-00004640,PRD-00069,1,51.99,14.6,51.99,51.99,37.39
ITM-000006393,ORD-00004641,PRD-00054,1,137.99,68.35,137.99,137.99,69.64
ITM-000006394,ORD-00004641,PRD-00064,1,24.99,6.91,24.99,24.99,18.08
ITM-000006395,ORD-00004641,PRD-00074,1,16.99,6.2,16.99,16.99,10.79
ITM-000006396,ORD-00004642,PRD-00064,1,24.99,6.91,24.99,24.99,18.08
ITM-000006397,ORD-00004642,PRD-00045,1,83.49,36.38,83.49,83.49,47.11
ITM-000006398,ORD-00004642,PRD-00047,1,100.99,42.27,100.99,100.99,58.72
ITM-000006399,ORD-00004643,PRD-00084,1,31.99,15.58,31.99,31.99,16.41
ITM-000006400,ORD-00004643,PRD-00079,1,46.49,15.84,46.49,46.49,30.65
ITM-000006401,ORD-00004643,PRD-00042,1,121.99,52.18,121.99,121.99,69.81
ITM-000006402,ORD-00004644,PRD-00003,1,350.49,212.61,350.49,350.49,137.88
ITM-000006403,ORD-00004645,PRD-00033,1,27.99,11.51,27.99,27.99,16.48
ITM-000006404,ORD-00004645,PRD-00079,1,46.49,15.84,46.49,46.49,30.65
ITM-000006405,ORD-00004646,PRD-00055,1,74.99,31.61,74.99,74.99,43.38
ITM-000006406,ORD-00004647,PRD-00095,2,204.99,100.6,409.98,409.98,208.78
ITM-000006407,ORD-00004648,PRD-00078,1,25.99,9.37,25.99,25.99,16.62
ITM-000006408,ORD-00004649,PRD-00057,1,146.49,75.56,146.49,146.49,70.93
ITM-000006409,ORD-00004650,PRD-00043,1,105.99,49.95,105.99,105.99,56.04
ITM-000006410,ORD-00004650,PRD-00069,1,51.99,14.6,51.99,51.99,37.39
ITM-000006411,ORD-00004650,PRD-00040,1,98.99,45.24,98.99,98.99,53.75
ITM-000006412,ORD-00004651,PRD-00065,1,24.99,5.84,24.99,24.99,19.15
ITM-000006413,ORD-00004652,PRD-00046,1,113.49,52.53,113.49,113.49,60.96
ITM-000006414,ORD-00004653,PRD-00095,1,204.99,100.6,204.99,204.99,104.39
ITM-000006415,ORD-00004653,PRD-00082,1,151.49,68.21,151.49,151.49,83.28
ITM-000006416,ORD-00004653,PRD-00096,1,199.99,116.57,199.99,199.99,83.42
ITM-000006417,ORD-00004654,PRD-00027,1,83.99,34.49,83.99,83.99,49.5
ITM-000006418,ORD-00004655,PRD-00018,1,72.99,37.97,72.99,72.99,35.02
ITM-000006419,ORD-00004656,PRD-00015,1,205.99,123.35,205.99,205.99,82.64
ITM-000006420,ORD-00004656,PRD-00018,1,72.99,37.97,72.99,72.99,35.02
ITM-000006421,ORD-00004657,PRD-00049,1,162.99,86.22,162.99,162.99,76.77
ITM-000006422,ORD-00004658,PRD-00039,1,40.99,18.26,40.99,40.99,22.73
ITM-000006423,ORD-00004659,PRD-00051,1,52.99,21.94,52.99,52.99,31.05
ITM-000006424,ORD-00004659,PRD-00035,1,100.99,39.04,100.99,100.99,61.95
ITM-000006425,ORD-00004659,PRD-00050,1,173.99,93.04,173.99,173.99,80.95
ITM-000006426,ORD-00004660,PRD-00061,2,75.99,20.12,151.98,151.98,111.74
ITM-000006427,ORD-00004661,PRD-00067,1,44.99,16.41,44.99,44.99,28.58
ITM-000006428,ORD-00004662,PRD-00019,1,339.99,208.97,339.99,339.99,131.02
ITM-000006429,ORD-00004663,PRD-00018,1,72.99,37.97,72.99,72.99,35.02
ITM-000006430,ORD-00004663,PRD-00092,1,214.99,101.72,214.99,214.99,113.27
ITM-000006431,ORD-00004664,PRD-00011,1,179.99,102.31,179.99,179.99,77.68
ITM-000006432,ORD-00004664,PRD-00024,1,54.99,26.28,54.99,54.99,28.71
ITM-000006433,ORD-00004664,PRD-00027,1,83.99,34.49,83.99,83.99,49.5
ITM-000006434,ORD-00004665,PRD-00097,3,167.49,87.54,502.47,502.47,239.85
ITM-000006435,ORD-00004665,PRD-00013,1,275.99,176.16,275.99,275.99,99.83
ITM-000006436,ORD-00004665,PRD-00048,2,33.49,15.83,66.98,66.98,35.32
ITM-000006437,ORD-00004666,PRD-00096,1,199.99,116.57,199.99,199.99,83.42
ITM-000006438,ORD-00004666,PRD-00014,1,337.99,200.36,337.99,337.99,137.63
ITM-000006439,ORD-00004667,PRD-00086,1,140.99,72.94,140.99,140.99,68.05
ITM-000006440,ORD-00004667,PRD-00072,1,36.99,11.8,36.99,36.99,25.19
ITM-000006441,ORD-00004667,PRD-00051,1,52.99,21.94,52.99,52.99,31.05
ITM-000006442,ORD-00004668,PRD-00052,1,118.49,48.71,118.49,118.49,69.78
ITM-000006443,ORD-00004669,PRD-00020,1,271.99,147.22,271.99,271.99,124.77
ITM-000006444,ORD-00004670,PRD-00030,1,67.99,29.21,67.99,67.99,38.78
ITM-000006445,ORD-00004671,PRD-00049,1,162.99,86.22,162.99,162.99,76.77
ITM-000006446,ORD-00004671,PRD-00044,1,72.99,36.23,72.99,72.99,36.76
ITM-000006447,ORD-00004671,PRD-00077,1,22.99,8.27,22.99,22.99,14.72
ITM-000006448,ORD-00004672,PRD-00040,1,98.99,45.24,98.99,98.99,53.75
ITM-000006449,ORD-00004673,PRD-00012,1,374.49,207.75,374.49,374.49,166.74
ITM-000006450,ORD-00004674,PRD-00061,1,75.99,20.12,75.99,75.99,55.87
ITM-000006451,ORD-00004675,PRD-00023,2,31.99,14.2,63.98,63.98,35.58
ITM-000006452,ORD-00004676,PRD-00024,1,54.99,26.28,54.99,54.99,28.71
ITM-000006453,ORD-00004676,PRD-00082,1,151.49,68.21,151.49,151.49,83.28
ITM-000006454,ORD-00004677,PRD-00095,1,204.99,100.6,204.99,204.99,104.39
ITM-000006455,ORD-00004678,PRD-00015,1,205.99,123.35,205.99,205.99,82.64
ITM-000006456,ORD-00004678,PRD-00031,1,110.99,51.16,110.99,110.99,59.83
ITM-000006457,ORD-00004679,PRD-00041,1,180.99,84.81,180.99,180.99,96.18
ITM-000006458,ORD-00004680,PRD-00007,1,316.99,172.8,316.99,316.99,144.19
ITM-000006459,ORD-00004681,PRD-00006,1,391.99,223.93,391.99,391.99,168.06
ITM-000006460,ORD-00004682,PRD-00017,1,244.99,144.79,244.99,244.99,100.2
ITM-000006461,ORD-00004683,PRD-00072,1,36.99,11.8,36.99,36.99,25.19
ITM-000006462,ORD-00004683,PRD-00026,1,94.99,41.91,94.99,94.99,53.08
ITM-000006463,ORD-00004684,PRD-00078,1,25.99,9.37,25.99,25.99,16.62
ITM-000006464,ORD-00004684,PRD-00096,1,199.99,116.57,199.99,199.99,83.42
ITM-000006465,ORD-00004685,PRD-00076,2,62.99,25.51,125.98,125.98,74.96
ITM-000006466,ORD-00004686,PRD-00062,1,68.49,27.5,68.49,68.49,40.99
ITM-000006467,ORD-00004687,PRD-00099,1,50.99,27.57,50.99,50.99,23.42
ITM-000006468,ORD-00004688,PRD-00090,1,232.99,113.86,232.99,232.99,119.13
ITM-000006469,ORD-00004689,PRD-00071,1,86.99,31.3,86.99,86.99,55.69
ITM-000006470,ORD-00004689,PRD-00085,1,105.99,56.37,105.99,105.99,49.62
ITM-000006471,ORD-00004689,PRD-00017,1,244.99,144.79,244.99,244.99,100.2
ITM-000006472,ORD-00004690,PRD-00018,2,72.99,37.97,145.98,145.98,70.04
ITM-000006473,ORD-00004691,PRD-00089,2,31.99,18.14,63.98,63.98,27.7
ITM-000006474,ORD-00004692,PRD-00072,1,36.99,11.8,36.99,36.99,25.19
ITM-000006475,ORD-00004693,PRD-00078,1,25.99,9.37,25.99,25.99,16.62
ITM-000006476,ORD-00004693,PRD-00052,1,118.49,48.71,118.49,118.49,69.78
ITM-000006477,ORD-00004694,PRD-00077,1,22.99,8.27,22.99,22.99,14.72
ITM-000006478,ORD-00004695,PRD-00039,2,40.99,18.26,81.98,81.98,45.46
ITM-000006479,ORD-00004696,PRD-00092,1,214.99,101.72,214.99,214.99,113.27
ITM-000006480,ORD-00004697,PRD-00047,1,100.99,42.27,100.99,100.99,58.72
ITM-000006481,ORD-00004697,PRD-00081,1,77.99,39.19,77.99,77.99,38.8
ITM-000006482,ORD-00004698,PRD-00051,1,52.99,21.94,52.99,52.99,31.05
ITM-000006483,ORD-00004699,PRD-00049,1,162.99,86.22,162.99,162.99,76.77
ITM-000006484,ORD-00004700,PRD-00009,2,94.99,52.51,189.98,189.98,84.96
ITM-000006485,ORD-00004701,PRD-00079,1,46.49,15.84,46.49,46.49,30.65
ITM-000006486,ORD-00004701,PRD-00077,1,22.99,8.27,22.99,22.99,14.72
ITM-000006487,ORD-00004702,PRD-00053,1,47.99,23.38,47.99,47.99,24.61
ITM-000006488,ORD-00004703,PRD-00087,1,43.99,24.1,43.99,43.99,19.89
ITM-000006489,ORD-00004704,PRD-00056,1,135.49,71.03,135.49,135.49,64.46
ITM-000006490,ORD-00004705,PRD-00027,3,83.99,34.49,251.97,251.97,148.5
ITM-000006491,ORD-00004706,PRD-00090,2,232.99,113.86,465.98,465.98,238.26
ITM-000006492,ORD-00004706,PRD-00018,1,72.99,37.97,72.99,72.99,35.02
ITM-000006493,ORD-00004706,PRD-00096,1,199.99,116.57,199.99,199.99,83.42
ITM-000006494,ORD-00004707,PRD-00052,1,118.49,48.71,118.49,118.49,69.78
ITM-000006495,ORD-00004708,PRD-00001,1,320.99,176.63,320.99,320.99,144.36
ITM-000006496,ORD-00004709,PRD-00059,2,47.49,23.54,94.98,94.98,47.9
ITM-000006497,ORD-00004710,PRD-00001,1,320.99,176.63,320.99,320.99,144.36
ITM-000006498,ORD-00004711,PRD-00054,1,137.99,68.35,137.99,137.99,69.64
ITM-000006499,ORD-00004711,PRD-00024,1,54.99,26.28,54.99,54.99,28.71
ITM-000006500,ORD-00004712,PRD-00065,1,24.99,5.84,24.99,24.99,19.15
ITM-000006501,ORD-00004713,PRD-00029,1,94.49,33.63,94.49,94.49,60.86
ITM-000006502,ORD-00004714,PRD-00066,1,84.99,33.73,84.99,84.99,51.26
ITM-000006503,ORD-00004715,PRD-00067,2,44.99,16.41,89.98,89.98,57.16
ITM-000006504,ORD-00004715,PRD-00035,1,100.99,39.04,100.99,100.99,61.95
ITM-000006505,ORD-00004716,PRD-00013,1,275.99,176.16,275.99,275.99,99.83
ITM-000006506,ORD-00004716,PRD-00010,1,207.99,120.07,207.99,207.99,87.92
ITM-000006507,ORD-00004716,PRD-00095,1,204.99,100.6,204.99,204.99,104.39
ITM-000006508,ORD-00004717,PRD-00091,2,42.99,22.68,85.98,85.98,40.62
ITM-000006509,ORD-00004718,PRD-00047,1,100.99,42.27,100.99,100.99,58.72
ITM-000006510,ORD-00004718,PRD-00026,2,94.99,41.91,189.98,189.98,106.16
ITM-000006511,ORD-00004719,PRD-00099,1,50.99,27.57,50.99,50.99,23.42
ITM-000006512,ORD-00004719,PRD-00049,1,162.99,86.22,162.99,162.99,76.77
ITM-000006513,ORD-00004720,PRD-00032,1,42.49,17.54,42.49,42.49,24.95
ITM-000006514,ORD-00004721,PRD-00018,1,72.99,37.97,72.99,72.99,35.02
ITM-000006515,ORD-00004721,PRD-00090,1,232.99,113.86,232.99,232.99,119.13
ITM-000006516,ORD-00004721,PRD-00078,1,25.99,9.37,25.99,25.99,16.62
ITM-000006517,ORD-00004722,PRD-00082,1,151.49,68.21,151.49,151.49,83.28
ITM-000006518,ORD-00004723,PRD-00036,1,73.99,30.02,73.99,73.99,43.97
ITM-000006519,ORD-00004723,PRD-00050,1,173.99,93.04,173.99,173.99,80.95
ITM-000006520,ORD-00004723,PRD-00030,2,67.99,29.21,135.98,135.98,77.56
ITM-000006521,ORD-00004724,PRD-00035,1,100.99,39.04,100.99,100.99,61.95
ITM-000006522,ORD-00004725,PRD-00085,1,105.99,56.37,105.99,105.99,49.62
ITM-000006523,ORD-00004726,PRD-00041,1,180.99,84.81,180.99,180.99,96.18
ITM-000006524,ORD-00004727,PRD-00034,1,34.99,12.79,34.99,34.99,22.2
ITM-000006525,ORD-00004728,PRD-00051,1,52.99,21.94,52.99,52.99,31.05
ITM-000006526,ORD-00004729,PRD-00020,1,271.99,147.22,271.99,271.99,124.77
ITM-000006527,ORD-00004730,PRD-00098,1,199.49,113.09,199.49,199.49,86.4
ITM-000006528,ORD-00004731,PRD-00008,1,325.99,186.16,325.99,325.99,139.83
ITM-000006529,ORD-00004732,PRD-00044,1,72.99,36.23,72.99,72.99,36.76
ITM-000006530,ORD-00004732,PRD-00042,1,121.99,52.18,121.99,121.99,69.81
ITM-000006531,ORD-00004733,PRD-00089,1,31.99,18.14,31.99,31.99,13.85
ITM-000006532,ORD-00004734,PRD-00048,2,33.49,15.83,66.98,66.98,35.32
ITM-000006533,ORD-00004735,PRD-00037,1,41.99,15.18,41.99,41.99,26.81
ITM-000006534,ORD-00004736,PRD-00064,2,24.99,6.91,49.98,49.98,36.16
ITM-000006535,ORD-00004737,PRD-00015,1,205.99,123.35,205.99,205.99,82.64
ITM-000006536,ORD-00004738,PRD-00043,1,105.99,49.95,105.99,105.99,56.04
ITM-000006537,ORD-00004739,PRD-00082,1,151.49,68.21,151.49,151.49,83.28
ITM-000006538,ORD-00004740,PRD-00067,1,44.99,16.41,44.99,44.99,28.58
ITM-000006539,ORD-00004741,PRD-00070,1,64.99,25.31,64.99,64.99,39.68
ITM-000006540,ORD-00004742,PRD-00085,1,105.99,56.37,105.99,105.99,49.62
ITM-000006541,ORD-00004742,PRD-00082,1,151.49,68.21,151.49,151.49,83.28
ITM-000006542,ORD-00004743,PRD-00028,3,107.49,45.05,322.47,322.47,187.32
ITM-000006543,ORD-00004743,PRD-00050,1,173.99,93.04,173.99,173.99,80.95
ITM-000006544,ORD-00004744,PRD-00096,2,199.99,116.57,399.98,399.98,166.84
ITM-000006545,ORD-00004745,PRD-00002,1,203.99,113.88,203.99,203.99,90.11
ITM-000006546,ORD-00004745,PRD-00001,2,320.99,176.63,641.98,641.98,288.72
ITM-000006547,ORD-00004745,PRD-00095,1,204.99,100.6,204.99,204.99,104.39
ITM-000006548,ORD-00004746,PRD-00016,1,129.99,78.72,129.99,129.99,51.27
ITM-000006549,ORD-00004747,PRD-00038,1,77.49,36.23,77.49,77.49,41.26
ITM-000006550,ORD-00004747,PRD-00029,1,94.49,33.63,94.49,94.49,60.86
ITM-000006551,ORD-00004748,PRD-00093,1,227.99,111.71,227.99,227.99,116.28
ITM-000006552,ORD-00004748,PRD-00088,1,211.99,101.84,211.99,211.99,110.15
ITM-000006553,ORD-00004748,PRD-00095,2,204.99,100.6,409.98,409.98,208.78
ITM-000006554,ORD-00004749,PRD-00036,1,73.99,30.02,73.99,73.99,43.97
ITM-000006555,ORD-00004749,PRD-00061,1,75.99,20.12,75.99,75.99,55.87
ITM-000006556,ORD-00004749,PRD-00010,1,207.99,120.07,207.99,207.99,87.92
ITM-000006557,ORD-00004750,PRD-00087,2,43.99,24.1,87.98,87.98,39.78
ITM-000006558,ORD-00004750,PRD-00032,1,42.49,17.54,42.49,42.49,24.95
ITM-000006559,ORD-00004751,PRD-00040,1,98.99,45.24,98.99,98.99,53.75
ITM-000006560,ORD-00004752,PRD-00010,3,207.99,120.07,623.97,623.97,263.76
ITM-000006561,ORD-00004752,PRD-00093,1,227.99,111.71,227.99,227.99,116.28
ITM-000006562,ORD-00004753,PRD-00086,1,140.99,72.94,140.99,140.99,68.05
ITM-000006563,ORD-00004754,PRD-00047,1,100.99,42.27,100.99,100.99,58.72
ITM-000006564,ORD-00004755,PRD-00070,1,64.99,25.31,64.99,64.99,39.68
ITM-000006565,ORD-00004756,PRD-00016,1,129.99,78.72,129.99,129.99,51.27
ITM-000006566,ORD-00004756,PRD-00031,1,110.99,51.16,110.99,110.99,59.83
ITM-000006567,ORD-00004757,PRD-00081,1,77.99,39.19,77.99,77.99,38.8
ITM-000006568,ORD-00004758,PRD-00023,1,31.99,14.2,31.99,31.99,17.79
ITM-000006569,ORD-00004759,PRD-00057,2,146.49,75.56,292.98,292.98,141.86
ITM-000006570,ORD-00004759,PRD-00037,2,41.99,15.18,83.98,83.98,53.62
ITM-000006571,ORD-00004760,PRD-00047,2,100.99,42.27,201.98,201.98,117.44
ITM-000006572,ORD-00004761,PRD-00091,1,42.99,22.68,42.99,42.99,20.31
ITM-000006573,ORD-00004762,PRD-00031,1,110.99,51.16,110.99,110.99,59.83
ITM-000006574,ORD-00004763,PRD-00049,1,162.99,86.22,162.99,162.99,76.77
ITM-000006575,ORD-00004764,PRD-00042,1,121.99,52.18,121.99,121.99,69.81
ITM-000006576,ORD-00004765,PRD-00071,1,86.99,31.3,86.99,86.99,55.69
ITM-000006577,ORD-00004765,PRD-00077,1,22.99,8.27,22.99,22.99,14.72
ITM-000006578,ORD-00004765,PRD-00074,2,16.99,6.2,33.98,33.98,21.58
ITM-000006579,ORD-00004766,PRD-00086,1,140.99,72.94,140.99,140.99,68.05
ITM-000006580,ORD-00004767,PRD-00063,1,70.49,27.76,70.49,70.49,42.73
ITM-000006581,ORD-00004768,PRD-00027,1,83.99,34.49,83.99,83.99,49.5
ITM-000006582,ORD-00004769,PRD-00018,1,72.99,37.97,72.99,72.99,35.02
ITM-000006583,ORD-00004770,PRD-00032,1,42.49,17.54,42.49,42.49,24.95
ITM-000006584,ORD-00004771,PRD-00087,2,43.99,24.1,87.98,87.98,39.78
ITM-000006585,ORD-00004772,PRD-00092,1,214.99,101.72,214.99,214.99,113.27
ITM-000006586,ORD-00004773,PRD-00028,1,107.49,45.05,107.49,107.49,62.44
ITM-000006587,ORD-00004773,PRD-00005,1,82.99,47.75,82.99,82.99,35.24
ITM-000006588,ORD-00004774,PRD-00054,2,137.99,68.35,275.98,275.98,139.28
ITM-000006589,ORD-00004775,PRD-00032,1,42.49,17.54,42.49,42.49,24.95
ITM-000006590,ORD-00004775,PRD-00067,1,44.99,16.41,44.99,44.99,28.58
ITM-000006591,ORD-00004775,PRD-00011,1,179.99,102.31,179.99,179.99,77.68
ITM-000006592,ORD-00004776,PRD-00055,1,74.99,31.61,74.99,74.99,43.38
ITM-000006593,ORD-00004777,PRD-00077,1,22.99,8.27,22.99,22.99,14.72
ITM-000006594,ORD-00004778,PRD-00093,2,227.99,111.71,455.98,455.98,232.56
ITM-000006595,ORD-00004779,PRD-00093,1,227.99,111.71,227.99,227.99,116.28
ITM-000006596,ORD-00004780,PRD-00011,1,179.99,102.31,179.99,179.99,77.68
ITM-000006597,ORD-00004781,PRD-00061,1,75.99,20.12,75.99,75.99,55.87
ITM-000006598,ORD-00004781,PRD-00025,2,55.99,23.35,111.98,111.98,65.28
ITM-000006599,ORD-00004781,PRD-00028,1,107.49,45.05,107.49,107.49,62.44
ITM-000006600,ORD-00004782,PRD-00046,1,113.49,52.53,113.49,113.49,60.96
ITM-000006601,ORD-00004783,PRD-00048,1,33.49,15.83,33.49,33.49,17.66
ITM-000006602,ORD-00004783,PRD-00009,1,94.99,52.51,94.99,94.99,42.48
ITM-000006603,ORD-00004784,PRD-00059,1,47.49,23.54,47.49,47.49,23.95
ITM-000006604,ORD-00004785,PRD-00047,1,100.99,42.27,100.99,100.99,58.72
ITM-000006605,ORD-00004786,PRD-00022,2,49.99,20.52,99.98,99.98,58.94
ITM-000006606,ORD-00004787,PRD-00002,1,203.99,113.88,203.99,203.99,90.11
ITM-000006607,ORD-00004788,PRD-00008,1,325.99,186.16,325.99,325.99,139.83
ITM-000006608,ORD-00004789,PRD-00090,1,232.99,113.86,232.99,232.99,119.13
ITM-000006609,ORD-00004790,PRD-00057,1,146.49,75.56,146.49,146.49,70.93
ITM-000006610,ORD-00004790,PRD-00004,2,294.49,168.07,588.98,588.98,252.84
ITM-000006611,ORD-00004790,PRD-00075,1,56.99,20.25,56.99,56.99,36.74
ITM-000006612,ORD-00004791,PRD-00018,1,72.99,37.97,72.99,72.99,35.02
ITM-000006613,ORD-00004791,PRD-00076,1,62.99,25.51,62.99,62.99,37.48
ITM-000006614,ORD-00004791,PRD-00060,1,176.49,84.75,176.49,176.49,91.74
ITM-000006615,ORD-00004792,PRD-00031,1,110.99,51.16,110.99,110.99,59.83
ITM-000006616,ORD-00004792,PRD-00016,2,129.99,78.72,259.98,259.98,102.54
ITM-000006617,ORD-00004793,PRD-00075,1,56.99,20.25,56.99,56.99,36.74
ITM-000006618,ORD-00004793,PRD-00018,1,72.99,37.97,72.99,72.99,35.02
ITM-000006619,ORD-00004794,PRD-00088,1,211.99,101.84,211.99,211.99,110.15
ITM-000006620,ORD-00004795,PRD-00096,2,199.99,116.57,399.98,399.98,166.84
ITM-000006621,ORD-00004796,PRD-00018,1,72.99,37.97,72.99,72.99,35.02
ITM-000006622,ORD-00004797,PRD-00009,1,94.99,52.51,94.99,94.99,42.48
ITM-000006623,ORD-00004798,PRD-00083,1,115.99,58.28,115.99,115.99,57.71
ITM-000006624,ORD-00004799,PRD-00084,2,31.99,15.58,63.98,63.98,32.82
ITM-000006625,ORD-00004800,PRD-00070,1,64.99,25.31,64.99,64.99,39.68
ITM-000006626,ORD-00004800,PRD-00001,1,320.99,176.63,320.99,320.99,144.36
ITM-000006627,ORD-00004800,PRD-00022,1,49.99,20.52,49.99,49.99,29.47
ITM-000006628,ORD-00004801,PRD-00036,1,73.99,30.02,73.99,73.99,43.97
ITM-000006629,ORD-00004802,PRD-00098,2,199.49,113.09,398.98,398.98,172.8
ITM-000006630,ORD-00004803,PRD-00037,1,41.99,15.18,41.99,41.99,26.81
ITM-000006631,ORD-00004804,PRD-00055,1,74.99,31.61,74.99,74.99,43.38
ITM-000006632,ORD-00004805,PRD-00097,1,167.49,87.54,167.49,167.49,79.95
ITM-000006633,ORD-00004806,PRD-00066,1,84.99,33.73,84.99,84.99,51.26
ITM-000006634,ORD-00004807,PRD-00020,1,271.99,147.22,271.99,271.99,124.77
ITM-000006635,ORD-00004808,PRD-00031,1,110.99,51.16,110.99,110.99,59.83
ITM-000006636,ORD-00004809,PRD-00021,2,114.99,46.3,229.98,229.98,137.38
ITM-000006637,ORD-00004810,PRD-00044,1,72.99,36.23,72.99,72.99,36.76
ITM-000006638,ORD-00004811,PRD-00095,1,204.99,100.6,204.99,204.99,104.39
ITM-000006639,ORD-00004812,PRD-00001,1,320.99,176.63,320.99,320.99,144.36
ITM-000006640,ORD-00004812,PRD-00014,1,337.99,200.36,337.99,337.99,137.63
ITM-000006641,ORD-00004812,PRD-00025,1,55.99,23.35,55.99,55.99,32.64
ITM-000006642,ORD-00004813,PRD-00098,1,199.49,113.09,199.49,199.49,86.4
ITM-000006643,ORD-00004814,PRD-00022,1,49.99,20.52,49.99,49.99,29.47
ITM-000006644,ORD-00004815,PRD-00049,2,162.99,86.22,325.98,325.98,153.54
ITM-000006645,ORD-00004816,PRD-00029,1,94.49,33.63,94.49,94.49,60.86
ITM-000006646,ORD-00004817,PRD-00020,1,271.99,147.22,271.99,271.99,124.77
ITM-000006647,ORD-00004818,PRD-00031,1,110.99,51.16,110.99,110.99,59.83
ITM-000006648,ORD-00004818,PRD-00074,2,16.99,6.2,33.98,33.98,21.58
ITM-000006649,ORD-00004819,PRD-00043,1,105.99,49.95,105.99,105.99,56.04
ITM-000006650,ORD-00004820,PRD-00016,1,129.99,78.72,129.99,129.99,51.27
ITM-000006651,ORD-00004821,PRD-00017,1,244.99,144.79,244.99,244.99,100.2
ITM-000006652,ORD-00004821,PRD-00078,1,25.99,9.37,25.99,25.99,16.62
ITM-000006653,ORD-00004822,PRD-00033,1,27.99,11.51,27.99,27.99,16.48
ITM-000006654,ORD-00004823,PRD-00073,1,84.49,28.1,84.49,84.49,56.39
ITM-000006655,ORD-00004823,PRD-00099,2,50.99,27.57,101.98,101.98,46.84
ITM-000006656,ORD-00004824,PRD-00058,1,152.99,69.5,152.99,152.99,83.49
ITM-000006657,ORD-00004825,PRD-00022,1,49.99,20.52,49.99,49.99,29.47
ITM-000006658,ORD-00004825,PRD-00077,1,22.99,8.27,22.99,22.99,14.72
ITM-000006659,ORD-00004826,PRD-00030,1,67.99,29.21,67.99,67.99,38.78
ITM-000006660,ORD-00004826,PRD-00040,3,98.99,45.24,296.97,296.97,161.25
ITM-000006661,ORD-00004827,PRD-00028,1,107.49,45.05,107.49,107.49,62.44
ITM-000006662,ORD-00004828,PRD-00059,1,47.49,23.54,47.49,47.49,23.95
ITM-000006663,ORD-00004829,PRD-00089,2,31.99,18.14,63.98,63.98,27.7
ITM-000006664,ORD-00004830,PRD-00072,3,36.99,11.8,110.97,110.97,75.57
ITM-000006665,ORD-00004830,PRD-00052,3,118.49,48.71,355.47,355.47,209.34
ITM-000006666,ORD-00004830,PRD-00060,2,176.49,84.75,352.98,352.98,183.48
ITM-000006667,ORD-00004831,PRD-00021,1,114.99,46.3,114.99,114.99,68.69
ITM-000006668,ORD-00004832,PRD-00084,1,31.99,15.58,31.99,31.99,16.41
ITM-000006669,ORD-00004833,PRD-00075,2,56.99,20.25,113.98,113.98,73.48
ITM-000006670,ORD-00004834,PRD-00009,1,94.99,52.51,94.99,94.99,42.48
ITM-000006671,ORD-00004835,PRD-00048,1,33.49,15.83,33.49,33.49,17.66
ITM-000006672,ORD-00004836,PRD-00017,1,244.99,144.79,244.99,244.99,100.2
ITM-000006673,ORD-00004837,PRD-00053,1,47.99,23.38,47.99,47.99,24.61
ITM-000006674,ORD-00004838,PRD-00043,1,105.99,49.95,105.99,105.99,56.04
ITM-000006675,ORD-00004839,PRD-00048,1,33.49,15.83,33.49,33.49,17.66
ITM-000006676,ORD-00004840,PRD-00074,1,16.99,6.2,16.99,16.99,10.79
ITM-000006677,ORD-00004841,PRD-00048,1,33.49,15.83,33.49,33.49,17.66
ITM-000006678,ORD-00004841,PRD-00086,1,140.99,72.94,140.99,140.99,68.05
ITM-000006679,ORD-00004842,PRD-00033,1,27.99,11.51,27.99,27.99,16.48
ITM-000006680,ORD-00004843,PRD-00031,1,110.99,51.16,110.99,110.99,59.83
ITM-000006681,ORD-00004844,PRD-00063,1,70.49,27.76,70.49,70.49,42.73
ITM-000006682,ORD-00004845,PRD-00050,1,173.99,93.04,173.99,173.99,80.95
ITM-000006683,ORD-00004846,PRD-00037,1,41.99,15.18,41.99,41.99,26.81
ITM-000006684,ORD-00004846,PRD-00085,1,105.99,56.37,105.99,105.99,49.62
ITM-000006685,ORD-00004847,PRD-00036,1,73.99,30.02,73.99,73.99,43.97
ITM-000006686,ORD-00004847,PRD-00052,1,118.49,48.71,118.49,118.49,69.78
ITM-000006687,ORD-00004847,PRD-00064,3,24.99,6.91,74.97,74.97,54.24
ITM-000006688,ORD-00004848,PRD-00098,2,199.49,113.09,398.98,398.98,172.8
ITM-000006689,ORD-00004849,PRD-00038,1,77.49,36.23,77.49,77.49,41.26
ITM-000006690,ORD-00004849,PRD-00093,1,227.99,111.71,227.99,227.99,116.28
ITM-000006691,ORD-00004850,PRD-00003,1,350.49,212.61,350.49,350.49,137.88
ITM-000006692,ORD-00004850,PRD-00034,1,34.99,12.79,34.99,34.99,22.2
ITM-000006693,ORD-00004850,PRD-00046,1,113.49,52.53,113.49,113.49,60.96
ITM-000006694,ORD-00004851,PRD-00036,1,73.99,30.02,73.99,73.99,43.97
ITM-000006695,ORD-00004852,PRD-00040,1,98.99,45.24,98.99,98.99,53.75
ITM-000006696,ORD-00004853,PRD-00045,1,83.49,36.38,83.49,83.49,47.11
ITM-000006697,ORD-00004853,PRD-00023,1,31.99,14.2,31.99,31.99,17.79
ITM-000006698,ORD-00004853,PRD-00060,1,176.49,84.75,176.49,176.49,91.74
ITM-000006699,ORD-00004854,PRD-00075,1,56.99,20.25,56.99,56.99,36.74
ITM-000006700,ORD-00004855,PRD-00052,1,118.49,48.71,118.49,118.49,69.78
ITM-000006701,ORD-00004856,PRD-00071,1,86.99,31.3,86.99,86.99,55.69
ITM-000006702,ORD-00004857,PRD-00021,1,114.99,46.3,114.99,114.99,68.69
ITM-000006703,ORD-00004857,PRD-00097,1,167.49,87.54,167.49,167.49,79.95
ITM-000006704,ORD-00004857,PRD-00004,1,294.49,168.07,294.49,294.49,126.42
ITM-000006705,ORD-00004858,PRD-00018,1,72.99,37.97,72.99,72.99,35.02
ITM-000006706,ORD-00004859,PRD-00065,3,24.99,5.84,74.97,74.97,57.45
ITM-000006707,ORD-00004860,PRD-00078,1,25.99,9.37,25.99,25.99,16.62
ITM-000006708,ORD-00004861,PRD-00055,1,74.99,31.61,74.99,74.99,43.38
ITM-000006709,ORD-00004862,PRD-00056,1,135.49,71.03,135.49,135.49,64.46
ITM-000006710,ORD-00004862,PRD-00032,1,42.49,17.54,42.49,42.49,24.95
ITM-000006711,ORD-00004863,PRD-00099,1,50.99,27.57,50.99,50.99,23.42
ITM-000006712,ORD-00004863,PRD-00093,1,227.99,111.71,227.99,227.99,116.28
ITM-000006713,ORD-00004864,PRD-00004,1,294.49,168.07,294.49,294.49,126.42
ITM-000006714,ORD-00004864,PRD-00085,1,105.99,56.37,105.99,105.99,49.62
ITM-000006715,ORD-00004864,PRD-00052,2,118.49,48.71,236.98,236.98,139.56
ITM-000006716,ORD-00004865,PRD-00014,1,337.99,200.36,337.99,337.99,137.63
ITM-000006717,ORD-00004865,PRD-00066,1,84.99,33.73,84.99,84.99,51.26
ITM-000006718,ORD-00004866,PRD-00055,2,74.99,31.61,149.98,149.98,86.76
ITM-000006719,ORD-00004867,PRD-00071,2,86.99,31.3,173.98,173.98,111.38
ITM-000006720,ORD-00004868,PRD-00058,1,152.99,69.5,152.99,152.99,83.49
ITM-000006721,ORD-00004869,PRD-00036,1,73.99,30.02,73.99,73.99,43.97
ITM-000006722,ORD-00004870,PRD-00010,1,207.99,120.07,207.99,207.99,87.92
ITM-000006723,ORD-00004871,PRD-00026,1,94.99,41.91,94.99,94.99,53.08
ITM-000006724,ORD-00004872,PRD-00061,1,75.99,20.12,75.99,75.99,55.87
ITM-000006725,ORD-00004872,PRD-00022,1,49.99,20.52,49.99,49.99,29.47
ITM-000006726,ORD-00004873,PRD-00029,1,94.49,33.63,94.49,94.49,60.86
ITM-000006727,ORD-00004874,PRD-00099,2,50.99,27.57,101.98,101.98,46.84
ITM-000006728,ORD-00004875,PRD-00073,1,84.49,28.1,84.49,84.49,56.39
ITM-000006729,ORD-00004876,PRD-00075,1,56.99,20.25,56.99,56.99,36.74
ITM-000006730,ORD-00004877,PRD-00079,1,46.49,15.84,46.49,46.49,30.65
ITM-000006731,ORD-00004878,PRD-00020,1,271.99,147.22,271.99,271.99,124.77
ITM-000006732,ORD-00004879,PRD-00030,3,67.99,29.21,203.97,203.97,116.34
ITM-000006733,ORD-00004879,PRD-00030,1,67.99,29.21,67.99,67.99,38.78
ITM-000006734,ORD-00004880,PRD-00094,1,245.99,110.0,245.99,245.99,135.99
ITM-000006735,ORD-00004881,PRD-00098,1,199.49,113.09,199.49,199.49,86.4
ITM-000006736,ORD-00004882,PRD-00050,1,173.99,93.04,173.99,173.99,80.95
ITM-000006737,ORD-00004883,PRD-00078,2,25.99,9.37,51.98,51.98,33.24
ITM-000006738,ORD-00004884,PRD-00031,1,110.99,51.16,110.99,110.99,59.83
ITM-000006739,ORD-00004885,PRD-00080,2,87.99,32.75,175.98,175.98,110.48
ITM-000006740,ORD-00004886,PRD-00062,1,68.49,27.5,68.49,68.49,40.99
ITM-000006741,ORD-00004886,PRD-00012,1,374.49,207.75,374.49,374.49,166.74
ITM-000006742,ORD-00004887,PRD-00074,1,16.99,6.2,16.99,16.99,10.79
ITM-000006743,ORD-00004888,PRD-00007,1,316.99,172.8,316.99,316.99,144.19
ITM-000006744,ORD-00004889,PRD-00064,1,24.99,6.91,24.99,24.99,18.08
ITM-000006745,ORD-00004890,PRD-00019,1,339.99,208.97,339.99,339.99,131.02
ITM-000006746,ORD-00004890,PRD-00014,1,337.99,200.36,337.99,337.99,137.63
ITM-000006747,ORD-00004891,PRD-00074,1,16.99,6.2,16.99,16.99,10.79
ITM-000006748,ORD-00004892,PRD-00097,1,167.49,87.54,167.49,167.49,79.95
ITM-000006749,ORD-00004893,PRD-00001,1,320.99,176.63,320.99,320.99,144.36
ITM-000006750,ORD-00004893,PRD-00050,1,173.99,93.04,173.99,173.99,80.95
ITM-000006751,ORD-00004894,PRD-00052,1,118.49,48.71,118.49,118.49,69.78
ITM-000006752,ORD-00004895,PRD-00073,1,84.49,28.1,84.49,84.49,56.39
ITM-000006753,ORD-00004896,PRD-00074,1,16.99,6.2,16.99,16.99,10.79
ITM-000006754,ORD-00004897,PRD-00021,1,114.99,46.3,114.99,114.99,68.69
ITM-000006755,ORD-00004898,PRD-00055,1,74.99,31.61,74.99,74.99,43.38
ITM-000006756,ORD-00004898,PRD-00079,1,46.49,15.84,46.49,46.49,30.65
ITM-000006757,ORD-00004899,PRD-00075,1,56.99,20.25,56.99,56.99,36.74
ITM-000006758,ORD-00004900,PRD-00054,1,137.99,68.35,137.99,137.99,69.64
ITM-000006759,ORD-00004900,PRD-00085,1,105.99,56.37,105.99,105.99,49.62
ITM-000006760,ORD-00004901,PRD-00001,1,320.99,176.63,320.99,320.99,144.36
ITM-000006761,ORD-00004902,PRD-00066,3,84.99,33.73,254.97,254.97,153.78
ITM-000006762,ORD-00004903,PRD-00074,1,16.99,6.2,16.99,16.99,10.79
ITM-000006763,ORD-00004904,PRD-00040,1,98.99,45.24,98.99,98.99,53.75
ITM-000006764,ORD-00004905,PRD-00074,1,16.99,6.2,16.99,16.99,10.79
ITM-000006765,ORD-00004906,PRD-00008,1,325.99,186.16,325.99,325.99,139.83
ITM-000006766,ORD-00004906,PRD-00064,1,24.99,6.91,24.99,24.99,18.08
ITM-000006767,ORD-00004907,PRD-00100,1,143.99,66.17,143.99,143.99,77.82
ITM-000006768,ORD-00004907,PRD-00093,1,227.99,111.71,227.99,227.99,116.28
ITM-000006769,ORD-00004907,PRD-00016,2,129.99,78.72,259.98,259.98,102.54
ITM-000006770,ORD-00004908,PRD-00035,1,100.99,39.04,100.99,100.99,61.95
ITM-000006771,ORD-00004909,PRD-00026,1,94.99,41.91,94.99,94.99,53.08
ITM-000006772,ORD-00004909,PRD-00067,1,44.99,16.41,44.99,44.99,28.58
ITM-000006773,ORD-00004910,PRD-00050,1,173.99,93.04,173.99,173.99,80.95
ITM-000006774,ORD-00004911,PRD-00075,1,56.99,20.25,56.99,56.99,36.74
ITM-000006775,ORD-00004912,PRD-00016,1,129.99,78.72,129.99,129.99,51.27
ITM-000006776,ORD-00004912,PRD-00008,1,325.99,186.16,325.99,325.99,139.83
ITM-000006777,ORD-00004912,PRD-00058,1,152.99,69.5,152.99,152.99,83.49
ITM-000006778,ORD-00004913,PRD-00038,1,77.49,36.23,77.49,77.49,41.26
ITM-000006779,ORD-00004913,PRD-00058,1,152.99,69.5,152.99,152.99,83.49
ITM-000006780,ORD-00004914,PRD-00009,2,94.99,52.51,189.98,189.98,84.96
ITM-000006781,ORD-00004914,PRD-00096,1,199.99,116.57,199.99,199.99,83.42
ITM-000006782,ORD-00004914,PRD-00091,1,42.99,22.68,42.99,42.99,20.31
ITM-000006783,ORD-00004915,PRD-00069,1,51.99,14.6,51.99,51.99,37.39
ITM-000006784,ORD-00004915,PRD-00009,2,94.99,52.51,189.98,189.98,84.96
ITM-000006785,ORD-00004916,PRD-00017,1,244.99,144.79,244.99,244.99,100.2
ITM-000006786,ORD-00004917,PRD-00027,1,83.99,34.49,83.99,83.99,49.5
ITM-000006787,ORD-00004918,PRD-00009,2,94.99,52.51,189.98,189.98,84.96
ITM-000006788,ORD-00004919,PRD-00050,1,173.99,93.04,173.99,173.99,80.95
ITM-000006789,ORD-00004920,PRD-00011,1,179.99,102.31,179.99,179.99,77.68
ITM-000006790,ORD-00004921,PRD-00014,1,337.99,200.36,337.99,337.99,137.63
ITM-000006791,ORD-00004921,PRD-00091,1,42.99,22.68,42.99,42.99,20.31
ITM-000006792,ORD-00004922,PRD-00020,1,271.99,147.22,271.99,271.99,124.77
ITM-000006793,ORD-00004923,PRD-00081,1,77.99,39.19,77.99,77.99,38.8
ITM-000006794,ORD-00004924,PRD-00053,2,47.99,23.38,95.98,95.98,49.22
ITM-000006795,ORD-00004924,PRD-00080,1,87.99,32.75,87.99,87.99,55.24
ITM-000006796,ORD-00004925,PRD-00072,1,36.99,11.8,36.99,36.99,25.19
ITM-000006797,ORD-00004925,PRD-00079,2,46.49,15.84,92.98,92.98,61.3
ITM-000006798,ORD-00004926,PRD-00042,1,121.99,52.18,121.99,121.99,69.81
ITM-000006799,ORD-00004927,PRD-00024,1,54.99,26.28,54.99,54.99,28.71
ITM-000006800,ORD-00004927,PRD-00069,1,51.99,14.6,51.99,51.99,37.39
ITM-000006801,ORD-00004928,PRD-00064,2,24.99,6.91,49.98,49.98,36.16
ITM-000006802,ORD-00004928,PRD-00001,1,320.99,176.63,320.99,320.99,144.36
ITM-000006803,ORD-00004929,PRD-00074,2,16.99,6.2,33.98,33.98,21.58
ITM-000006804,ORD-00004930,PRD-00063,1,70.49,27.76,70.49,70.49,42.73
ITM-000006805,ORD-00004930,PRD-00084,1,31.99,15.58,31.99,31.99,16.41
ITM-000006806,ORD-00004931,PRD-00072,1,36.99,11.8,36.99,36.99,25.19
ITM-000006807,ORD-00004932,PRD-00040,1,98.99,45.24,98.99,98.99,53.75
ITM-000006808,ORD-00004933,PRD-00046,2,113.49,52.53,226.98,226.98,121.92
ITM-000006809,ORD-00004933,PRD-00091,1,42.99,22.68,42.99,42.99,20.31
ITM-000006810,ORD-00004933,PRD-00093,1,227.99,111.71,227.99,227.99,116.28
ITM-000006811,ORD-00004934,PRD-00097,2,167.49,87.54,334.98,334.98,159.9
ITM-000006812,ORD-00004934,PRD-00055,1,74.99,31.61,74.99,74.99,43.38
ITM-000006813,ORD-00004934,PRD-00082,1,151.49,68.21,151.49,151.49,83.28
ITM-000006814,ORD-00004935,PRD-00038,1,77.49,36.23,77.49,77.49,41.26
ITM-000006815,ORD-00004936,PRD-00097,1,167.49,87.54,167.49,167.49,79.95
ITM-000006816,ORD-00004936,PRD-00097,1,167.49,87.54,167.49,167.49,79.95
ITM-000006817,ORD-00004937,PRD-00078,1,25.99,9.37,25.99,25.99,16.62
ITM-000006818,ORD-00004938,PRD-00008,1,325.99,186.16,325.99,325.99,139.83
ITM-000006819,ORD-00004939,PRD-00038,1,77.49,36.23,77.49,77.49,41.26
ITM-000006820,ORD-00004940,PRD-00024,1,54.99,26.28,54.99,54.99,28.71
ITM-000006821,ORD-00004941,PRD-00004,1,294.49,168.07,294.49,294.49,126.42
ITM-000006822,ORD-00004942,PRD-00056,2,135.49,71.03,270.98,270.98,128.92
ITM-000006823,ORD-00004942,PRD-00088,1,211.99,101.84,211.99,211.99,110.15
ITM-000006824,ORD-00004943,PRD-00099,1,50.99,27.57,50.99,50.99,23.42
ITM-000006825,ORD-00004944,PRD-00078,1,25.99,9.37,25.99,25.99,16.62
ITM-000006826,ORD-00004945,PRD-00098,1,199.49,113.09,199.49,199.49,86.4
ITM-000006827,ORD-00004946,PRD-00025,1,55.99,23.35,55.99,55.99,32.64
ITM-000006828,ORD-00004947,PRD-00075,1,56.99,20.25,56.99,56.99,36.74
ITM-000006829,ORD-00004947,PRD-00048,1,33.49,15.83,33.49,33.49,17.66
ITM-000006830,ORD-00004947,PRD-00053,2,47.99,23.38,95.98,95.98,49.22
ITM-000006831,ORD-00004948,PRD-00058,1,152.99,69.5,152.99,152.99,83.49
ITM-000006832,ORD-00004949,PRD-00075,1,56.99,20.25,56.99,56.99,36.74
ITM-000006833,ORD-00004949,PRD-00033,1,27.99,11.51,27.99,27.99,16.48
ITM-000006834,ORD-00004950,PRD-00028,2,107.49,45.05,214.98,214.98,124.88
ITM-000006835,ORD-00004951,PRD-00008,1,325.99,186.16,325.99,325.99,139.83
ITM-000006836,ORD-00004952,PRD-00080,1,87.99,32.75,87.99,87.99,55.24
ITM-000006837,ORD-00004953,PRD-00080,1,87.99,32.75,87.99,87.99,55.24
ITM-000006838,ORD-00004954,PRD-00025,1,55.99,23.35,55.99,55.99,32.64
ITM-000006839,ORD-00004955,PRD-00065,1,24.99,5.84,24.99,24.99,19.15
ITM-000006840,ORD-00004955,PRD-00085,1,105.99,56.37,105.99,105.99,49.62
ITM-000006841,ORD-00004956,PRD-00021,1,114.99,46.3,114.99,114.99,68.69
ITM-000006842,ORD-00004956,PRD-00038,1,77.49,36.23,77.49,77.49,41.26
ITM-000006843,ORD-00004957,PRD-00091,1,42.99,22.68,42.99,42.99,20.31
ITM-000006844,ORD-00004958,PRD-00047,1,100.99,42.27,100.99,100.99,58.72
ITM-000006845,ORD-00004959,PRD-00065,1,24.99,5.84,24.99,24.99,19.15
ITM-000006846,ORD-00004960,PRD-00008,1,325.99,186.16,325.99,325.99,139.83
ITM-000006847,ORD-00004961,PRD-00036,1,73.99,30.02,73.99,73.99,43.97
ITM-000006848,ORD-00004962,PRD-00033,1,27.99,11.51,27.99,27.99,16.48
ITM-000006849,ORD-00004962,PRD-00078,1,25.99,9.37,25.99,25.99,16.62
ITM-000006850,ORD-00004963,PRD-00091,1,42.99,22.68,42.99,42.99,20.31
ITM-000006851,ORD-00004964,PRD-00065,1,24.99,5.84,24.99,24.99,19.15
ITM-000006852,ORD-00004965,PRD-00086,1,140.99,72.94,140.99,140.99,68.05
ITM-000006853,ORD-00004965,PRD-00034,1,34.99,12.79,34.99,34.99,22.2
ITM-000006854,ORD-00004966,PRD-00074,2,16.99,6.2,33.98,33.98,21.58
ITM-000006855,ORD-00004967,PRD-00003,1,350.49,212.61,350.49,350.49,137.88
ITM-000006856,ORD-00004968,PRD-00005,1,82.99,47.75,82.99,82.99,35.24
ITM-000006857,ORD-00004969,PRD-00018,1,72.99,37.97,72.99,72.99,35.02
ITM-000006858,ORD-00004970,PRD-00029,1,94.49,33.63,94.49,94.49,60.86
ITM-000006859,ORD-00004971,PRD-00081,1,77.99,39.19,77.99,77.99,38.8
ITM-000006860,ORD-00004972,PRD-00078,1,25.99,9.37,25.99,25.99,16.62
ITM-000006861,ORD-00004973,PRD-00077,1,22.99,8.27,22.99,22.99,14.72
ITM-000006862,ORD-00004974,PRD-00006,1,391.99,223.93,391.99,391.99,168.06
ITM-000006863,ORD-00004975,PRD-00046,1,113.49,52.53,113.49,113.49,60.96
ITM-000006864,ORD-00004975,PRD-00084,1,31.99,15.58,31.99,31.99,16.41
ITM-000006865,ORD-00004976,PRD-00045,3,83.49,36.38,250.47,250.47,141.33
ITM-000006866,ORD-00004977,PRD-00018,1,72.99,37.97,72.99,72.99,35.02
ITM-000006867,ORD-00004977,PRD-00083,1,115.99,58.28,115.99,115.99,57.71
ITM-000006868,ORD-00004978,PRD-00063,2,70.49,27.76,140.98,140.98,85.46
ITM-000006869,ORD-00004979,PRD-00059,1,47.49,23.54,47.49,47.49,23.95
ITM-000006870,ORD-00004979,PRD-00071,1,86.99,31.3,86.99,86.99,55.69
ITM-000006871,ORD-00004980,PRD-00058,1,152.99,69.5,152.99,152.99,83.49
ITM-000006872,ORD-00004981,PRD-00007,1,316.99,172.8,316.99,316.99,144.19
ITM-000006873,ORD-00004982,PRD-00040,1,98.99,45.24,98.99,98.99,53.75
ITM-000006874,ORD-00004983,PRD-00100,1,143.99,66.17,143.99,143.99,77.82
ITM-000006875,ORD-00004984,PRD-00034,1,34.99,12.79,34.99,34.99,22.2
ITM-000006876,ORD-00004984,PRD-00065,1,24.99,5.84,24.99,24.99,19.15
ITM-000006877,ORD-00004984,PRD-00002,1,203.99,113.88,203.99,203.99,90.11
ITM-000006878,ORD-00004985,PRD-00047,1,100.99,42.27,100.99,100.99,58.72
ITM-000006879,ORD-00004986,PRD-00039,1,40.99,18.26,40.99,40.99,22.73
ITM-000006880,ORD-00004987,PRD-00012,1,374.49,207.75,374.49,374.49,166.74
ITM-000006881,ORD-00004988,PRD-00052,1,118.49,48.71,118.49,118.49,69.78
ITM-000006882,ORD-00004989,PRD-00069,1,51.99,14.6,51.99,51.99,37.39
ITM-000006883,ORD-00004990,PRD-00078,1,25.99,9.37,25.99,25.99,16.62
ITM-000006884,ORD-00004991,PRD-00013,1,275.99,176.16,275.99,275.99,99.83
ITM-000006885,ORD-00004992,PRD-00058,1,152.99,69.5,152.99,152.99,83.49
ITM-000006886,ORD-00004993,PRD-00092,1,214.99,101.72,214.99,214.99,113.27
ITM-000006887,ORD-00004994,PRD-00024,1,54.99,26.28,54.99,54.99,28.71
ITM-000006888,ORD-00004995,PRD-00024,2,54.99,26.28,109.98,109.98,57.42
ITM-000006889,ORD-00004996,PRD-00081,1,77.99,39.19,77.99,77.99,38.8
ITM-000006890,ORD-00004996,PRD-00087,1,43.99,24.1,43.99,43.99,19.89
ITM-000006891,ORD-00004997,PRD-00090,1,232.99,113.86,232.99,232.99,119.13
ITM-000006892,ORD-00004998,PRD-00071,2,86.99,31.3,173.98,173.98,111.38
ITM-000006893,ORD-00004999,PRD-00023,1,31.99,14.2,31.99,31.99,17.79
ITM-000006894,ORD-00005000,PRD-00018,2,72.99,37.97,145.98,145.98,70.04
ITM-000006895,ORD-00005000,PRD-00022,1,49.99,20.52,49.99,49.99,29.47
ITM-000006896,ORD-00005001,PRD-00087,1,43.99,24.1,43.99,43.99,19.89
ITM-000006897,ORD-00005001,PRD-00011,1,179.99,102.31,179.99,179.99,77.68
ITM-000006898,ORD-00005001,PRD-00023,1,31.99,14.2,31.99,31.99,17.79
ITM-000006899,ORD-00005002,PRD-00032,1,42.49,17.54,42.49,42.49,24.95
ITM-000006900,ORD-00005003,PRD-00077,1,22.99,8.27,22.99,22.99,14.72
ITM-000006901,ORD-00005004,PRD-00003,1,350.49,212.61,350.49,350.49,137.88
ITM-000006902,ORD-00005005,PRD-00013,1,275.99,176.16,275.99,275.99,99.83
ITM-000006903,ORD-00005005,PRD-00090,1,232.99,113.86,232.99,232.99,119.13
ITM-000006904,ORD-00005006,PRD-00023,1,31.99,14.2,31.99,31.99,17.79
ITM-000006905,ORD-00005007,PRD-00012,1,374.49,207.75,374.49,374.49,166.74
ITM-000006906,ORD-00005008,PRD-00005,1,82.99,47.75,82.99,82.99,35.24
ITM-000006907,ORD-00005008,PRD-00068,1,37.49,12.61,37.49,37.49,24.88
ITM-000006908,ORD-00005009,PRD-00079,2,46.49,15.84,92.98,92.98,61.3
ITM-000006909,ORD-00005010,PRD-00003,1,350.49,212.61,350.49,350.49,137.88
ITM-000006910,ORD-00005011,PRD-00046,1,113.49,52.53,113.49,113.49,60.96
ITM-000006911,ORD-00005012,PRD-00029,1,94.49,33.63,94.49,94.49,60.86
ITM-000006912,ORD-00005012,PRD-00028,1,107.49,45.05,107.49,107.49,62.44
ITM-000006913,ORD-00005013,PRD-00003,1,350.49,212.61,350.49,350.49,137.88
ITM-000006914,ORD-00005014,PRD-00031,2,110.99,51.16,221.98,221.98,119.66
ITM-000006915,ORD-00005014,PRD-00026,1,94.99,41.91,94.99,94.99,53.08
ITM-000006916,ORD-00005015,PRD-00047,1,100.99,42.27,100.99,100.99,58.72
ITM-000006917,ORD-00005015,PRD-00034,1,34.99,12.79,34.99,34.99,22.2
ITM-000006918,ORD-00005015,PRD-00076,2,62.99,25.51,125.98,125.98,74.96
ITM-000006919,ORD-00005016,PRD-00050,1,173.99,93.04,173.99,173.99,80.95
ITM-000006920,ORD-00005017,PRD-00061,1,75.99,20.12,75.99,75.99,55.87
ITM-000006921,ORD-00005018,PRD-00037,1,41.99,15.18,41.99,41.99,26.81
ITM-000006922,ORD-00005019,PRD-00092,1,214.99,101.72,214.99,214.99,113.27
ITM-000006923,ORD-00005020,PRD-00045,1,83.49,36.38,83.49,83.49,47.11
ITM-000006924,ORD-00005021,PRD-00066,1,84.99,33.73,84.99,84.99,51.26
ITM-000006925,ORD-00005022,PRD-00034,1,34.99,12.79,34.99,34.99,22.2
ITM-000006926,ORD-00005023,PRD-00092,2,214.99,101.72,429.98,429.98,226.54
ITM-000006927,ORD-00005024,PRD-00040,2,98.99,45.24,197.98,197.98,107.5
ITM-000006928,ORD-00005024,PRD-00072,1,36.99,11.8,36.99,36.99,25.19
ITM-000006929,ORD-00005025,PRD-00073,1,84.49,28.1,84.49,84.49,56.39
ITM-000006930,ORD-00005026,PRD-00021,1,114.99,46.3,114.99,114.99,68.69
ITM-000006931,ORD-00005027,PRD-00032,1,42.49,17.54,42.49,42.49,24.95
ITM-000006932,ORD-00005028,PRD-00015,2,205.99,123.35,411.98,411.98,165.28
ITM-000006933,ORD-00005029,PRD-00088,1,211.99,101.84,211.99,211.99,110.15
ITM-000006934,ORD-00005029,PRD-00027,1,83.99,34.49,83.99,83.99,49.5
ITM-000006935,ORD-00005029,PRD-00060,2,176.49,84.75,352.98,352.98,183.48
ITM-000006936,ORD-00005030,PRD-00029,1,94.49,33.63,94.49,94.49,60.86
ITM-000006937,ORD-00005031,PRD-00072,1,36.99,11.8,36.99,36.99,25.19
ITM-000006938,ORD-00005032,PRD-00098,1,199.49,113.09,199.49,199.49,86.4
ITM-000006939,ORD-00005032,PRD-00054,1,137.99,68.35,137.99,137.99,69.64
ITM-000006940,ORD-00005032,PRD-00010,1,207.99,120.07,207.99,207.99,87.92
ITM-000006941,ORD-00005033,PRD-00075,1,56.99,20.25,56.99,56.99,36.74
ITM-000006942,ORD-00005034,PRD-00083,2,115.99,58.28,231.98,231.98,115.42
ITM-000006943,ORD-00005035,PRD-00070,2,64.99,25.31,129.98,129.98,79.36
ITM-000006944,ORD-00005036,PRD-00050,2,173.99,93.04,347.98,347.98,161.9
ITM-000006945,ORD-00005037,PRD-00028,1,107.49,45.05,107.49,107.49,62.44
ITM-000006946,ORD-00005038,PRD-00047,1,100.99,42.27,100.99,100.99,58.72
ITM-000006947,ORD-00005038,PRD-00023,2,31.99,14.2,63.98,63.98,35.58
ITM-000006948,ORD-00005039,PRD-00078,1,25.99,9.37,25.99,25.99,16.62
ITM-000006949,ORD-00005039,PRD-00040,1,98.99,45.24,98.99,98.99,53.75
ITM-000006950,ORD-00005040,PRD-00068,1,37.49,12.61,37.49,37.49,24.88
ITM-000006951,ORD-00005041,PRD-00022,1,49.99,20.52,49.99,49.99,29.47
ITM-000006952,ORD-00005042,PRD-00004,1,294.49,168.07,294.49,294.49,126.42
ITM-000006953,ORD-00005043,PRD-00018,1,72.99,37.97,72.99,72.99,35.02
ITM-000006954,ORD-00005044,PRD-00095,1,204.99,100.6,204.99,204.99,104.39
ITM-000006955,ORD-00005044,PRD-00061,1,75.99,20.12,75.99,75.99,55.87
ITM-000006956,ORD-00005044,PRD-00048,1,33.49,15.83,33.49,33.49,17.66
ITM-000006957,ORD-00005045,PRD-00099,3,50.99,27.57,152.97,152.97,70.26
ITM-000006958,ORD-00005045,PRD-00070,1,64.99,25.31,64.99,64.99,39.68
ITM-000006959,ORD-00005045,PRD-00092,1,214.99,101.72,214.99,214.99,113.27
ITM-000006960,ORD-00005046,PRD-00054,1,137.99,68.35,137.99,137.99,69.64
ITM-000006961,ORD-00005046,PRD-00097,1,167.49,87.54,167.49,167.49,79.95
ITM-000006962,ORD-00005047,PRD-00095,1,204.99,100.6,204.99,204.99,104.39
ITM-000006963,ORD-00005048,PRD-00059,1,47.49,23.54,47.49,47.49,23.95
ITM-000006964,ORD-00005049,PRD-00009,1,94.99,52.51,94.99,94.99,42.48
ITM-000006965,ORD-00005050,PRD-00088,1,211.99,101.84,211.99,211.99,110.15
ITM-000006966,ORD-00005051,PRD-00003,1,350.49,212.61,350.49,350.49,137.88
ITM-000006967,ORD-00005051,PRD-00087,1,43.99,24.1,43.99,43.99,19.89
ITM-000006968,ORD-00005052,PRD-00049,1,162.99,86.22,162.99,162.99,76.77
ITM-000006969,ORD-00005052,PRD-00026,3,94.99,41.91,284.97,284.97,159.24
ITM-000006970,ORD-00005052,PRD-00012,1,374.49,207.75,374.49,374.49,166.74
ITM-000006971,ORD-00005053,PRD-00033,1,27.99,11.51,27.99,27.99,16.48
ITM-000006972,ORD-00005054,PRD-00024,1,54.99,26.28,54.99,54.99,28.71
ITM-000006973,ORD-00005054,PRD-00039,1,40.99,18.26,40.99,40.99,22.73
ITM-000006974,ORD-00005055,PRD-00018,1,72.99,37.97,72.99,72.99,35.02
ITM-000006975,ORD-00005055,PRD-00065,1,24.99,5.84,24.99,24.99,19.15
ITM-000006976,ORD-00005055,PRD-00025,2,55.99,23.35,111.98,111.98,65.28
ITM-000006977,ORD-00005056,PRD-00048,1,33.49,15.83,33.49,33.49,17.66
ITM-000006978,ORD-00005056,PRD-00041,1,180.99,84.81,180.99,180.99,96.18
ITM-000006979,ORD-00005057,PRD-00055,2,74.99,31.61,149.98,149.98,86.76
ITM-000006980,ORD-00005058,PRD-00087,1,43.99,24.1,43.99,43.99,19.89
ITM-000006981,ORD-00005058,PRD-00017,1,244.99,144.79,244.99,244.99,100.2
ITM-000006982,ORD-00005059,PRD-00044,1,72.99,36.23,72.99,72.99,36.76
ITM-000006983,ORD-00005060,PRD-00089,1,31.99,18.14,31.99,31.99,13.85
ITM-000006984,ORD-00005061,PRD-00052,1,118.49,48.71,118.49,118.49,69.78
ITM-000006985,ORD-00005062,PRD-00084,1,31.99,15.58,31.99,31.99,16.41
ITM-000006986,ORD-00005062,PRD-00014,1,337.99,200.36,337.99,337.99,137.63
ITM-000006987,ORD-00005063,PRD-00066,1,84.99,33.73,84.99,84.99,51.26
ITM-000006988,ORD-00005064,PRD-00061,2,75.99,20.12,151.98,151.98,111.74
ITM-000006989,ORD-00005065,PRD-00080,1,87.99,32.75,87.99,87.99,55.24
ITM-000006990,ORD-00005066,PRD-00010,1,207.99,120.07,207.99,207.99,87.92
ITM-000006991,ORD-00005067,PRD-00086,1,140.99,72.94,140.99,140.99,68.05
ITM-000006992,ORD-00005068,PRD-00046,1,113.49,52.53,113.49,113.49,60.96
ITM-000006993,ORD-00005069,PRD-00097,1,167.49,87.54,167.49,167.49,79.95
ITM-000006994,ORD-00005070,PRD-00070,2,64.99,25.31,129.98,129.98,79.36
ITM-000006995,ORD-00005071,PRD-00015,1,205.99,123.35,205.99,205.99,82.64
ITM-000006996,ORD-00005071,PRD-00003,2,350.49,212.61,700.98,700.98,275.76
ITM-000006997,ORD-00005071,PRD-00002,1,203.99,113.88,203.99,203.99,90.11
ITM-000006998,ORD-00005072,PRD-00027,3,83.99,34.49,251.97,251.97,148.5
ITM-000006999,ORD-00005073,PRD-00032,2,42.49,17.54,84.98,84.98,49.9
ITM-000007000,ORD-00005074,PRD-00004,1,294.49,168.07,294.49,294.49,126.42
ITM-000007001,ORD-00005074,PRD-00064,1,24.99,6.91,24.99,24.99,18.08
ITM-000007002,ORD-00005075,PRD-00046,1,113.49,52.53,113.49,113.49,60.96
ITM-000007003,ORD-00005076,PRD-00032,1,42.49,17.54,42.49,42.49,24.95
ITM-000007004,ORD-00005076,PRD-00041,1,180.99,84.81,180.99,180.99,96.18
ITM-000007005,ORD-00005076,PRD-00050,2,173.99,93.04,347.98,347.98,161.9
ITM-000007006,ORD-00005077,PRD-00025,1,55.99,23.35,55.99,55.99,32.64
ITM-000007007,ORD-00005078,PRD-00085,1,105.99,56.37,105.99,105.99,49.62
ITM-000007008,ORD-00005079,PRD-00088,1,211.99,101.84,211.99,211.99,110.15
ITM-000007009,ORD-00005079,PRD-00083,1,115.99,58.28,115.99,115.99,57.71
ITM-000007010,ORD-00005079,PRD-00036,1,73.99,30.02,73.99,73.99,43.97
ITM-000007011,ORD-00005080,PRD-00002,1,203.99,113.88,203.99,203.99,90.11
ITM-000007012,ORD-00005080,PRD-00004,1,294.49,168.07,294.49,294.49,126.42
ITM-000007013,ORD-00005080,PRD-00078,1,25.99,9.37,25.99,25.99,16.62
ITM-000007014,ORD-00005081,PRD-00053,1,47.99,23.38,47.99,47.99,24.61
ITM-000007015,ORD-00005082,PRD-00009,2,94.99,52.51,189.98,189.98,84.96
ITM-000007016,ORD-00005083,PRD-00001,2,320.99,176.63,641.98,641.98,288.72
ITM-000007017,ORD-00005084,PRD-00085,1,105.99,56.37,105.99,105.99,49.62
ITM-000007018,ORD-00005085,PRD-00032,2,42.49,17.54,84.98,84.98,49.9
ITM-000007019,ORD-00005086,PRD-00065,1,24.99,5.84,24.99,24.99,19.15
ITM-000007020,ORD-00005087,PRD-00028,1,107.49,45.05,107.49,107.49,62.44
ITM-000007021,ORD-00005087,PRD-00028,1,107.49,45.05,107.49,107.49,62.44
ITM-000007022,ORD-00005088,PRD-00063,1,70.49,27.76,70.49,70.49,42.73
ITM-000007023,ORD-00005089,PRD-00098,1,199.49,113.09,199.49,199.49,86.4
ITM-000007024,ORD-00005090,PRD-00027,1,83.99,34.49,83.99,83.99,49.5
ITM-000007025,ORD-00005091,PRD-00029,1,94.49,33.63,94.49,94.49,60.86
ITM-000007026,ORD-00005092,PRD-00029,3,94.49,33.63,283.47,283.47,182.58
ITM-000007027,ORD-00005093,PRD-00083,1,115.99,58.28,115.99,115.99,57.71
ITM-000007028,ORD-00005093,PRD-00013,1,275.99,176.16,275.99,275.99,99.83
ITM-000007029,ORD-00005093,PRD-00085,2,105.99,56.37,211.98,211.98,99.24
ITM-000007030,ORD-00005094,PRD-00075,1,56.99,20.25,56.99,56.99,36.74
ITM-000007031,ORD-00005095,PRD-00016,1,129.99,78.72,129.99,129.99,51.27
ITM-000007032,ORD-00005096,PRD-00069,1,51.99,14.6,51.99,51.99,37.39
ITM-000007033,ORD-00005097,PRD-00009,1,94.99,52.51,94.99,94.99,42.48
ITM-000007034,ORD-00005098,PRD-00048,1,33.49,15.83,33.49,33.49,17.66
ITM-000007035,ORD-00005098,PRD-00049,1,162.99,86.22,162.99,162.99,76.77
ITM-000007036,ORD-00005098,PRD-00023,1,31.99,14.2,31.99,31.99,17.79
ITM-000007037,ORD-00005099,PRD-00038,1,77.49,36.23,77.49,77.49,41.26
ITM-000007038,ORD-00005100,PRD-00019,2,339.99,208.97,679.98,679.98,262.04
ITM-000007039,ORD-00005101,PRD-00029,1,94.49,33.63,94.49,94.49,60.86
ITM-000007040,ORD-00005101,PRD-00036,1,73.99,30.02,73.99,73.99,43.97
ITM-000007041,ORD-00005102,PRD-00065,2,24.99,5.84,49.98,49.98,38.3
ITM-000007042,ORD-00005103,PRD-00092,1,214.99,101.72,214.99,214.99,113.27
ITM-000007043,ORD-00005104,PRD-00082,1,151.49,68.21,151.49,151.49,83.28
ITM-000007044,ORD-00005105,PRD-00057,3,146.49,75.56,439.47,439.47,212.79
ITM-000007045,ORD-00005106,PRD-00081,1,77.99,39.19,77.99,77.99,38.8
ITM-000007046,ORD-00005107,PRD-00064,2,24.99,6.91,49.98,49.98,36.16
ITM-000007047,ORD-00005108,PRD-00043,1,105.99,49.95,105.99,105.99,56.04
ITM-000007048,ORD-00005109,PRD-00078,2,25.99,9.37,51.98,51.98,33.24
ITM-000007049,ORD-00005110,PRD-00040,1,98.99,45.24,98.99,98.99,53.75
ITM-000007050,ORD-00005111,PRD-00096,3,199.99,116.57,599.97,599.97,250.26
ITM-000007051,ORD-00005112,PRD-00081,1,77.99,39.19,77.99,77.99,38.8
ITM-000007052,ORD-00005112,PRD-00091,1,42.99,22.68,42.99,42.99,20.31
ITM-000007053,ORD-00005113,PRD-00083,1,115.99,58.28,115.99,115.99,57.71
ITM-000007054,ORD-00005114,PRD-00047,1,100.99,42.27,100.99,100.99,58.72
ITM-000007055,ORD-00005115,PRD-00064,1,24.99,6.91,24.99,24.99,18.08
ITM-000007056,ORD-00005116,PRD-00060,1,176.49,84.75,176.49,176.49,91.74
ITM-000007057,ORD-00005116,PRD-00041,1,180.99,84.81,180.99,180.99,96.18
ITM-000007058,ORD-00005117,PRD-00044,2,72.99,36.23,145.98,145.98,73.52
ITM-000007059,ORD-00005118,PRD-00042,1,121.99,52.18,121.99,121.99,69.81
ITM-000007060,ORD-00005119,PRD-00022,1,49.99,20.52,49.99,49.99,29.47
ITM-000007061,ORD-00005120,PRD-00091,2,42.99,22.68,85.98,85.98,40.62
ITM-000007062,ORD-00005120,PRD-00057,3,146.49,75.56,439.47,439.47,212.79
ITM-000007063,ORD-00005120,PRD-00010,1,207.99,120.07,207.99,207.99,87.92
ITM-000007064,ORD-00005121,PRD-00056,1,135.49,71.03,135.49,135.49,64.46
ITM-000007065,ORD-00005121,PRD-00078,3,25.99,9.37,77.97,77.97,49.86
ITM-000007066,ORD-00005122,PRD-00014,1,337.99,200.36,337.99,337.99,137.63
ITM-000007067,ORD-00005123,PRD-00005,1,82.99,47.75,82.99,82.99,35.24
ITM-000007068,ORD-00005124,PRD-00025,1,55.99,23.35,55.99,55.99,32.64
ITM-000007069,ORD-00005125,PRD-00021,1,114.99,46.3,114.99,114.99,68.69
ITM-000007070,ORD-00005125,PRD-00045,1,83.49,36.38,83.49,83.49,47.11
ITM-000007071,ORD-00005126,PRD-00059,1,47.49,23.54,47.49,47.49,23.95
ITM-000007072,ORD-00005126,PRD-00064,1,24.99,6.91,24.99,24.99,18.08
ITM-000007073,ORD-00005126,PRD-00043,1,105.99,49.95,105.99,105.99,56.04
ITM-000007074,ORD-00005127,PRD-00020,1,271.99,147.22,271.99,271.99,124.77
ITM-000007075,ORD-00005127,PRD-00047,1,100.99,42.27,100.99,100.99,58.72
ITM-000007076,ORD-00005127,PRD-00017,1,244.99,144.79,244.99,244.99,100.2
ITM-000007077,ORD-00005128,PRD-00014,1,337.99,200.36,337.99,337.99,137.63
ITM-000007078,ORD-00005129,PRD-00013,1,275.99,176.16,275.99,275.99,99.83
ITM-000007079,ORD-00005130,PRD-00004,1,294.49,168.07,294.49,294.49,126.42
ITM-000007080,ORD-00005130,PRD-00007,1,316.99,172.8,316.99,316.99,144.19
ITM-000007081,ORD-00005131,PRD-00014,1,337.99,200.36,337.99,337.99,137.63
ITM-000007082,ORD-00005132,PRD-00041,1,180.99,84.81,180.99,180.99,96.18
ITM-000007083,ORD-00005133,PRD-00048,1,33.49,15.83,33.49,33.49,17.66
ITM-000007084,ORD-00005133,PRD-00069,1,51.99,14.6,51.99,51.99,37.39
ITM-000007085,ORD-00005133,PRD-00050,1,173.99,93.04,173.99,173.99,80.95
ITM-000007086,ORD-00005134,PRD-00029,1,94.49,33.63,94.49,94.49,60.86
ITM-000007087,ORD-00005135,PRD-00089,1,31.99,18.14,31.99,31.99,13.85
ITM-000007088,ORD-00005136,PRD-00052,1,118.49,48.71,118.49,118.49,69.78
ITM-000007089,ORD-00005137,PRD-00073,1,84.49,28.1,84.49,84.49,56.39
ITM-000007090,ORD-00005138,PRD-00011,1,179.99,102.31,179.99,179.99,77.68
ITM-000007091,ORD-00005138,PRD-00079,1,46.49,15.84,46.49,46.49,30.65
ITM-000007092,ORD-00005139,PRD-00097,1,167.49,87.54,167.49,167.49,79.95
ITM-000007093,ORD-00005140,PRD-00078,1,25.99,9.37,25.99,25.99,16.62
ITM-000007094,ORD-00005141,PRD-00089,1,31.99,18.14,31.99,31.99,13.85
ITM-000007095,ORD-00005141,PRD-00088,2,211.99,101.84,423.98,423.98,220.3
ITM-000007096,ORD-00005141,PRD-00094,1,245.99,110.0,245.99,245.99,135.99
ITM-000007097,ORD-00005142,PRD-00083,1,115.99,58.28,115.99,115.99,57.71
ITM-000007098,ORD-00005143,PRD-00100,1,143.99,66.17,143.99,143.99,77.82
ITM-000007099,ORD-00005144,PRD-00077,1,22.99,8.27,22.99,22.99,14.72
ITM-000007100,ORD-00005144,PRD-00099,1,50.99,27.57,50.99,50.99,23.42
ITM-000007101,ORD-00005145,PRD-00100,1,143.99,66.17,143.99,143.99,77.82
ITM-000007102,ORD-00005146,PRD-00023,1,31.99,14.2,31.99,31.99,17.79
ITM-000007103,ORD-00005147,PRD-00060,1,176.49,84.75,176.49,176.49,91.74
ITM-000007104,ORD-00005148,PRD-00080,1,87.99,32.75,87.99,87.99,55.24
ITM-000007105,ORD-00005149,PRD-00061,1,75.99,20.12,75.99,75.99,55.87
ITM-000007106,ORD-00005149,PRD-00070,1,64.99,25.31,64.99,64.99,39.68
ITM-000007107,ORD-00005150,PRD-00035,1,100.99,39.04,100.99,100.99,61.95
ITM-000007108,ORD-00005151,PRD-00003,1,350.49,212.61,350.49,350.49,137.88
ITM-000007109,ORD-00005152,PRD-00016,1,129.99,78.72,129.99,129.99,51.27
ITM-000007110,ORD-00005153,PRD-00078,1,25.99,9.37,25.99,25.99,16.62
ITM-000007111,ORD-00005153,PRD-00088,1,211.99,101.84,211.99,211.99,110.15
ITM-000007112,ORD-00005153,PRD-00020,1,271.99,147.22,271.99,271.99,124.77
ITM-000007113,ORD-00005154,PRD-00014,1,337.99,200.36,337.99,337.99,137.63
ITM-000007114,ORD-00005155,PRD-00030,1,67.99,29.21,67.99,67.99,38.78
ITM-000007115,ORD-00005156,PRD-00005,1,82.99,47.75,82.99,82.99,35.24
ITM-000007116,ORD-00005156,PRD-00025,1,55.99,23.35,55.99,55.99,32.64
ITM-000007117,ORD-00005157,PRD-00090,1,232.99,113.86,232.99,232.99,119.13
ITM-000007118,ORD-00005158,PRD-00031,1,110.99,51.16,110.99,110.99,59.83
ITM-000007119,ORD-00005159,PRD-00047,1,100.99,42.27,100.99,100.99,58.72
ITM-000007120,ORD-00005160,PRD-00009,1,94.99,52.51,94.99,94.99,42.48
ITM-000007121,ORD-00005160,PRD-00092,1,214.99,101.72,214.99,214.99,113.27
ITM-000007122,ORD-00005160,PRD-00042,2,121.99,52.18,243.98,243.98,139.62
ITM-000007123,ORD-00005161,PRD-00090,1,232.99,113.86,232.99,232.99,119.13
ITM-000007124,ORD-00005162,PRD-00041,1,180.99,84.81,180.99,180.99,96.18
ITM-000007125,ORD-00005163,PRD-00086,1,140.99,72.94,140.99,140.99,68.05
ITM-000007126,ORD-00005163,PRD-00058,1,152.99,69.5,152.99,152.99,83.49
ITM-000007127,ORD-00005164,PRD-00005,1,82.99,47.75,82.99,82.99,35.24
ITM-000007128,ORD-00005165,PRD-00064,3,24.99,6.91,74.97,74.97,54.24
ITM-000007129,ORD-00005166,PRD-00097,1,167.49,87.54,167.49,167.49,79.95
ITM-000007130,ORD-00005167,PRD-00025,1,55.99,23.35,55.99,55.99,32.64
ITM-000007131,ORD-00005167,PRD-00060,1,176.49,84.75,176.49,176.49,91.74
ITM-000007132,ORD-00005168,PRD-00050,1,173.99,93.04,173.99,173.99,80.95
ITM-000007133,ORD-00005169,PRD-00091,1,42.99,22.68,42.99,42.99,20.31
ITM-000007134,ORD-00005169,PRD-00079,1,46.49,15.84,46.49,46.49,30.65
ITM-000007135,ORD-00005170,PRD-00001,1,320.99,176.63,320.99,320.99,144.36
ITM-000007136,ORD-00005170,PRD-00016,1,129.99,78.72,129.99,129.99,51.27
ITM-000007137,ORD-00005171,PRD-00054,1,137.99,68.35,137.99,137.99,69.64
ITM-000007138,ORD-00005172,PRD-00042,1,121.99,52.18,121.99,121.99,69.81
ITM-000007139,ORD-00005173,PRD-00005,1,82.99,47.75,82.99,82.99,35.24
ITM-000007140,ORD-00005174,PRD-00039,1,40.99,18.26,40.99,40.99,22.73
ITM-000007141,ORD-00005175,PRD-00061,2,75.99,20.12,151.98,151.98,111.74
ITM-000007142,ORD-00005176,PRD-00073,1,84.49,28.1,84.49,84.49,56.39
ITM-000007143,ORD-00005177,PRD-00006,1,391.99,223.93,391.99,391.99,168.06
ITM-000007144,ORD-00005177,PRD-00057,2,146.49,75.56,292.98,292.98,141.86
ITM-000007145,ORD-00005178,PRD-00043,1,105.99,49.95,105.99,105.99,56.04
ITM-000007146,ORD-00005179,PRD-00079,2,46.49,15.84,92.98,92.98,61.3
ITM-000007147,ORD-00005180,PRD-00018,1,72.99,37.97,72.99,72.99,35.02
ITM-000007148,ORD-00005181,PRD-00037,1,41.99,15.18,41.99,41.99,26.81
ITM-000007149,ORD-00005181,PRD-00017,1,244.99,144.79,244.99,244.99,100.2
ITM-000007150,ORD-00005182,PRD-00065,1,24.99,5.84,24.99,24.99,19.15
ITM-000007151,ORD-00005182,PRD-00027,1,83.99,34.49,83.99,83.99,49.5
ITM-000007152,ORD-00005183,PRD-00017,1,244.99,144.79,244.99,244.99,100.2
ITM-000007153,ORD-00005184,PRD-00062,1,68.49,27.5,68.49,68.49,40.99
ITM-000007154,ORD-00005185,PRD-00053,2,47.99,23.38,95.98,95.98,49.22
ITM-000007155,ORD-00005186,PRD-00031,1,110.99,51.16,110.99,110.99,59.83
ITM-000007156,ORD-00005186,PRD-00087,2,43.99,24.1,87.98,87.98,39.78
ITM-000007157,ORD-00005187,PRD-00082,1,151.49,68.21,151.49,151.49,83.28
ITM-000007158,ORD-00005187,PRD-00001,1,320.99,176.63,320.99,320.99,144.36
ITM-000007159,ORD-00005188,PRD-00094,1,245.99,110.0,245.99,245.99,135.99
ITM-000007160,ORD-00005189,PRD-00077,1,22.99,8.27,22.99,22.99,14.72
ITM-000007161,ORD-00005190,PRD-00042,3,121.99,52.18,365.97,365.97,209.43
ITM-000007162,ORD-00005191,PRD-00084,1,31.99,15.58,31.99,31.99,16.41
ITM-000007163,ORD-00005192,PRD-00097,1,167.49,87.54,167.49,167.49,79.95
ITM-000007164,ORD-00005193,PRD-00065,1,24.99,5.84,24.99,24.99,19.15
ITM-000007165,ORD-00005194,PRD-00068,1,37.49,12.61,37.49,37.49,24.88
ITM-000007166,ORD-00005194,PRD-00095,1,204.99,100.6,204.99,204.99,104.39
ITM-000007167,ORD-00005195,PRD-00035,1,100.99,39.04,100.99,100.99,61.95
ITM-000007168,ORD-00005196,PRD-00001,1,320.99,176.63,320.99,320.99,144.36
ITM-000007169,ORD-00005197,PRD-00032,1,42.49,17.54,42.49,42.49,24.95
ITM-000007170,ORD-00005198,PRD-00042,1,121.99,52.18,121.99,121.99,69.81
ITM-000007171,ORD-00005198,PRD-00062,1,68.49,27.5,68.49,68.49,40.99
ITM-000007172,ORD-00005199,PRD-00039,1,40.99,18.26,40.99,40.99,22.73
ITM-000007173,ORD-00005200,PRD-00052,1,118.49,48.71,118.49,118.49,69.78
ITM-000007174,ORD-00005201,PRD-00018,1,72.99,37.97,72.99,72.99,35.02
ITM-000007175,ORD-00005202,PRD-00082,1,151.49,68.21,151.49,151.49,83.28
ITM-000007176,ORD-00005202,PRD-00006,2,391.99,223.93,783.98,783.98,336.12
ITM-000007177,ORD-00005203,PRD-00027,1,83.99,34.49,83.99,83.99,49.5
ITM-000007178,ORD-00005204,PRD-00072,1,36.99,11.8,36.99,36.99,25.19
ITM-000007179,ORD-00005205,PRD-00015,1,205.99,123.35,205.99,205.99,82.64
ITM-000007180,ORD-00005205,PRD-00089,2,31.99,18.14,63.98,63.98,27.7
ITM-000007181,ORD-00005206,PRD-00051,1,52.99,21.94,52.99,52.99,31.05
ITM-000007182,ORD-00005206,PRD-00088,1,211.99,101.84,211.99,211.99,110.15
ITM-000007183,ORD-00005207,PRD-00046,2,113.49,52.53,226.98,226.98,121.92
ITM-000007184,ORD-00005207,PRD-00089,1,31.99,18.14,31.99,31.99,13.85
ITM-000007185,ORD-00005207,PRD-00086,1,140.99,72.94,140.99,140.99,68.05
ITM-000007186,ORD-00005208,PRD-00012,1,374.49,207.75,374.49,374.49,166.74
ITM-000007187,ORD-00005208,PRD-00032,1,42.49,17.54,42.49,42.49,24.95
ITM-000007188,ORD-00005208,PRD-00040,1,98.99,45.24,98.99,98.99,53.75
ITM-000007189,ORD-00005209,PRD-00050,2,173.99,93.04,347.98,347.98,161.9
ITM-000007190,ORD-00005210,PRD-00061,1,75.99,20.12,75.99,75.99,55.87
ITM-000007191,ORD-00005210,PRD-00010,1,207.99,120.07,207.99,207.99,87.92
ITM-000007192,ORD-00005211,PRD-00010,1,207.99,120.07,207.99,207.99,87.92
ITM-000007193,ORD-00005212,PRD-00060,1,176.49,84.75,176.49,176.49,91.74
ITM-000007194,ORD-00005212,PRD-00043,1,105.99,49.95,105.99,105.99,56.04
ITM-000007195,ORD-00005212,PRD-00099,1,50.99,27.57,50.99,50.99,23.42
ITM-000007196,ORD-00005213,PRD-00066,1,84.99,33.73,84.99,84.99,51.26
ITM-000007197,ORD-00005214,PRD-00031,1,110.99,51.16,110.99,110.99,59.83
ITM-000007198,ORD-00005214,PRD-00053,1,47.99,23.38,47.99,47.99,24.61
ITM-000007199,ORD-00005215,PRD-00075,1,56.99,20.25,56.99,56.99,36.74
ITM-000007200,ORD-00005216,PRD-00020,1,271.99,147.22,271.99,271.99,124.77
ITM-000007201,ORD-00005217,PRD-00088,1,211.99,101.84,211.99,211.99,110.15
ITM-000007202,ORD-00005218,PRD-00081,1,77.99,39.19,77.99,77.99,38.8
ITM-000007203,ORD-00005219,PRD-00038,1,77.49,36.23,77.49,77.49,41.26
ITM-000007204,ORD-00005220,PRD-00018,1,72.99,37.97,72.99,72.99,35.02
ITM-000007205,ORD-00005220,PRD-00074,1,16.99,6.2,16.99,16.99,10.79
ITM-000007206,ORD-00005221,PRD-00086,1,140.99,72.94,140.99,140.99,68.05
ITM-000007207,ORD-00005222,PRD-00084,1,31.99,15.58,31.99,31.99,16.41
ITM-000007208,ORD-00005223,PRD-00085,2,105.99,56.37,211.98,211.98,99.24
ITM-000007209,ORD-00005224,PRD-00086,1,140.99,72.94,140.99,140.99,68.05
ITM-000007210,ORD-00005225,PRD-00029,1,94.49,33.63,94.49,94.49,60.86
ITM-000007211,ORD-00005226,PRD-00013,1,275.99,176.16,275.99,275.99,99.83
ITM-000007212,ORD-00005226,PRD-00029,1,94.49,33.63,94.49,94.49,60.86
ITM-000007213,ORD-00005227,PRD-00024,1,54.99,26.28,54.99,54.99,28.71
ITM-000007214,ORD-00005228,PRD-00078,1,25.99,9.37,25.99,25.99,16.62
ITM-000007215,ORD-00005229,PRD-00023,1,31.99,14.2,31.99,31.99,17.79
ITM-000007216,ORD-00005230,PRD-00019,1,339.99,208.97,339.99,339.99,131.02
ITM-000007217,ORD-00005231,PRD-00070,2,64.99,25.31,129.98,129.98,79.36
ITM-000007218,ORD-00005232,PRD-00039,1,40.99,18.26,40.99,40.99,22.73
ITM-000007219,ORD-00005233,PRD-00086,2,140.99,72.94,281.98,281.98,136.1
ITM-000007220,ORD-00005234,PRD-00069,1,51.99,14.6,51.99,51.99,37.39
ITM-000007221,ORD-00005235,PRD-00008,2,325.99,186.16,651.98,651.98,279.66
ITM-000007222,ORD-00005235,PRD-00018,1,72.99,37.97,72.99,72.99,35.02
ITM-000007223,ORD-00005236,PRD-00043,1,105.99,49.95,105.99,105.99,56.04
ITM-000007224,ORD-00005237,PRD-00025,1,55.99,23.35,55.99,55.99,32.64
ITM-000007225,ORD-00005237,PRD-00091,1,42.99,22.68,42.99,42.99,20.31
ITM-000007226,ORD-00005238,PRD-00016,1,129.99,78.72,129.99,129.99,51.27
ITM-000007227,ORD-00005239,PRD-00085,2,105.99,56.37,211.98,211.98,99.24
ITM-000007228,ORD-00005240,PRD-00025,1,55.99,23.35,55.99,55.99,32.64
ITM-000007229,ORD-00005241,PRD-00062,1,68.49,27.5,68.49,68.49,40.99
ITM-000007230,ORD-00005242,PRD-00050,1,173.99,93.04,173.99,173.99,80.95
ITM-000007231,ORD-00005243,PRD-00044,2,72.99,36.23,145.98,145.98,73.52
ITM-000007232,ORD-00005244,PRD-00003,1,350.49,212.61,350.49,350.49,137.88
ITM-000007233,ORD-00005244,PRD-00032,1,42.49,17.54,42.49,42.49,24.95
ITM-000007234,ORD-00005245,PRD-00023,1,31.99,14.2,31.99,31.99,17.79
ITM-000007235,ORD-00005245,PRD-00021,1,114.99,46.3,114.99,114.99,68.69
ITM-000007236,ORD-00005246,PRD-00022,1,49.99,20.52,49.99,49.99,29.47
ITM-000007237,ORD-00005246,PRD-00006,1,391.99,223.93,391.99,391.99,168.06
ITM-000007238,ORD-00005247,PRD-00100,3,143.99,66.17,431.97,431.97,233.46
ITM-000007239,ORD-00005248,PRD-00049,1,162.99,86.22,162.99,162.99,76.77
ITM-000007240,ORD-00005249,PRD-00029,1,94.49,33.63,94.49,94.49,60.86
ITM-000007241,ORD-00005250,PRD-00089,1,31.99,18.14,31.99,31.99,13.85
ITM-000007242,ORD-00005251,PRD-00098,1,199.49,113.09,199.49,199.49,86.4
ITM-000007243,ORD-00005252,PRD-00016,2,129.99,78.72,259.98,259.98,102.54
ITM-000007244,ORD-00005253,PRD-00064,1,24.99,6.91,24.99,24.99,18.08
ITM-000007245,ORD-00005254,PRD-00063,1,70.49,27.76,70.49,70.49,42.73
ITM-000007246,ORD-00005254,PRD-00090,1,232.99,113.86,232.99,232.99,119.13
ITM-000007247,ORD-00005254,PRD-00016,1,129.99,78.72,129.99,129.99,51.27
ITM-000007248,ORD-00005255,PRD-00100,1,143.99,66.17,143.99,143.99,77.82
ITM-000007249,ORD-00005255,PRD-00099,1,50.99,27.57,50.99,50.99,23.42
ITM-000007250,ORD-00005255,PRD-00039,1,40.99,18.26,40.99,40.99,22.73
ITM-000007251,ORD-00005256,PRD-00064,1,24.99,6.91,24.99,24.99,18.08
ITM-000007252,ORD-00005256,PRD-00001,2,320.99,176.63,641.98,641.98,288.72
ITM-000007253,ORD-00005257,PRD-00060,1,176.49,84.75,176.49,176.49,91.74
ITM-000007254,ORD-00005258,PRD-00089,1,31.99,18.14,31.99,31.99,13.85
ITM-000007255,ORD-00005259,PRD-00077,1,22.99,8.27,22.99,22.99,14.72
ITM-000007256,ORD-00005259,PRD-00097,1,167.49,87.54,167.49,167.49,79.95
ITM-000007257,ORD-00005260,PRD-00023,1,31.99,14.2,31.99,31.99,17.79
ITM-000007258,ORD-00005261,PRD-00027,1,83.99,34.49,83.99,83.99,49.5
ITM-000007259,ORD-00005262,PRD-00080,1,87.99,32.75,87.99,87.99,55.24
ITM-000007260,ORD-00005263,PRD-00083,1,115.99,58.28,115.99,115.99,57.71
ITM-000007261,ORD-00005263,PRD-00049,1,162.99,86.22,162.99,162.99,76.77
ITM-000007262,ORD-00005264,PRD-00088,1,211.99,101.84,211.99,211.99,110.15
ITM-000007263,ORD-00005265,PRD-00045,1,83.49,36.38,83.49,83.49,47.11
ITM-000007264,ORD-00005266,PRD-00055,1,74.99,31.61,74.99,74.99,43.38
ITM-000007265,ORD-00005266,PRD-00033,3,27.99,11.51,83.97,83.97,49.44
ITM-000007266,ORD-00005266,PRD-00056,1,135.49,71.03,135.49,135.49,64.46
ITM-000007267,ORD-00005267,PRD-00084,1,31.99,15.58,31.99,31.99,16.41
ITM-000007268,ORD-00005268,PRD-00035,1,100.99,39.04,100.99,100.99,61.95
ITM-000007269,ORD-00005269,PRD-00087,1,43.99,24.1,43.99,43.99,19.89
ITM-000007270,ORD-00005270,PRD-00081,1,77.99,39.19,77.99,77.99,38.8
ITM-000007271,ORD-00005271,PRD-00002,1,203.99,113.88,203.99,203.99,90.11
ITM-000007272,ORD-00005272,PRD-00052,1,118.49,48.71,118.49,118.49,69.78
ITM-000007273,ORD-00005273,PRD-00019,1,339.99,208.97,339.99,339.99,131.02
ITM-000007274,ORD-00005274,PRD-00006,1,391.99,223.93,391.99,391.99,168.06
ITM-000007275,ORD-00005274,PRD-00073,1,84.49,28.1,84.49,84.49,56.39
ITM-000007276,ORD-00005275,PRD-00001,1,320.99,176.63,320.99,320.99,144.36
ITM-000007277,ORD-00005276,PRD-00084,1,31.99,15.58,31.99,31.99,16.41
ITM-000007278,ORD-00005277,PRD-00043,1,105.99,49.95,105.99,105.99,56.04
ITM-000007279,ORD-00005278,PRD-00091,1,42.99,22.68,42.99,42.99,20.31
ITM-000007280,ORD-00005279,PRD-00024,2,54.99,26.28,109.98,109.98,57.42
ITM-000007281,ORD-00005280,PRD-00043,1,105.99,49.95,105.99,105.99,56.04
ITM-000007282,ORD-00005280,PRD-00033,1,27.99,11.51,27.99,27.99,16.48
ITM-000007283,ORD-00005281,PRD-00080,1,87.99,32.75,87.99,87.99,55.24
ITM-000007284,ORD-00005281,PRD-00004,1,294.49,168.07,294.49,294.49,126.42
ITM-000007285,ORD-00005282,PRD-00063,1,70.49,27.76,70.49,70.49,42.73
ITM-000007286,ORD-00005283,PRD-00009,1,94.99,52.51,94.99,94.99,42.48
ITM-000007287,ORD-00005283,PRD-00043,1,105.99,49.95,105.99,105.99,56.04
ITM-000007288,ORD-00005284,PRD-00072,2,36.99,11.8,73.98,73.98,50.38
ITM-000007289,ORD-00005284,PRD-00059,1,47.49,23.54,47.49,47.49,23.95
ITM-000007290,ORD-00005284,PRD-00047,1,100.99,42.27,100.99,100.99,58.72
ITM-000007291,ORD-00005285,PRD-00049,1,162.99,86.22,162.99,162.99,76.77
ITM-000007292,ORD-00005286,PRD-00006,2,391.99,223.93,783.98,783.98,336.12
ITM-000007293,ORD-00005286,PRD-00038,1,77.49,36.23,77.49,77.49,41.26
ITM-000007294,ORD-00005287,PRD-00046,1,113.49,52.53,113.49,113.49,60.96
ITM-000007295,ORD-00005288,PRD-00030,1,67.99,29.21,67.99,67.99,38.78
ITM-000007296,ORD-00005288,PRD-00065,1,24.99,5.84,24.99,24.99,19.15
ITM-000007297,ORD-00005288,PRD-00034,1,34.99,12.79,34.99,34.99,22.2
ITM-000007298,ORD-00005289,PRD-00078,1,25.99,9.37,25.99,25.99,16.62
ITM-000007299,ORD-00005290,PRD-00061,1,75.99,20.12,75.99,75.99,55.87
ITM-000007300,ORD-00005291,PRD-00070,1,64.99,25.31,64.99,64.99,39.68
ITM-000007301,ORD-00005291,PRD-00055,2,74.99,31.61,149.98,149.98,86.76
ITM-000007302,ORD-00005292,PRD-00092,1,214.99,101.72,214.99,214.99,113.27
ITM-000007303,ORD-00005293,PRD-00034,2,34.99,12.79,69.98,69.98,44.4
ITM-000007304,ORD-00005294,PRD-00064,1,24.99,6.91,24.99,24.99,18.08
ITM-000007305,ORD-00005295,PRD-00022,1,49.99,20.52,49.99,49.99,29.47
ITM-000007306,ORD-00005296,PRD-00032,1,42.49,17.54,42.49,42.49,24.95
ITM-000007307,ORD-00005297,PRD-00023,2,31.99,14.2,63.98,63.98,35.58
ITM-000007308,ORD-00005298,PRD-00034,1,34.99,12.79,34.99,34.99,22.2
ITM-000007309,ORD-00005298,PRD-00022,1,49.99,20.52,49.99,49.99,29.47
ITM-000007310,ORD-00005299,PRD-00013,1,275.99,176.16,275.99,275.99,99.83
ITM-000007311,ORD-00005300,PRD-00082,1,151.49,68.21,151.49,151.49,83.28
ITM-000007312,ORD-00005301,PRD-00050,1,173.99,93.04,173.99,173.99,80.95
ITM-000007313,ORD-00005302,PRD-00086,3,140.99,72.94,422.97,422.97,204.15
ITM-000007314,ORD-00005302,PRD-00034,2,34.99,12.79,69.98,69.98,44.4
ITM-000007315,ORD-00005303,PRD-00023,1,31.99,14.2,31.99,31.99,17.79
ITM-000007316,ORD-00005304,PRD-00013,1,275.99,176.16,275.99,275.99,99.83
ITM-000007317,ORD-00005305,PRD-00002,1,203.99,113.88,203.99,203.99,90.11
ITM-000007318,ORD-00005305,PRD-00098,2,199.49,113.09,398.98,398.98,172.8
ITM-000007319,ORD-00005305,PRD-00006,1,391.99,223.93,391.99,391.99,168.06
ITM-000007320,ORD-00005306,PRD-00036,1,73.99,30.02,73.99,73.99,43.97
ITM-000007321,ORD-00005306,PRD-00005,1,82.99,47.75,82.99,82.99,35.24
ITM-000007322,ORD-00005307,PRD-00035,1,100.99,39.04,100.99,100.99,61.95
ITM-000007323,ORD-00005308,PRD-00081,1,77.99,39.19,77.99,77.99,38.8
ITM-000007324,ORD-00005308,PRD-00029,1,94.49,33.63,94.49,94.49,60.86
ITM-000007325,ORD-00005309,PRD-00028,1,107.49,45.05,107.49,107.49,62.44
ITM-000007326,ORD-00005310,PRD-00047,1,100.99,42.27,100.99,100.99,58.72
ITM-000007327,ORD-00005310,PRD-00053,2,47.99,23.38,95.98,95.98,49.22
ITM-000007328,ORD-00005310,PRD-00088,1,211.99,101.84,211.99,211.99,110.15
ITM-000007329,ORD-00005311,PRD-00042,1,121.99,52.18,121.99,121.99,69.81
ITM-000007330,ORD-00005312,PRD-00064,1,24.99,6.91,24.99,24.99,18.08
ITM-000007331,ORD-00005313,PRD-00053,1,47.99,23.38,47.99,47.99,24.61
ITM-000007332,ORD-00005314,PRD-00052,2,118.49,48.71,236.98,236.98,139.56
ITM-000007333,ORD-00005315,PRD-00074,1,16.99,6.2,16.99,16.99,10.79
ITM-000007334,ORD-00005316,PRD-00078,1,25.99,9.37,25.99,25.99,16.62
ITM-000007335,ORD-00005317,PRD-00051,1,52.99,21.94,52.99,52.99,31.05
ITM-000007336,ORD-00005318,PRD-00088,1,211.99,101.84,211.99,211.99,110.15
ITM-000007337,ORD-00005319,PRD-00087,1,43.99,24.1,43.99,43.99,19.89
ITM-000007338,ORD-00005320,PRD-00080,1,87.99,32.75,87.99,87.99,55.24
ITM-000007339,ORD-00005321,PRD-00039,1,40.99,18.26,40.99,40.99,22.73
ITM-000007340,ORD-00005322,PRD-00018,1,72.99,37.97,72.99,72.99,35.02
ITM-000007341,ORD-00005323,PRD-00041,1,180.99,84.81,180.99,180.99,96.18
ITM-000007342,ORD-00005324,PRD-00060,1,176.49,84.75,176.49,176.49,91.74
ITM-000007343,ORD-00005325,PRD-00062,1,68.49,27.5,68.49,68.49,40.99
ITM-000007344,ORD-00005325,PRD-00058,1,152.99,69.5,152.99,152.99,83.49
ITM-000007345,ORD-00005326,PRD-00094,1,245.99,110.0,245.99,245.99,135.99
ITM-000007346,ORD-00005327,PRD-00035,1,100.99,39.04,100.99,100.99,61.95
ITM-000007347,ORD-00005327,PRD-00083,1,115.99,58.28,115.99,115.99,57.71
ITM-000007348,ORD-00005327,PRD-00027,1,83.99,34.49,83.99,83.99,49.5
ITM-000007349,ORD-00005328,PRD-00065,1,24.99,5.84,24.99,24.99,19.15
ITM-000007350,ORD-00005328,PRD-00051,1,52.99,21.94,52.99,52.99,31.05
ITM-000007351,ORD-00005329,PRD-00007,1,316.99,172.8,316.99,316.99,144.19
ITM-000007352,ORD-00005330,PRD-00091,1,42.99,22.68,42.99,42.99,20.31
ITM-000007353,ORD-00005330,PRD-00066,1,84.99,33.73,84.99,84.99,51.26
ITM-000007354,ORD-00005330,PRD-00081,1,77.99,39.19,77.99,77.99,38.8
ITM-000007355,ORD-00005331,PRD-00081,2,77.99,39.19,155.98,155.98,77.6
ITM-000007356,ORD-00005332,PRD-00039,1,40.99,18.26,40.99,40.99,22.73
ITM-000007357,ORD-00005332,PRD-00023,1,31.99,14.2,31.99,31.99,17.79
ITM-000007358,ORD-00005332,PRD-00024,1,54.99,26.28,54.99,54.99,28.71
ITM-000007359,ORD-00005333,PRD-00061,1,75.99,20.12,75.99,75.99,55.87
ITM-000007360,ORD-00005334,PRD-00006,1,391.99,223.93,391.99,391.99,168.06
ITM-000007361,ORD-00005335,PRD-00100,1,143.99,66.17,143.99,143.99,77.82
ITM-000007362,ORD-00005336,PRD-00081,3,77.99,39.19,233.97,233.97,116.4
ITM-000007363,ORD-00005337,PRD-00072,1,36.99,11.8,36.99,36.99,25.19
ITM-000007364,ORD-00005338,PRD-00049,3,162.99,86.22,488.97,488.97,230.31
ITM-000007365,ORD-00005338,PRD-00083,1,115.99,58.28,115.99,115.99,57.71
ITM-000007366,ORD-00005339,PRD-00045,1,83.49,36.38,83.49,83.49,47.11
ITM-000007367,ORD-00005340,PRD-00100,1,143.99,66.17,143.99,143.99,77.82
ITM-000007368,ORD-00005341,PRD-00053,1,47.99,23.38,47.99,47.99,24.61
ITM-000007369,ORD-00005341,PRD-00012,1,374.49,207.75,374.49,374.49,166.74
ITM-000007370,ORD-00005342,PRD-00048,1,33.49,15.83,33.49,33.49,17.66
ITM-000007371,ORD-00005343,PRD-00078,1,25.99,9.37,25.99,25.99,16.62
ITM-000007372,ORD-00005344,PRD-00078,1,25.99,9.37,25.99,25.99,16.62
ITM-000007373,ORD-00005345,PRD-00013,1,275.99,176.16,275.99,275.99,99.83
ITM-000007374,ORD-00005346,PRD-00025,1,55.99,23.35,55.99,55.99,32.64
ITM-000007375,ORD-00005347,PRD-00052,1,118.49,48.71,118.49,118.49,69.78
ITM-000007376,ORD-00005347,PRD-00044,1,72.99,36.23,72.99,72.99,36.76
ITM-000007377,ORD-00005347,PRD-00098,3,199.49,113.09,598.47,598.47,259.2
ITM-000007378,ORD-00005348,PRD-00012,1,374.49,207.75,374.49,374.49,166.74
ITM-000007379,ORD-00005348,PRD-00031,1,110.99,51.16,110.99,110.99,59.83
ITM-000007380,ORD-00005349,PRD-00083,2,115.99,58.28,231.98,231.98,115.42
ITM-000007381,ORD-00005349,PRD-00044,1,72.99,36.23,72.99,72.99,36.76
ITM-000007382,ORD-00005350,PRD-00090,1,232.99,113.86,232.99,232.99,119.13
ITM-000007383,ORD-00005350,PRD-00066,1,84.99,33.73,84.99,84.99,51.26
ITM-000007384,ORD-00005351,PRD-00084,1,31.99,15.58,31.99,31.99,16.41
ITM-000007385,ORD-00005352,PRD-00027,1,83.99,34.49,83.99,83.99,49.5
ITM-000007386,ORD-00005353,PRD-00024,1,54.99,26.28,54.99,54.99,28.71
ITM-000007387,ORD-00005354,PRD-00089,1,31.99,18.14,31.99,31.99,13.85
ITM-000007388,ORD-00005355,PRD-00022,1,49.99,20.52,49.99,49.99,29.47
ITM-000007389,ORD-00005356,PRD-00074,2,16.99,6.2,33.98,33.98,21.58
ITM-000007390,ORD-00005357,PRD-00045,1,83.49,36.38,83.49,83.49,47.11
ITM-000007391,ORD-00005358,PRD-00016,3,129.99,78.72,389.97,389.97,153.81
ITM-000007392,ORD-00005359,PRD-00037,1,41.99,15.18,41.99,41.99,26.81
ITM-000007393,ORD-00005360,PRD-00048,1,33.49,15.83,33.49,33.49,17.66
ITM-000007394,ORD-00005360,PRD-00031,2,110.99,51.16,221.98,221.98,119.66
ITM-000007395,ORD-00005361,PRD-00056,1,135.49,71.03,135.49,135.49,64.46
ITM-000007396,ORD-00005362,PRD-00050,1,173.99,93.04,173.99,173.99,80.95
ITM-000007397,ORD-00005363,PRD-00070,1,64.99,25.31,64.99,64.99,39.68
ITM-000007398,ORD-00005364,PRD-00091,2,42.99,22.68,85.98,85.98,40.62
ITM-000007399,ORD-00005365,PRD-00059,1,47.49,23.54,47.49,47.49,23.95
ITM-000007400,ORD-00005366,PRD-00026,1,94.99,41.91,94.99,94.99,53.08
ITM-000007401,ORD-00005366,PRD-00015,1,205.99,123.35,205.99,205.99,82.64
ITM-000007402,ORD-00005367,PRD-00077,1,22.99,8.27,22.99,22.99,14.72
ITM-000007403,ORD-00005367,PRD-00031,1,110.99,51.16,110.99,110.99,59.83
ITM-000007404,ORD-00005368,PRD-00096,1,199.99,116.57,199.99,199.99,83.42
ITM-000007405,ORD-00005369,PRD-00058,1,152.99,69.5,152.99,152.99,83.49
ITM-000007406,ORD-00005369,PRD-00014,1,337.99,200.36,337.99,337.99,137.63
ITM-000007407,ORD-00005370,PRD-00004,1,294.49,168.07,294.49,294.49,126.42
ITM-000007408,ORD-00005371,PRD-00035,1,100.99,39.04,100.99,100.99,61.95
ITM-000007409,ORD-00005372,PRD-00076,1,62.99,25.51,62.99,62.99,37.48
ITM-000007410,ORD-00005372,PRD-00031,1,110.99,51.16,110.99,110.99,59.83
ITM-000007411,ORD-00005373,PRD-00072,2,36.99,11.8,73.98,73.98,50.38
ITM-000007412,ORD-00005374,PRD-00093,1,227.99,111.71,227.99,227.99,116.28
ITM-000007413,ORD-00005375,PRD-00023,1,31.99,14.2,31.99,31.99,17.79
ITM-000007414,ORD-00005376,PRD-00018,1,72.99,37.97,72.99,72.99,35.02
ITM-000007415,ORD-00005376,PRD-00003,1,350.49,212.61,350.49,350.49,137.88
ITM-000007416,ORD-00005376,PRD-00079,1,46.49,15.84,46.49,46.49,30.65
ITM-000007417,ORD-00005377,PRD-00037,1,41.99,15.18,41.99,41.99,26.81
ITM-000007418,ORD-00005378,PRD-00084,1,31.99,15.58,31.99,31.99,16.41
ITM-000007419,ORD-00005379,PRD-00023,1,31.99,14.2,31.99,31.99,17.79
ITM-000007420,ORD-00005379,PRD-00021,1,114.99,46.3,114.99,114.99,68.69
ITM-000007421,ORD-00005379,PRD-00072,1,36.99,11.8,36.99,36.99,25.19
ITM-000007422,ORD-00005380,PRD-00059,1,47.49,23.54,47.49,47.49,23.95
ITM-000007423,ORD-00005381,PRD-00050,1,173.99,93.04,173.99,173.99,80.95
ITM-000007424,ORD-00005381,PRD-00083,1,115.99,58.28,115.99,115.99,57.71
ITM-000007425,ORD-00005382,PRD-00077,1,22.99,8.27,22.99,22.99,14.72
ITM-000007426,ORD-00005383,PRD-00078,1,25.99,9.37,25.99,25.99,16.62
ITM-000007427,ORD-00005384,PRD-00099,1,50.99,27.57,50.99,50.99,23.42
ITM-000007428,ORD-00005384,PRD-00088,2,211.99,101.84,423.98,423.98,220.3
ITM-000007429,ORD-00005385,PRD-00064,1,24.99,6.91,24.99,24.99,18.08
ITM-000007430,ORD-00005386,PRD-00079,1,46.49,15.84,46.49,46.49,30.65
ITM-000007431,ORD-00005387,PRD-00066,1,84.99,33.73,84.99,84.99,51.26
ITM-000007432,ORD-00005388,PRD-00093,1,227.99,111.71,227.99,227.99,116.28
ITM-000007433,ORD-00005389,PRD-00021,1,114.99,46.3,114.99,114.99,68.69
ITM-000007434,ORD-00005390,PRD-00014,1,337.99,200.36,337.99,337.99,137.63
ITM-000007435,ORD-00005391,PRD-00036,1,73.99,30.02,73.99,73.99,43.97
ITM-000007436,ORD-00005392,PRD-00028,1,107.49,45.05,107.49,107.49,62.44
ITM-000007437,ORD-00005392,PRD-00097,1,167.49,87.54,167.49,167.49,79.95
ITM-000007438,ORD-00005393,PRD-00038,1,77.49,36.23,77.49,77.49,41.26
ITM-000007439,ORD-00005394,PRD-00004,1,294.49,168.07,294.49,294.49,126.42
ITM-000007440,ORD-00005394,PRD-00089,1,31.99,18.14,31.99,31.99,13.85
ITM-000007441,ORD-00005394,PRD-00017,2,244.99,144.79,489.98,489.98,200.4
ITM-000007442,ORD-00005395,PRD-00070,2,64.99,25.31,129.98,129.98,79.36
ITM-000007443,ORD-00005396,PRD-00093,2,227.99,111.71,455.98,455.98,232.56
ITM-000007444,ORD-00005397,PRD-00092,1,214.99,101.72,214.99,214.99,113.27
ITM-000007445,ORD-00005398,PRD-00013,1,275.99,176.16,275.99,275.99,99.83
ITM-000007446,ORD-00005399,PRD-00036,1,73.99,30.02,73.99,73.99,43.97
ITM-000007447,ORD-00005400,PRD-00095,3,204.99,100.6,614.97,614.97,313.17
ITM-000007448,ORD-00005401,PRD-00028,1,107.49,45.05,107.49,107.49,62.44
ITM-000007449,ORD-00005402,PRD-00058,3,152.99,69.5,458.97,458.97,250.47
ITM-000007450,ORD-00005402,PRD-00065,1,24.99,5.84,24.99,24.99,19.15
ITM-000007451,ORD-00005403,PRD-00013,1,275.99,176.16,275.99,275.99,99.83
ITM-000007452,ORD-00005404,PRD-00037,1,41.99,15.18,41.99,41.99,26.81
ITM-000007453,ORD-00005405,PRD-00069,1,51.99,14.6,51.99,51.99,37.39
ITM-000007454,ORD-00005406,PRD-00055,1,74.99,31.61,74.99,74.99,43.38
ITM-000007455,ORD-00005407,PRD-00033,1,27.99,11.51,27.99,27.99,16.48
ITM-000007456,ORD-00005408,PRD-00074,1,16.99,6.2,16.99,16.99,10.79
ITM-000007457,ORD-00005409,PRD-00093,1,227.99,111.71,227.99,227.99,116.28
ITM-000007458,ORD-00005410,PRD-00078,1,25.99,9.37,25.99,25.99,16.62
ITM-000007459,ORD-00005410,PRD-00037,1,41.99,15.18,41.99,41.99,26.81
ITM-000007460,ORD-00005411,PRD-00075,1,56.99,20.25,56.99,56.99,36.74
ITM-000007461,ORD-00005412,PRD-00002,1,203.99,113.88,203.99,203.99,90.11
ITM-000007462,ORD-00005412,PRD-00074,1,16.99,6.2,16.99,16.99,10.79
ITM-000007463,ORD-00005413,PRD-00048,1,33.49,15.83,33.49,33.49,17.66
ITM-000007464,ORD-00005414,PRD-00009,2,94.99,52.51,189.98,189.98,84.96
ITM-000007465,ORD-00005415,PRD-00001,1,320.99,176.63,320.99,320.99,144.36
ITM-000007466,ORD-00005416,PRD-00073,1,84.49,28.1,84.49,84.49,56.39
ITM-000007467,ORD-00005416,PRD-00013,1,275.99,176.16,275.99,275.99,99.83
ITM-000007468,ORD-00005417,PRD-00063,3,70.49,27.76,211.47,211.47,128.19
ITM-000007469,ORD-00005418,PRD-00019,1,339.99,208.97,339.99,339.99,131.02
ITM-000007470,ORD-00005418,PRD-00090,1,232.99,113.86,232.99,232.99,119.13
ITM-000007471,ORD-00005418,PRD-00052,1,118.49,48.71,118.49,118.49,69.78
ITM-000007472,ORD-00005419,PRD-00080,1,87.99,32.75,87.99,87.99,55.24
ITM-000007473,ORD-00005420,PRD-00075,1,56.99,20.25,56.99,56.99,36.74
ITM-000007474,ORD-00005421,PRD-00090,1,232.99,113.86,232.99,232.99,119.13
ITM-000007475,ORD-00005422,PRD-00087,1,43.99,24.1,43.99,43.99,19.89
ITM-000007476,ORD-00005423,PRD-00040,1,98.99,45.24,98.99,98.99,53.75
ITM-000007477,ORD-00005423,PRD-00020,2,271.99,147.22,543.98,543.98,249.54
ITM-000007478,ORD-00005424,PRD-00097,1,167.49,87.54,167.49,167.49,79.95
ITM-000007479,ORD-00005425,PRD-00037,1,41.99,15.18,41.99,41.99,26.81
ITM-000007480,ORD-00005425,PRD-00076,1,62.99,25.51,62.99,62.99,37.48
ITM-000007481,ORD-00005426,PRD-00039,1,40.99,18.26,40.99,40.99,22.73
ITM-000007482,ORD-00005426,PRD-00077,1,22.99,8.27,22.99,22.99,14.72
ITM-000007483,ORD-00005427,PRD-00093,1,227.99,111.71,227.99,227.99,116.28
ITM-000007484,ORD-00005427,PRD-00083,1,115.99,58.28,115.99,115.99,57.71
ITM-000007485,ORD-00005427,PRD-00053,1,47.99,23.38,47.99,47.99,24.61
ITM-000007486,ORD-00005428,PRD-00065,1,24.99,5.84,24.99,24.99,19.15
ITM-000007487,ORD-00005429,PRD-00028,1,107.49,45.05,107.49,107.49,62.44
ITM-000007488,ORD-00005430,PRD-00060,1,176.49,84.75,176.49,176.49,91.74
ITM-000007489,ORD-00005430,PRD-00028,1,107.49,45.05,107.49,107.49,62.44
ITM-000007490,ORD-00005431,PRD-00060,1,176.49,84.75,176.49,176.49,91.74
ITM-000007491,ORD-00005431,PRD-00073,1,84.49,28.1,84.49,84.49,56.39
ITM-000007492,ORD-00005431,PRD-00077,1,22.99,8.27,22.99,22.99,14.72
ITM-000007493,ORD-00005432,PRD-00043,1,105.99,49.95,105.99,105.99,56.04
ITM-000007494,ORD-00005433,PRD-00034,1,34.99,12.79,34.99,34.99,22.2
ITM-000007495,ORD-00005434,PRD-00049,1,162.99,86.22,162.99,162.99,76.77
ITM-000007496,ORD-00005435,PRD-00027,1,83.99,34.49,83.99,83.99,49.5
ITM-000007497,ORD-00005436,PRD-00014,1,337.99,200.36,337.99,337.99,137.63
ITM-000007498,ORD-00005437,PRD-00087,1,43.99,24.1,43.99,43.99,19.89
ITM-000007499,ORD-00005437,PRD-00067,1,44.99,16.41,44.99,44.99,28.58
ITM-000007500,ORD-00005437,PRD-00017,1,244.99,144.79,244.99,244.99,100.2
ITM-000007501,ORD-00005438,PRD-00005,1,82.99,47.75,82.99,82.99,35.24
ITM-000007502,ORD-00005438,PRD-00048,1,33.49,15.83,33.49,33.49,17.66
ITM-000007503,ORD-00005439,PRD-00085,1,105.99,56.37,105.99,105.99,49.62
ITM-000007504,ORD-00005440,PRD-00056,2,135.49,71.03,270.98,270.98,128.92
ITM-000007505,ORD-00005441,PRD-00047,1,100.99,42.27,100.99,100.99,58.72
ITM-000007506,ORD-00005441,PRD-00075,1,56.99,20.25,56.99,56.99,36.74
ITM-000007507,ORD-00005442,PRD-00057,1,146.49,75.56,146.49,146.49,70.93
ITM-000007508,ORD-00005443,PRD-00021,2,114.99,46.3,229.98,229.98,137.38
ITM-000007509,ORD-00005444,PRD-00070,1,64.99,25.31,64.99,64.99,39.68
ITM-000007510,ORD-00005445,PRD-00084,1,31.99,15.58,31.99,31.99,16.41
ITM-000007511,ORD-00005446,PRD-00088,1,211.99,101.84,211.99,211.99,110.15
ITM-000007512,ORD-00005446,PRD-00076,1,62.99,25.51,62.99,62.99,37.48
ITM-000007513,ORD-00005447,PRD-00048,3,33.49,15.83,100.47,100.47,52.98
ITM-000007514,ORD-00005448,PRD-00008,1,325.99,186.16,325.99,325.99,139.83
ITM-000007515,ORD-00005449,PRD-00031,3,110.99,51.16,332.97,332.97,179.49
ITM-000007516,ORD-00005449,PRD-00060,1,176.49,84.75,176.49,176.49,91.74
ITM-000007517,ORD-00005450,PRD-00010,1,207.99,120.07,207.99,207.99,87.92
ITM-000007518,ORD-00005451,PRD-00011,2,179.99,102.31,359.98,359.98,155.36
ITM-000007519,ORD-00005452,PRD-00076,1,62.99,25.51,62.99,62.99,37.48
ITM-000007520,ORD-00005453,PRD-00024,1,54.99,26.28,54.99,54.99,28.71
ITM-000007521,ORD-00005454,PRD-00074,1,16.99,6.2,16.99,16.99,10.79
ITM-000007522,ORD-00005455,PRD-00009,1,94.99,52.51,94.99,94.99,42.48
ITM-000007523,ORD-00005456,PRD-00081,1,77.99,39.19,77.99,77.99,38.8
ITM-000007524,ORD-00005457,PRD-00034,1,34.99,12.79,34.99,34.99,22.2
ITM-000007525,ORD-00005458,PRD-00094,2,245.99,110.0,491.98,491.98,271.98
ITM-000007526,ORD-00005458,PRD-00031,2,110.99,51.16,221.98,221.98,119.66
ITM-000007527,ORD-00005459,PRD-00003,1,350.49,212.61,350.49,350.49,137.88
ITM-000007528,ORD-00005460,PRD-00039,1,40.99,18.26,40.99,40.99,22.73
ITM-000007529,ORD-00005461,PRD-00053,1,47.99,23.38,47.99,47.99,24.61
ITM-000007530,ORD-00005462,PRD-00099,1,50.99,27.57,50.99,50.99,23.42
ITM-000007531,ORD-00005463,PRD-00072,1,36.99,11.8,36.99,36.99,25.19
ITM-000007532,ORD-00005464,PRD-00073,2,84.49,28.1,168.98,168.98,112.78
ITM-000007533,ORD-00005465,PRD-00006,1,391.99,223.93,391.99,391.99,168.06
ITM-000007534,ORD-00005465,PRD-00090,3,232.99,113.86,698.97,698.97,357.39
ITM-000007535,ORD-00005466,PRD-00090,2,232.99,113.86,465.98,465.98,238.26
ITM-000007536,ORD-00005467,PRD-00041,1,180.99,84.81,180.99,180.99,96.18
ITM-000007537,ORD-00005468,PRD-00063,1,70.49,27.76,70.49,70.49,42.73
ITM-000007538,ORD-00005469,PRD-00089,1,31.99,18.14,31.99,31.99,13.85
ITM-000007539,ORD-00005470,PRD-00053,1,47.99,23.38,47.99,47.99,24.61
ITM-000007540,ORD-00005470,PRD-00001,1,320.99,176.63,320.99,320.99,144.36
ITM-000007541,ORD-00005471,PRD-00029,1,94.49,33.63,94.49,94.49,60.86
ITM-000007542,ORD-00005471,PRD-00027,1,83.99,34.49,83.99,83.99,49.5
ITM-000007543,ORD-00005471,PRD-00041,1,180.99,84.81,180.99,180.99,96.18
ITM-000007544,ORD-00005472,PRD-00093,1,227.99,111.71,227.99,227.99,116.28
ITM-000007545,ORD-00005472,PRD-00084,1,31.99,15.58,31.99,31.99,16.41
ITM-000007546,ORD-00005473,PRD-00002,1,203.99,113.88,203.99,203.99,90.11
ITM-000007547,ORD-00005474,PRD-00052,1,118.49,48.71,118.49,118.49,69.78
ITM-000007548,ORD-00005475,PRD-00060,1,176.49,84.75,176.49,176.49,91.74
ITM-000007549,ORD-00005476,PRD-00011,1,179.99,102.31,179.99,179.99,77.68
ITM-000007550,ORD-00005476,PRD-00016,1,129.99,78.72,129.99,129.99,51.27
ITM-000007551,ORD-00005477,PRD-00003,1,350.49,212.61,350.49,350.49,137.88
ITM-000007552,ORD-00005478,PRD-00056,1,135.49,71.03,135.49,135.49,64.46
ITM-000007553,ORD-00005479,PRD-00037,1,41.99,15.18,41.99,41.99,26.81
ITM-000007554,ORD-00005480,PRD-00008,1,325.99,186.16,325.99,325.99,139.83
ITM-000007555,ORD-00005480,PRD-00053,1,47.99,23.38,47.99,47.99,24.61
ITM-000007556,ORD-00005480,PRD-00099,1,50.99,27.57,50.99,50.99,23.42
ITM-000007557,ORD-00005481,PRD-00026,1,94.99,41.91,94.99,94.99,53.08
ITM-000007558,ORD-00005482,PRD-00041,1,180.99,84.81,180.99,180.99,96.18
ITM-000007559,ORD-00005483,PRD-00006,1,391.99,223.93,391.99,391.99,168.06
ITM-000007560,ORD-00005483,PRD-00008,1,325.99,186.16,325.99,325.99,139.83
ITM-000007561,ORD-00005484,PRD-00025,2,55.99,23.35,111.98,111.98,65.28
ITM-000007562,ORD-00005484,PRD-00094,1,245.99,110.0,245.99,245.99,135.99
ITM-000007563,ORD-00005485,PRD-00007,1,316.99,172.8,316.99,316.99,144.19
ITM-000007564,ORD-00005486,PRD-00021,1,114.99,46.3,114.99,114.99,68.69
ITM-000007565,ORD-00005487,PRD-00043,1,105.99,49.95,105.99,105.99,56.04
ITM-000007566,ORD-00005488,PRD-00046,1,113.49,52.53,113.49,113.49,60.96
ITM-000007567,ORD-00005488,PRD-00028,2,107.49,45.05,214.98,214.98,124.88
ITM-000007568,ORD-00005489,PRD-00049,1,162.99,86.22,162.99,162.99,76.77
ITM-000007569,ORD-00005489,PRD-00060,1,176.49,84.75,176.49,176.49,91.74
ITM-000007570,ORD-00005490,PRD-00068,1,37.49,12.61,37.49,37.49,24.88
ITM-000007571,ORD-00005490,PRD-00021,1,114.99,46.3,114.99,114.99,68.69
ITM-000007572,ORD-00005491,PRD-00050,1,173.99,93.04,173.99,173.99,80.95
ITM-000007573,ORD-00005492,PRD-00034,1,34.99,12.79,34.99,34.99,22.2
ITM-000007574,ORD-00005493,PRD-00051,1,52.99,21.94,52.99,52.99,31.05
ITM-000007575,ORD-00005494,PRD-00036,1,73.99,30.02,73.99,73.99,43.97
ITM-000007576,ORD-00005495,PRD-00026,1,94.99,41.91,94.99,94.99,53.08
ITM-000007577,ORD-00005496,PRD-00084,1,31.99,15.58,31.99,31.99,16.41
ITM-000007578,ORD-00005497,PRD-00074,1,16.99,6.2,16.99,16.99,10.79
ITM-000007579,ORD-00005498,PRD-00069,1,51.99,14.6,51.99,51.99,37.39
ITM-000007580,ORD-00005499,PRD-00054,1,137.99,68.35,137.99,137.99,69.64
ITM-000007581,ORD-00005500,PRD-00082,1,151.49,68.21,151.49,151.49,83.28
ITM-000007582,ORD-00005500,PRD-00015,2,205.99,123.35,411.98,411.98,165.28
ITM-000007583,ORD-00005501,PRD-00085,1,105.99,56.37,105.99,105.99,49.62
ITM-000007584,ORD-00005502,PRD-00050,1,173.99,93.04,173.99,173.99,80.95
ITM-000007585,ORD-00005502,PRD-00006,1,391.99,223.93,391.99,391.99,168.06
ITM-000007586,ORD-00005503,PRD-00080,1,87.99,32.75,87.99,87.99,55.24
ITM-000007587,ORD-00005504,PRD-00031,1,110.99,51.16,110.99,110.99,59.83
ITM-000007588,ORD-00005504,PRD-00072,2,36.99,11.8,73.98,73.98,50.38
ITM-000007589,ORD-00005505,PRD-00072,1,36.99,11.8,36.99,36.99,25.19
ITM-000007590,ORD-00005506,PRD-00024,1,54.99,26.28,54.99,54.99,28.71
ITM-000007591,ORD-00005507,PRD-00061,1,75.99,20.12,75.99,75.99,55.87
ITM-000007592,ORD-00005508,PRD-00025,1,55.99,23.35,55.99,55.99,32.64
ITM-000007593,ORD-00005509,PRD-00024,1,54.99,26.28,54.99,54.99,28.71
ITM-000007594,ORD-00005509,PRD-00066,2,84.99,33.73,169.98,169.98,102.52
ITM-000007595,ORD-00005509,PRD-00002,1,203.99,113.88,203.99,203.99,90.11
ITM-000007596,ORD-00005510,PRD-00067,1,44.99,16.41,44.99,44.99,28.58
ITM-000007597,ORD-00005511,PRD-00086,1,140.99,72.94,140.99,140.99,68.05
ITM-000007598,ORD-00005512,PRD-00030,1,67.99,29.21,67.99,67.99,38.78
ITM-000007599,ORD-00005513,PRD-00035,1,100.99,39.04,100.99,100.99,61.95
ITM-000007600,ORD-00005514,PRD-00084,1,31.99,15.58,31.99,31.99,16.41
ITM-000007601,ORD-00005515,PRD-00031,1,110.99,51.16,110.99,110.99,59.83
ITM-000007602,ORD-00005515,PRD-00082,1,151.49,68.21,151.49,151.49,83.28
ITM-000007603,ORD-00005516,PRD-00093,1,227.99,111.71,227.99,227.99,116.28
ITM-000007604,ORD-00005517,PRD-00074,1,16.99,6.2,16.99,16.99,10.79
ITM-000007605,ORD-00005518,PRD-00098,1,199.49,113.09,199.49,199.49,86.4
ITM-000007606,ORD-00005518,PRD-00077,1,22.99,8.27,22.99,22.99,14.72
ITM-000007607,ORD-00005518,PRD-00067,1,44.99,16.41,44.99,44.99,28.58
ITM-000007608,ORD-00005519,PRD-00017,1,244.99,144.79,244.99,244.99,100.2
ITM-000007609,ORD-00005520,PRD-00065,1,24.99,5.84,24.99,24.99,19.15
ITM-000007610,ORD-00005521,PRD-00042,1,121.99,52.18,121.99,121.99,69.81
ITM-000007611,ORD-00005522,PRD-00098,1,199.49,113.09,199.49,199.49,86.4
ITM-000007612,ORD-00005523,PRD-00001,1,320.99,176.63,320.99,320.99,144.36
ITM-000007613,ORD-00005523,PRD-00065,2,24.99,5.84,49.98,49.98,38.3
ITM-000007614,ORD-00005524,PRD-00025,1,55.99,23.35,55.99,55.99,32.64
ITM-000007615,ORD-00005525,PRD-00043,1,105.99,49.95,105.99,105.99,56.04
ITM-000007616,ORD-00005526,PRD-00075,2,56.99,20.25,113.98,113.98,73.48
ITM-000007617,ORD-00005527,PRD-00047,1,100.99,42.27,100.99,100.99,58.72
ITM-000007618,ORD-00005528,PRD-00035,1,100.99,39.04,100.99,100.99,61.95
ITM-000007619,ORD-00005529,PRD-00050,3,173.99,93.04,521.97,521.97,242.85
ITM-000007620,ORD-00005529,PRD-00001,1,320.99,176.63,320.99,320.99,144.36
ITM-000007621,ORD-00005530,PRD-00024,2,54.99,26.28,109.98,109.98,57.42
ITM-000007622,ORD-00005531,PRD-00050,1,173.99,93.04,173.99,173.99,80.95
ITM-000007623,ORD-00005532,PRD-00040,2,98.99,45.24,197.98,197.98,107.5
ITM-000007624,ORD-00005533,PRD-00056,2,135.49,71.03,270.98,270.98,128.92
ITM-000007625,ORD-00005534,PRD-00077,1,22.99,8.27,22.99,22.99,14.72
ITM-000007626,ORD-00005535,PRD-00029,1,94.49,33.63,94.49,94.49,60.86
ITM-000007627,ORD-00005536,PRD-00043,1,105.99,49.95,105.99,105.99,56.04
ITM-000007628,ORD-00005536,PRD-00054,1,137.99,68.35,137.99,137.99,69.64
ITM-000007629,ORD-00005536,PRD-00077,2,22.99,8.27,45.98,45.98,29.44
ITM-000007630,ORD-00005537,PRD-00087,2,43.99,24.1,87.98,87.98,39.78
ITM-000007631,ORD-00005537,PRD-00064,1,24.99,6.91,24.99,24.99,18.08
ITM-000007632,ORD-00005537,PRD-00042,1,121.99,52.18,121.99,121.99,69.81
ITM-000007633,ORD-00005538,PRD-00079,1,46.49,15.84,46.49,46.49,30.65
ITM-000007634,ORD-00005539,PRD-00042,1,121.99,52.18,121.99,121.99,69.81
ITM-000007635,ORD-00005540,PRD-00024,1,54.99,26.28,54.99,54.99,28.71
ITM-000007636,ORD-00005541,PRD-00086,1,140.99,72.94,140.99,140.99,68.05
ITM-000007637,ORD-00005542,PRD-00085,2,105.99,56.37,211.98,211.98,99.24
ITM-000007638,ORD-00005543,PRD-00003,1,350.49,212.61,350.49,350.49,137.88
ITM-000007639,ORD-00005544,PRD-00077,1,22.99,8.27,22.99,22.99,14.72
ITM-000007640,ORD-00005545,PRD-00081,1,77.99,39.19,77.99,77.99,38.8
ITM-000007641,ORD-00005546,PRD-00006,1,391.99,223.93,391.99,391.99,168.06
ITM-000007642,ORD-00005547,PRD-00062,1,68.49,27.5,68.49,68.49,40.99
ITM-000007643,ORD-00005548,PRD-00038,1,77.49,36.23,77.49,77.49,41.26
ITM-000007644,ORD-00005549,PRD-00010,1,207.99,120.07,207.99,207.99,87.92
ITM-000007645,ORD-00005550,PRD-00006,1,391.99,223.93,391.99,391.99,168.06
ITM-000007646,ORD-00005550,PRD-00007,1,316.99,172.8,316.99,316.99,144.19
ITM-000007647,ORD-00005551,PRD-00098,1,199.49,113.09,199.49,199.49,86.4
ITM-000007648,ORD-00005552,PRD-00084,1,31.99,15.58,31.99,31.99,16.41
ITM-000007649,ORD-00005552,PRD-00021,1,114.99,46.3,114.99,114.99,68.69
ITM-000007650,ORD-00005552,PRD-00088,1,211.99,101.84,211.99,211.99,110.15
ITM-000007651,ORD-00005553,PRD-00056,2,135.49,71.03,270.98,270.98,128.92
ITM-000007652,ORD-00005554,PRD-00099,1,50.99,27.57,50.99,50.99,23.42
ITM-000007653,ORD-00005554,PRD-00082,1,151.49,68.21,151.49,151.49,83.28
ITM-000007654,ORD-00005555,PRD-00048,2,33.49,15.83,66.98,66.98,35.32
ITM-000007655,ORD-00005556,PRD-00081,1,77.99,39.19,77.99,77.99,38.8
ITM-000007656,ORD-00005557,PRD-00089,1,31.99,18.14,31.99,31.99,13.85
ITM-000007657,ORD-00005558,PRD-00011,2,179.99,102.31,359.98,359.98,155.36
ITM-000007658,ORD-00005559,PRD-00023,1,31.99,14.2,31.99,31.99,17.79
ITM-000007659,ORD-00005560,PRD-00086,1,140.99,72.94,140.99,140.99,68.05
ITM-000007660,ORD-00005561,PRD-00002,1,203.99,113.88,203.99,203.99,90.11
ITM-000007661,ORD-00005562,PRD-00002,1,203.99,113.88,203.99,203.99,90.11
ITM-000007662,ORD-00005563,PRD-00007,1,316.99,172.8,316.99,316.99,144.19
ITM-000007663,ORD-00005564,PRD-00052,2,118.49,48.71,236.98,236.98,139.56
ITM-000007664,ORD-00005565,PRD-00046,1,113.49,52.53,113.49,113.49,60.96
ITM-000007665,ORD-00005566,PRD-00093,2,227.99,111.71,455.98,455.98,232.56
ITM-000007666,ORD-00005567,PRD-00094,1,245.99,110.0,245.99,245.99,135.99
ITM-000007667,ORD-00005568,PRD-00083,1,115.99,58.28,115.99,115.99,57.71
ITM-000007668,ORD-00005569,PRD-00017,1,244.99,144.79,244.99,244.99,100.2
ITM-000007669,ORD-00005570,PRD-00094,1,245.99,110.0,245.99,245.99,135.99
ITM-000007670,ORD-00005571,PRD-00044,1,72.99,36.23,72.99,72.99,36.76
ITM-000007671,ORD-00005572,PRD-00062,2,68.49,27.5,136.98,136.98,81.98
ITM-000007672,ORD-00005573,PRD-00034,1,34.99,12.79,34.99,34.99,22.2
ITM-000007673,ORD-00005573,PRD-00021,1,114.99,46.3,114.99,114.99,68.69
ITM-000007674,ORD-00005574,PRD-00090,1,232.99,113.86,232.99,232.99,119.13
ITM-000007675,ORD-00005574,PRD-00057,1,146.49,75.56,146.49,146.49,70.93
ITM-000007676,ORD-00005575,PRD-00016,1,129.99,78.72,129.99,129.99,51.27
ITM-000007677,ORD-00005576,PRD-00025,1,55.99,23.35,55.99,55.99,32.64
ITM-000007678,ORD-00005577,PRD-00007,1,316.99,172.8,316.99,316.99,144.19
ITM-000007679,ORD-00005578,PRD-00027,1,83.99,34.49,83.99,83.99,49.5
ITM-000007680,ORD-00005579,PRD-00071,1,86.99,31.3,86.99,86.99,55.69
ITM-000007681,ORD-00005579,PRD-00023,2,31.99,14.2,63.98,63.98,35.58
ITM-000007682,ORD-00005580,PRD-00028,1,107.49,45.05,107.49,107.49,62.44
ITM-000007683,ORD-00005581,PRD-00009,1,94.99,52.51,94.99,94.99,42.48
ITM-000007684,ORD-00005581,PRD-00096,1,199.99,116.57,199.99,199.99,83.42
ITM-000007685,ORD-00005582,PRD-00020,1,271.99,147.22,271.99,271.99,124.77
ITM-000007686,ORD-00005582,PRD-00034,2,34.99,12.79,69.98,69.98,44.4
ITM-000007687,ORD-00005583,PRD-00039,1,40.99,18.26,40.99,40.99,22.73
ITM-000007688,ORD-00005584,PRD-00030,1,67.99,29.21,67.99,67.99,38.78
ITM-000007689,ORD-00005584,PRD-00015,1,205.99,123.35,205.99,205.99,82.64
ITM-000007690,ORD-00005585,PRD-00060,1,176.49,84.75,176.49,176.49,91.74
ITM-000007691,ORD-00005586,PRD-00087,1,43.99,24.1,43.99,43.99,19.89
ITM-000007692,ORD-00005586,PRD-00087,1,43.99,24.1,43.99,43.99,19.89
ITM-000007693,ORD-00005587,PRD-00080,2,87.99,32.75,175.98,175.98,110.48
ITM-000007694,ORD-00005588,PRD-00074,1,16.99,6.2,16.99,16.99,10.79
ITM-000007695,ORD-00005589,PRD-00096,1,199.99,116.57,199.99,199.99,83.42
ITM-000007696,ORD-00005590,PRD-00016,1,129.99,78.72,129.99,129.99,51.27
ITM-000007697,ORD-00005590,PRD-00016,1,129.99,78.72,129.99,129.99,51.27
ITM-000007698,ORD-00005591,PRD-00055,1,74.99,31.61,74.99,74.99,43.38
ITM-000007699,ORD-00005592,PRD-00017,1,244.99,144.79,244.99,244.99,100.2
ITM-000007700,ORD-00005593,PRD-00063,1,70.49,27.76,70.49,70.49,42.73
ITM-000007701,ORD-00005593,PRD-00091,1,42.99,22.68,42.99,42.99,20.31
ITM-000007702,ORD-00005594,PRD-00082,1,151.49,68.21,151.49,151.49,83.28
ITM-000007703,ORD-00005595,PRD-00013,2,275.99,176.16,551.98,551.98,199.66
ITM-000007704,ORD-00005596,PRD-00072,1,36.99,11.8,36.99,36.99,25.19
ITM-000007705,ORD-00005597,PRD-00023,1,31.99,14.2,31.99,31.99,17.79
ITM-000007706,ORD-00005598,PRD-00051,2,52.99,21.94,105.98,105.98,62.1
ITM-000007707,ORD-00005599,PRD-00049,1,162.99,86.22,162.99,162.99,76.77
ITM-000007708,ORD-00005599,PRD-00020,1,271.99,147.22,271.99,271.99,124.77
ITM-000007709,ORD-00005599,PRD-00004,1,294.49,168.07,294.49,294.49,126.42
ITM-000007710,ORD-00005600,PRD-00010,1,207.99,120.07,207.99,207.99,87.92
ITM-000007711,ORD-00005600,PRD-00048,1,33.49,15.83,33.49,33.49,17.66
ITM-000007712,ORD-00005601,PRD-00035,1,100.99,39.04,100.99,100.99,61.95
ITM-000007713,ORD-00005602,PRD-00081,1,77.99,39.19,77.99,77.99,38.8
ITM-000007714,ORD-00005603,PRD-00062,1,68.49,27.5,68.49,68.49,40.99
ITM-000007715,ORD-00005603,PRD-00049,2,162.99,86.22,325.98,325.98,153.54
ITM-000007716,ORD-00005604,PRD-00076,1,62.99,25.51,62.99,62.99,37.48
ITM-000007717,ORD-00005605,PRD-00028,1,107.49,45.05,107.49,107.49,62.44
ITM-000007718,ORD-00005606,PRD-00061,1,75.99,20.12,75.99,75.99,55.87
ITM-000007719,ORD-00005606,PRD-00071,1,86.99,31.3,86.99,86.99,55.69
ITM-000007720,ORD-00005607,PRD-00086,1,140.99,72.94,140.99,140.99,68.05
ITM-000007721,ORD-00005608,PRD-00063,1,70.49,27.76,70.49,70.49,42.73
ITM-000007722,ORD-00005608,PRD-00058,1,152.99,69.5,152.99,152.99,83.49
ITM-000007723,ORD-00005609,PRD-00065,1,24.99,5.84,24.99,24.99,19.15
ITM-000007724,ORD-00005610,PRD-00066,1,84.99,33.73,84.99,84.99,51.26
ITM-000007725,ORD-00005611,PRD-00085,1,105.99,56.37,105.99,105.99,49.62
ITM-000007726,ORD-00005612,PRD-00043,1,105.99,49.95,105.99,105.99,56.04
ITM-000007727,ORD-00005612,PRD-00088,1,211.99,101.84,211.99,211.99,110.15
ITM-000007728,ORD-00005613,PRD-00036,1,73.99,30.02,73.99,73.99,43.97
ITM-000007729,ORD-00005613,PRD-00047,1,100.99,42.27,100.99,100.99,58.72
ITM-000007730,ORD-00005614,PRD-00051,2,52.99,21.94,105.98,105.98,62.1
ITM-000007731,ORD-00005615,PRD-00015,1,205.99,123.35,205.99,205.99,82.64
ITM-000007732,ORD-00005616,PRD-00053,1,47.99,23.38,47.99,47.99,24.61
ITM-000007733,ORD-00005617,PRD-00099,1,50.99,27.57,50.99,50.99,23.42
ITM-000007734,ORD-00005617,PRD-00023,1,31.99,14.2,31.99,31.99,17.79
ITM-000007735,ORD-00005617,PRD-00044,1,72.99,36.23,72.99,72.99,36.76
ITM-000007736,ORD-00005618,PRD-00012,1,374.49,207.75,374.49,374.49,166.74
ITM-000007737,ORD-00005619,PRD-00054,1,137.99,68.35,137.99,137.99,69.64
ITM-000007738,ORD-00005620,PRD-00088,1,211.99,101.84,211.99,211.99,110.15
ITM-000007739,ORD-00005620,PRD-00047,1,100.99,42.27,100.99,100.99,58.72
ITM-000007740,ORD-00005621,PRD-00097,1,167.49,87.54,167.49,167.49,79.95
ITM-000007741,ORD-00005622,PRD-00016,1,129.99,78.72,129.99,129.99,51.27
ITM-000007742,ORD-00005623,PRD-00069,1,51.99,14.6,51.99,51.99,37.39
ITM-000007743,ORD-00005624,PRD-00097,1,167.49,87.54,167.49,167.49,79.95
ITM-000007744,ORD-00005625,PRD-00070,1,64.99,25.31,64.99,64.99,39.68
ITM-000007745,ORD-00005626,PRD-00046,1,113.49,52.53,113.49,113.49,60.96
ITM-000007746,ORD-00005627,PRD-00041,1,180.99,84.81,180.99,180.99,96.18
ITM-000007747,ORD-00005628,PRD-00039,1,40.99,18.26,40.99,40.99,22.73
ITM-000007748,ORD-00005629,PRD-00088,1,211.99,101.84,211.99,211.99,110.15
ITM-000007749,ORD-00005630,PRD-00098,1,199.49,113.09,199.49,199.49,86.4
ITM-000007750,ORD-00005631,PRD-00006,1,391.99,223.93,391.99,391.99,168.06
ITM-000007751,ORD-00005632,PRD-00018,1,72.99,37.97,72.99,72.99,35.02
ITM-000007752,ORD-00005632,PRD-00026,1,94.99,41.91,94.99,94.99,53.08
ITM-000007753,ORD-00005633,PRD-00065,1,24.99,5.84,24.99,24.99,19.15
ITM-000007754,ORD-00005633,PRD-00090,2,232.99,113.86,465.98,465.98,238.26
ITM-000007755,ORD-00005633,PRD-00009,1,94.99,52.51,94.99,94.99,42.48
ITM-000007756,ORD-00005634,PRD-00032,2,42.49,17.54,84.98,84.98,49.9
ITM-000007757,ORD-00005635,PRD-00017,1,244.99,144.79,244.99,244.99,100.2
ITM-000007758,ORD-00005636,PRD-00041,1,180.99,84.81,180.99,180.99,96.18
ITM-000007759,ORD-00005637,PRD-00005,1,82.99,47.75,82.99,82.99,35.24
ITM-000007760,ORD-00005637,PRD-00058,1,152.99,69.5,152.99,152.99,83.49
ITM-000007761,ORD-00005637,PRD-00042,1,121.99,52.18,121.99,121.99,69.81
ITM-000007762,ORD-00005638,PRD-00039,1,40.99,18.26,40.99,40.99,22.73
ITM-000007763,ORD-00005639,PRD-00010,1,207.99,120.07,207.99,207.99,87.92
ITM-000007764,ORD-00005639,PRD-00030,1,67.99,29.21,67.99,67.99,38.78
ITM-000007765,ORD-00005640,PRD-00068,1,37.49,12.61,37.49,37.49,24.88
ITM-000007766,ORD-00005640,PRD-00039,1,40.99,18.26,40.99,40.99,22.73
ITM-000007767,ORD-00005641,PRD-00041,1,180.99,84.81,180.99,180.99,96.18
ITM-000007768,ORD-00005642,PRD-00029,2,94.49,33.63,188.98,188.98,121.72
ITM-000007769,ORD-00005642,PRD-00041,1,180.99,84.81,180.99,180.99,96.18
ITM-000007770,ORD-00005643,PRD-00026,1,94.99,41.91,94.99,94.99,53.08
ITM-000007771,ORD-00005644,PRD-00094,1,245.99,110.0,245.99,245.99,135.99
ITM-000007772,ORD-00005645,PRD-00023,1,31.99,14.2,31.99,31.99,17.79
ITM-000007773,ORD-00005646,PRD-00074,1,16.99,6.2,16.99,16.99,10.79
ITM-000007774,ORD-00005646,PRD-00057,1,146.49,75.56,146.49,146.49,70.93
ITM-000007775,ORD-00005646,PRD-00023,2,31.99,14.2,63.98,63.98,35.58
ITM-000007776,ORD-00005647,PRD-00087,1,43.99,24.1,43.99,43.99,19.89
ITM-000007777,ORD-00005648,PRD-00071,1,86.99,31.3,86.99,86.99,55.69
ITM-000007778,ORD-00005648,PRD-00095,1,204.99,100.6,204.99,204.99,104.39
ITM-000007779,ORD-00005648,PRD-00057,2,146.49,75.56,292.98,292.98,141.86
ITM-000007780,ORD-00005649,PRD-00054,1,137.99,68.35,137.99,137.99,69.64
ITM-000007781,ORD-00005649,PRD-00055,2,74.99,31.61,149.98,149.98,86.76
ITM-000007782,ORD-00005650,PRD-00060,1,176.49,84.75,176.49,176.49,91.74
ITM-000007783,ORD-00005651,PRD-00040,3,98.99,45.24,296.97,296.97,161.25
ITM-000007784,ORD-00005651,PRD-00082,1,151.49,68.21,151.49,151.49,83.28
ITM-000007785,ORD-00005652,PRD-00044,1,72.99,36.23,72.99,72.99,36.76
ITM-000007786,ORD-00005653,PRD-00024,1,54.99,26.28,54.99,54.99,28.71
ITM-000007787,ORD-00005653,PRD-00047,2,100.99,42.27,201.98,201.98,117.44
ITM-000007788,ORD-00005654,PRD-00081,1,77.99,39.19,77.99,77.99,38.8
ITM-000007789,ORD-00005655,PRD-00033,1,27.99,11.51,27.99,27.99,16.48
ITM-000007790,ORD-00005656,PRD-00098,1,199.49,113.09,199.49,199.49,86.4
ITM-000007791,ORD-00005657,PRD-00056,2,135.49,71.03,270.98,270.98,128.92
ITM-000007792,ORD-00005658,PRD-00071,2,86.99,31.3,173.98,173.98,111.38
ITM-000007793,ORD-00005659,PRD-00015,1,205.99,123.35,205.99,205.99,82.64
ITM-000007794,ORD-00005660,PRD-00049,1,162.99,86.22,162.99,162.99,76.77
ITM-000007795,ORD-00005660,PRD-00074,2,16.99,6.2,33.98,33.98,21.58
ITM-000007796,ORD-00005661,PRD-00076,1,62.99,25.51,62.99,62.99,37.48
ITM-000007797,ORD-00005662,PRD-00080,1,87.99,32.75,87.99,87.99,55.24
ITM-000007798,ORD-00005663,PRD-00029,1,94.49,33.63,94.49,94.49,60.86
ITM-000007799,ORD-00005664,PRD-00070,1,64.99,25.31,64.99,64.99,39.68
ITM-000007800,ORD-00005665,PRD-00038,1,77.49,36.23,77.49,77.49,41.26
ITM-000007801,ORD-00005665,PRD-00016,3,129.99,78.72,389.97,389.97,153.81
ITM-000007802,ORD-00005666,PRD-00035,3,100.99,39.04,302.97,302.97,185.85
ITM-000007803,ORD-00005667,PRD-00058,1,152.99,69.5,152.99,152.99,83.49
ITM-000007804,ORD-00005668,PRD-00093,1,227.99,111.71,227.99,227.99,116.28
ITM-000007805,ORD-00005669,PRD-00041,1,180.99,84.81,180.99,180.99,96.18
ITM-000007806,ORD-00005669,PRD-00091,1,42.99,22.68,42.99,42.99,20.31
ITM-000007807,ORD-00005670,PRD-00073,1,84.49,28.1,84.49,84.49,56.39
ITM-000007808,ORD-00005671,PRD-00018,1,72.99,37.97,72.99,72.99,35.02
ITM-000007809,ORD-00005672,PRD-00062,2,68.49,27.5,136.98,136.98,81.98
ITM-000007810,ORD-00005672,PRD-00033,1,27.99,11.51,27.99,27.99,16.48
ITM-000007811,ORD-00005672,PRD-00015,1,205.99,123.35,205.99,205.99,82.64
ITM-000007812,ORD-00005673,PRD-00078,1,25.99,9.37,25.99,25.99,16.62
ITM-000007813,ORD-00005674,PRD-00021,2,114.99,46.3,229.98,229.98,137.38
ITM-000007814,ORD-00005675,PRD-00080,3,87.99,32.75,263.97,263.97,165.72
ITM-000007815,ORD-00005676,PRD-00052,1,118.49,48.71,118.49,118.49,69.78
ITM-000007816,ORD-00005677,PRD-00068,1,37.49,12.61,37.49,37.49,24.88
ITM-000007817,ORD-00005677,PRD-00031,2,110.99,51.16,221.98,221.98,119.66
ITM-000007818,ORD-00005677,PRD-00042,1,121.99,52.18,121.99,121.99,69.81
ITM-000007819,ORD-00005678,PRD-00053,1,47.99,23.38,47.99,47.99,24.61
ITM-000007820,ORD-00005679,PRD-00065,1,24.99,5.84,24.99,24.99,19.15
ITM-000007821,ORD-00005680,PRD-00079,1,46.49,15.84,46.49,46.49,30.65
ITM-000007822,ORD-00005681,PRD-00079,1,46.49,15.84,46.49,46.49,30.65
ITM-000007823,ORD-00005682,PRD-00072,1,36.99,11.8,36.99,36.99,25.19
ITM-000007824,ORD-00005682,PRD-00001,1,320.99,176.63,320.99,320.99,144.36
ITM-000007825,ORD-00005682,PRD-00008,1,325.99,186.16,325.99,325.99,139.83
ITM-000007826,ORD-00005683,PRD-00022,1,49.99,20.52,49.99,49.99,29.47
ITM-000007827,ORD-00005684,PRD-00036,1,73.99,30.02,73.99,73.99,43.97
ITM-000007828,ORD-00005685,PRD-00047,1,100.99,42.27,100.99,100.99,58.72
ITM-000007829,ORD-00005686,PRD-00080,1,87.99,32.75,87.99,87.99,55.24
ITM-000007830,ORD-00005687,PRD-00093,1,227.99,111.71,227.99,227.99,116.28
ITM-000007831,ORD-00005687,PRD-00025,3,55.99,23.35,167.97,167.97,97.92
ITM-000007832,ORD-00005687,PRD-00076,1,62.99,25.51,62.99,62.99,37.48
ITM-000007833,ORD-00005688,PRD-00071,1,86.99,31.3,86.99,86.99,55.69
ITM-000007834,ORD-00005688,PRD-00087,1,43.99,24.1,43.99,43.99,19.89
ITM-000007835,ORD-00005688,PRD-00091,1,42.99,22.68,42.99,42.99,20.31
ITM-000007836,ORD-00005689,PRD-00074,1,16.99,6.2,16.99,16.99,10.79
ITM-000007837,ORD-00005690,PRD-00033,1,27.99,11.51,27.99,27.99,16.48
ITM-000007838,ORD-00005691,PRD-00081,1,77.99,39.19,77.99,77.99,38.8
ITM-000007839,ORD-00005692,PRD-00067,1,44.99,16.41,44.99,44.99,28.58
ITM-000007840,ORD-00005693,PRD-00099,1,50.99,27.57,50.99,50.99,23.42
ITM-000007841,ORD-00005694,PRD-00012,1,374.49,207.75,374.49,374.49,166.74
ITM-000007842,ORD-00005695,PRD-00052,1,118.49,48.71,118.49,118.49,69.78
ITM-000007843,ORD-00005696,PRD-00041,1,180.99,84.81,180.99,180.99,96.18
ITM-000007844,ORD-00005697,PRD-00026,2,94.99,41.91,189.98,189.98,106.16
ITM-000007845,ORD-00005698,PRD-00075,1,56.99,20.25,56.99,56.99,36.74
ITM-000007846,ORD-00005699,PRD-00040,1,98.99,45.24,98.99,98.99,53.75
ITM-000007847,ORD-00005699,PRD-00055,1,74.99,31.61,74.99,74.99,43.38
ITM-000007848,ORD-00005700,PRD-00005,3,82.99,47.75,248.97,248.97,105.72
ITM-000007849,ORD-00005701,PRD-00021,2,114.99,46.3,229.98,229.98,137.38
ITM-000007850,ORD-00005701,PRD-00053,1,47.99,23.38,47.99,47.99,24.61
ITM-000007851,ORD-00005702,PRD-00042,1,121.99,52.18,121.99,121.99,69.81
ITM-000007852,ORD-00005703,PRD-00067,1,44.99,16.41,44.99,44.99,28.58
ITM-000007853,ORD-00005703,PRD-00016,1,129.99,78.72,129.99,129.99,51.27
ITM-000007854,ORD-00005703,PRD-00052,1,118.49,48.71,118.49,118.49,69.78
ITM-000007855,ORD-00005704,PRD-00033,1,27.99,11.51,27.99,27.99,16.48
ITM-000007856,ORD-00005704,PRD-00037,1,41.99,15.18,41.99,41.99,26.81
ITM-000007857,ORD-00005705,PRD-00035,1,100.99,39.04,100.99,100.99,61.95
ITM-000007858,ORD-00005705,PRD-00022,2,49.99,20.52,99.98,99.98,58.94
ITM-000007859,ORD-00005705,PRD-00069,1,51.99,14.6,51.99,51.99,37.39
ITM-000007860,ORD-00005706,PRD-00092,1,214.99,101.72,214.99,214.99,113.27
ITM-000007861,ORD-00005707,PRD-00004,2,294.49,168.07,588.98,588.98,252.84
ITM-000007862,ORD-00005707,PRD-00028,1,107.49,45.05,107.49,107.49,62.44
ITM-000007863,ORD-00005707,PRD-00029,1,94.49,33.63,94.49,94.49,60.86
ITM-000007864,ORD-00005708,PRD-00075,1,56.99,20.25,56.99,56.99,36.74
ITM-000007865,ORD-00005709,PRD-00065,1,24.99,5.84,24.99,24.99,19.15
ITM-000007866,ORD-00005710,PRD-00034,1,34.99,12.79,34.99,34.99,22.2
ITM-000007867,ORD-00005710,PRD-00052,1,118.49,48.71,118.49,118.49,69.78
ITM-000007868,ORD-00005711,PRD-00097,1,167.49,87.54,167.49,167.49,79.95
ITM-000007869,ORD-00005712,PRD-00026,1,94.99,41.91,94.99,94.99,53.08
ITM-000007870,ORD-00005713,PRD-00062,1,68.49,27.5,68.49,68.49,40.99
ITM-000007871,ORD-00005713,PRD-00049,2,162.99,86.22,325.98,325.98,153.54
ITM-000007872,ORD-00005714,PRD-00068,1,37.49,12.61,37.49,37.49,24.88
ITM-000007873,ORD-00005715,PRD-00056,1,135.49,71.03,135.49,135.49,64.46
ITM-000007874,ORD-00005716,PRD-00086,1,140.99,72.94,140.99,140.99,68.05
ITM-000007875,ORD-00005717,PRD-00073,1,84.49,28.1,84.49,84.49,56.39
ITM-000007876,ORD-00005718,PRD-00084,1,31.99,15.58,31.99,31.99,16.41
ITM-000007877,ORD-00005718,PRD-00050,2,173.99,93.04,347.98,347.98,161.9
ITM-000007878,ORD-00005719,PRD-00096,1,199.99,116.57,199.99,199.99,83.42
ITM-000007879,ORD-00005720,PRD-00029,1,94.49,33.63,94.49,94.49,60.86
ITM-000007880,ORD-00005721,PRD-00082,1,151.49,68.21,151.49,151.49,83.28
ITM-000007881,ORD-00005722,PRD-00078,3,25.99,9.37,77.97,77.97,49.86
ITM-000007882,ORD-00005723,PRD-00084,1,31.99,15.58,31.99,31.99,16.41
ITM-000007883,ORD-00005723,PRD-00025,1,55.99,23.35,55.99,55.99,32.64
ITM-000007884,ORD-00005724,PRD-00085,1,105.99,56.37,105.99,105.99,49.62
ITM-000007885,ORD-00005725,PRD-00054,1,137.99,68.35,137.99,137.99,69.64
ITM-000007886,ORD-00005726,PRD-00071,1,86.99,31.3,86.99,86.99,55.69
ITM-000007887,ORD-00005727,PRD-00042,1,121.99,52.18,121.99,121.99,69.81
ITM-000007888,ORD-00005728,PRD-00045,3,83.49,36.38,250.47,250.47,141.33
ITM-000007889,ORD-00005729,PRD-00077,2,22.99,8.27,45.98,45.98,29.44
ITM-000007890,ORD-00005730,PRD-00050,2,173.99,93.04,347.98,347.98,161.9
ITM-000007891,ORD-00005730,PRD-00057,1,146.49,75.56,146.49,146.49,70.93
ITM-000007892,ORD-00005731,PRD-00049,1,162.99,86.22,162.99,162.99,76.77
ITM-000007893,ORD-00005731,PRD-00087,1,43.99,24.1,43.99,43.99,19.89
ITM-000007894,ORD-00005732,PRD-00071,1,86.99,31.3,86.99,86.99,55.69
ITM-000007895,ORD-00005733,PRD-00021,1,114.99,46.3,114.99,114.99,68.69
ITM-000007896,ORD-00005734,PRD-00092,1,214.99,101.72,214.99,214.99,113.27
ITM-000007897,ORD-00005734,PRD-00046,1,113.49,52.53,113.49,113.49,60.96
ITM-000007898,ORD-00005734,PRD-00076,1,62.99,25.51,62.99,62.99,37.48
ITM-000007899,ORD-00005735,PRD-00096,1,199.99,116.57,199.99,199.99,83.42
ITM-000007900,ORD-00005736,PRD-00002,1,203.99,113.88,203.99,203.99,90.11
ITM-000007901,ORD-00005736,PRD-00071,2,86.99,31.3,173.98,173.98,111.38
ITM-000007902,ORD-00005736,PRD-00062,1,68.49,27.5,68.49,68.49,40.99
ITM-000007903,ORD-00005737,PRD-00085,2,105.99,56.37,211.98,211.98,99.24
ITM-000007904,ORD-00005738,PRD-00077,3,22.99,8.27,68.97,68.97,44.16
ITM-000007905,ORD-00005739,PRD-00018,1,72.99,37.97,72.99,72.99,35.02
ITM-000007906,ORD-00005740,PRD-00038,1,77.49,36.23,77.49,77.49,41.26
ITM-000007907,ORD-00005740,PRD-00065,1,24.99,5.84,24.99,24.99,19.15
ITM-000007908,ORD-00005741,PRD-00047,1,100.99,42.27,100.99,100.99,58.72
ITM-000007909,ORD-00005742,PRD-00011,1,179.99,102.31,179.99,179.99,77.68
ITM-000007910,ORD-00005742,PRD-00050,1,173.99,93.04,173.99,173.99,80.95
ITM-000007911,ORD-00005743,PRD-00083,1,115.99,58.28,115.99,115.99,57.71
ITM-000007912,ORD-00005744,PRD-00012,1,374.49,207.75,374.49,374.49,166.74
ITM-000007913,ORD-00005745,PRD-00029,1,94.49,33.63,94.49,94.49,60.86
ITM-000007914,ORD-00005746,PRD-00083,1,115.99,58.28,115.99,115.99,57.71
ITM-000007915,ORD-00005747,PRD-00051,1,52.99,21.94,52.99,52.99,31.05
ITM-000007916,ORD-00005748,PRD-00002,2,203.99,113.88,407.98,407.98,180.22
ITM-000007917,ORD-00005749,PRD-00063,1,70.49,27.76,70.49,70.49,42.73
ITM-000007918,ORD-00005750,PRD-00081,2,77.99,39.19,155.98,155.98,77.6
ITM-000007919,ORD-00005750,PRD-00024,2,54.99,26.28,109.98,109.98,57.42
ITM-000007920,ORD-00005751,PRD-00017,1,244.99,144.79,244.99,244.99,100.2
ITM-000007921,ORD-00005751,PRD-00012,2,374.49,207.75,748.98,748.98,333.48
ITM-000007922,ORD-00005752,PRD-00055,2,74.99,31.61,149.98,149.98,86.76
ITM-000007923,ORD-00005753,PRD-00025,1,55.99,23.35,55.99,55.99,32.64
ITM-000007924,ORD-00005754,PRD-00044,1,72.99,36.23,72.99,72.99,36.76
ITM-000007925,ORD-00005754,PRD-00027,1,83.99,34.49,83.99,83.99,49.5
ITM-000007926,ORD-00005755,PRD-00013,1,275.99,176.16,275.99,275.99,99.83
ITM-000007927,ORD-00005755,PRD-00088,1,211.99,101.84,211.99,211.99,110.15
ITM-000007928,ORD-00005756,PRD-00057,1,146.49,75.56,146.49,146.49,70.93
ITM-000007929,ORD-00005756,PRD-00012,1,374.49,207.75,374.49,374.49,166.74
ITM-000007930,ORD-00005757,PRD-00046,2,113.49,52.53,226.98,226.98,121.92
ITM-000007931,ORD-00005757,PRD-00065,1,24.99,5.84,24.99,24.99,19.15
ITM-000007932,ORD-00005758,PRD-00018,3,72.99,37.97,218.97,218.97,105.06
ITM-000007933,ORD-00005759,PRD-00042,1,121.99,52.18,121.99,121.99,69.81
ITM-000007934,ORD-00005760,PRD-00007,1,316.99,172.8,316.99,316.99,144.19
ITM-000007935,ORD-00005761,PRD-00089,1,31.99,18.14,31.99,31.99,13.85
ITM-000007936,ORD-00005762,PRD-00032,1,42.49,17.54,42.49,42.49,24.95
ITM-000007937,ORD-00005763,PRD-00012,1,374.49,207.75,374.49,374.49,166.74
ITM-000007938,ORD-00005763,PRD-00070,1,64.99,25.31,64.99,64.99,39.68
ITM-000007939,ORD-00005764,PRD-00039,2,40.99,18.26,81.98,81.98,45.46
ITM-000007940,ORD-00005764,PRD-00077,1,22.99,8.27,22.99,22.99,14.72
ITM-000007941,ORD-00005765,PRD-00040,1,98.99,45.24,98.99,98.99,53.75
ITM-000007942,ORD-00005765,PRD-00007,1,316.99,172.8,316.99,316.99,144.19
ITM-000007943,ORD-00005766,PRD-00024,1,54.99,26.28,54.99,54.99,28.71
ITM-000007944,ORD-00005766,PRD-00094,1,245.99,110.0,245.99,245.99,135.99
ITM-000007945,ORD-00005766,PRD-00081,1,77.99,39.19,77.99,77.99,38.8
ITM-000007946,ORD-00005767,PRD-00100,3,143.99,66.17,431.97,431.97,233.46
ITM-000007947,ORD-00005768,PRD-00011,1,179.99,102.31,179.99,179.99,77.68
ITM-000007948,ORD-00005769,PRD-00093,1,227.99,111.71,227.99,227.99,116.28
ITM-000007949,ORD-00005770,PRD-00071,1,86.99,31.3,86.99,86.99,55.69
ITM-000007950,ORD-00005770,PRD-00034,2,34.99,12.79,69.98,69.98,44.4
ITM-000007951,ORD-00005771,PRD-00095,1,204.99,100.6,204.99,204.99,104.39
ITM-000007952,ORD-00005772,PRD-00049,1,162.99,86.22,162.99,162.99,76.77
ITM-000007953,ORD-00005773,PRD-00013,1,275.99,176.16,275.99,275.99,99.83
ITM-000007954,ORD-00005773,PRD-00058,1,152.99,69.5,152.99,152.99,83.49
ITM-000007955,ORD-00005773,PRD-00095,1,204.99,100.6,204.99,204.99,104.39
ITM-000007956,ORD-00005774,PRD-00016,3,129.99,78.72,389.97,389.97,153.81
ITM-000007957,ORD-00005775,PRD-00076,1,62.99,25.51,62.99,62.99,37.48
ITM-000007958,ORD-00005776,PRD-00099,1,50.99,27.57,50.99,50.99,23.42
ITM-000007959,ORD-00005777,PRD-00008,1,325.99,186.16,325.99,325.99,139.83
ITM-000007960,ORD-00005777,PRD-00071,1,86.99,31.3,86.99,86.99,55.69
ITM-000007961,ORD-00005777,PRD-00011,1,179.99,102.31,179.99,179.99,77.68
ITM-000007962,ORD-00005778,PRD-00032,1,42.49,17.54,42.49,42.49,24.95
ITM-000007963,ORD-00005778,PRD-00006,1,391.99,223.93,391.99,391.99,168.06
ITM-000007964,ORD-00005779,PRD-00030,1,67.99,29.21,67.99,67.99,38.78
ITM-000007965,ORD-00005779,PRD-00090,1,232.99,113.86,232.99,232.99,119.13
ITM-000007966,ORD-00005779,PRD-00095,1,204.99,100.6,204.99,204.99,104.39
ITM-000007967,ORD-00005780,PRD-00078,1,25.99,9.37,25.99,25.99,16.62
ITM-000007968,ORD-00005781,PRD-00005,1,82.99,47.75,82.99,82.99,35.24
ITM-000007969,ORD-00005782,PRD-00007,2,316.99,172.8,633.98,633.98,288.38
ITM-000007970,ORD-00005783,PRD-00063,1,70.49,27.76,70.49,70.49,42.73
ITM-000007971,ORD-00005783,PRD-00026,1,94.99,41.91,94.99,94.99,53.08
ITM-000007972,ORD-00005784,PRD-00022,1,49.99,20.52,49.99,49.99,29.47
ITM-000007973,ORD-00005785,PRD-00099,1,50.99,27.57,50.99,50.99,23.42
ITM-000007974,ORD-00005786,PRD-00089,1,31.99,18.14,31.99,31.99,13.85
ITM-000007975,ORD-00005787,PRD-00049,1,162.99,86.22,162.99,162.99,76.77
ITM-000007976,ORD-00005788,PRD-00036,1,73.99,30.02,73.99,73.99,43.97
ITM-000007977,ORD-00005788,PRD-00015,1,205.99,123.35,205.99,205.99,82.64
ITM-000007978,ORD-00005789,PRD-00023,1,31.99,14.2,31.99,31.99,17.79
ITM-000007979,ORD-00005790,PRD-00047,2,100.99,42.27,201.98,201.98,117.44
ITM-000007980,ORD-00005790,PRD-00012,1,374.49,207.75,374.49,374.49,166.74
ITM-000007981,ORD-00005790,PRD-00029,1,94.49,33.63,94.49,94.49,60.86
ITM-000007982,ORD-00005791,PRD-00033,1,27.99,11.51,27.99,27.99,16.48
ITM-000007983,ORD-00005792,PRD-00057,1,146.49,75.56,146.49,146.49,70.93
ITM-000007984,ORD-00005792,PRD-00060,1,176.49,84.75,176.49,176.49,91.74
ITM-000007985,ORD-00005793,PRD-00014,2,337.99,200.36,675.98,675.98,275.26
ITM-000007986,ORD-00005794,PRD-00018,1,72.99,37.97,72.99,72.99,35.02
ITM-000007987,ORD-00005794,PRD-00042,1,121.99,52.18,121.99,121.99,69.81
ITM-000007988,ORD-00005794,PRD-00005,1,82.99,47.75,82.99,82.99,35.24
ITM-000007989,ORD-00005795,PRD-00099,1,50.99,27.57,50.99,50.99,23.42
ITM-000007990,ORD-00005796,PRD-00062,1,68.49,27.5,68.49,68.49,40.99
ITM-000007991,ORD-00005797,PRD-00043,3,105.99,49.95,317.97,317.97,168.12
ITM-000007992,ORD-00005798,PRD-00058,1,152.99,69.5,152.99,152.99,83.49
ITM-000007993,ORD-00005798,PRD-00093,1,227.99,111.71,227.99,227.99,116.28
ITM-000007994,ORD-00005799,PRD-00002,2,203.99,113.88,407.98,407.98,180.22
ITM-000007995,ORD-00005799,PRD-00080,2,87.99,32.75,175.98,175.98,110.48
ITM-000007996,ORD-00005800,PRD-00007,1,316.99,172.8,316.99,316.99,144.19
ITM-000007997,ORD-00005800,PRD-00074,1,16.99,6.2,16.99,16.99,10.79
ITM-000007998,ORD-00005800,PRD-00048,3,33.49,15.83,100.47,100.47,52.98
ITM-000007999,ORD-00005801,PRD-00051,3,52.99,21.94,158.97,158.97,93.15
ITM-000008000,ORD-00005802,PRD-00031,1,110.99,51.16,110.99,110.99,59.83
ITM-000008001,ORD-00005803,PRD-00023,1,31.99,14.2,31.99,31.99,17.79
ITM-000008002,ORD-00005804,PRD-00018,2,72.99,37.97,145.98,145.98,70.04
ITM-000008003,ORD-00005805,PRD-00032,1,42.49,17.54,42.49,42.49,24.95
ITM-000008004,ORD-00005806,PRD-00073,1,84.49,28.1,84.49,84.49,56.39
ITM-000008005,ORD-00005807,PRD-00052,1,118.49,48.71,118.49,118.49,69.78
ITM-000008006,ORD-00005808,PRD-00067,1,44.99,16.41,44.99,44.99,28.58
ITM-000008007,ORD-00005809,PRD-00076,1,62.99,25.51,62.99,62.99,37.48
ITM-000008008,ORD-00005810,PRD-00014,1,337.99,200.36,337.99,337.99,137.63
ITM-000008009,ORD-00005811,PRD-00042,1,121.99,52.18,121.99,121.99,69.81
ITM-000008010,ORD-00005811,PRD-00077,1,22.99,8.27,22.99,22.99,14.72
ITM-000008011,ORD-00005811,PRD-00039,3,40.99,18.26,122.97,122.97,68.19
ITM-000008012,ORD-00005812,PRD-00014,1,337.99,200.36,337.99,337.99,137.63
ITM-000008013,ORD-00005812,PRD-00015,1,205.99,123.35,205.99,205.99,82.64
ITM-000008014,ORD-00005813,PRD-00058,1,152.99,69.5,152.99,152.99,83.49
ITM-000008015,ORD-00005813,PRD-00009,1,94.99,52.51,94.99,94.99,42.48
ITM-000008016,ORD-00005814,PRD-00052,1,118.49,48.71,118.49,118.49,69.78
ITM-000008017,ORD-00005815,PRD-00024,1,54.99,26.28,54.99,54.99,28.71
ITM-000008018,ORD-00005816,PRD-00011,1,179.99,102.31,179.99,179.99,77.68
ITM-000008019,ORD-00005816,PRD-00070,1,64.99,25.31,64.99,64.99,39.68
ITM-000008020,ORD-00005816,PRD-00050,1,173.99,93.04,173.99,173.99,80.95
ITM-000008021,ORD-00005817,PRD-00021,1,114.99,46.3,114.99,114.99,68.69
ITM-000008022,ORD-00005818,PRD-00039,1,40.99,18.26,40.99,40.99,22.73
ITM-000008023,ORD-00005819,PRD-00064,2,24.99,6.91,49.98,49.98,36.16
ITM-000008024,ORD-00005820,PRD-00093,1,227.99,111.71,227.99,227.99,116.28
ITM-000008025,ORD-00005821,PRD-00022,1,49.99,20.52,49.99,49.99,29.47
ITM-000008026,ORD-00005822,PRD-00015,1,205.99,123.35,205.99,205.99,82.64
ITM-000008027,ORD-00005823,PRD-00078,1,25.99,9.37,25.99,25.99,16.62
ITM-000008028,ORD-00005824,PRD-00037,1,41.99,15.18,41.99,41.99,26.81
ITM-000008029,ORD-00005825,PRD-00054,1,137.99,68.35,137.99,137.99,69.64
ITM-000008030,ORD-00005826,PRD-00071,1,86.99,31.3,86.99,86.99,55.69
ITM-000008031,ORD-00005826,PRD-00075,1,56.99,20.25,56.99,56.99,36.74
ITM-000008032,ORD-00005827,PRD-00087,1,43.99,24.1,43.99,43.99,19.89
ITM-000008033,ORD-00005828,PRD-00017,1,244.99,144.79,244.99,244.99,100.2
ITM-000008034,ORD-00005829,PRD-00078,2,25.99,9.37,51.98,51.98,33.24
ITM-000008035,ORD-00005830,PRD-00006,1,391.99,223.93,391.99,391.99,168.06
ITM-000008036,ORD-00005830,PRD-00088,1,211.99,101.84,211.99,211.99,110.15
ITM-000008037,ORD-00005830,PRD-00059,1,47.49,23.54,47.49,47.49,23.95
ITM-000008038,ORD-00005831,PRD-00007,2,316.99,172.8,633.98,633.98,288.38
ITM-000008039,ORD-00005832,PRD-00016,1,129.99,78.72,129.99,129.99,51.27
ITM-000008040,ORD-00005833,PRD-00048,1,33.49,15.83,33.49,33.49,17.66
ITM-000008041,ORD-00005834,PRD-00015,1,205.99,123.35,205.99,205.99,82.64
ITM-000008042,ORD-00005834,PRD-00061,1,75.99,20.12,75.99,75.99,55.87
ITM-000008043,ORD-00005835,PRD-00054,1,137.99,68.35,137.99,137.99,69.64
ITM-000008044,ORD-00005836,PRD-00086,1,140.99,72.94,140.99,140.99,68.05
ITM-000008045,ORD-00005836,PRD-00070,1,64.99,25.31,64.99,64.99,39.68
ITM-000008046,ORD-00005836,PRD-00082,1,151.49,68.21,151.49,151.49,83.28
ITM-000008047,ORD-00005837,PRD-00025,1,55.99,23.35,55.99,55.99,32.64
ITM-000008048,ORD-00005838,PRD-00095,1,204.99,100.6,204.99,204.99,104.39
ITM-000008049,ORD-00005839,PRD-00036,1,73.99,30.02,73.99,73.99,43.97
ITM-000008050,ORD-00005839,PRD-00037,1,41.99,15.18,41.99,41.99,26.81
ITM-000008051,ORD-00005839,PRD-00029,1,94.49,33.63,94.49,94.49,60.86
ITM-000008052,ORD-00005840,PRD-00027,1,83.99,34.49,83.99,83.99,49.5
ITM-000008053,ORD-00005841,PRD-00020,1,271.99,147.22,271.99,271.99,124.77
ITM-000008054,ORD-00005841,PRD-00051,1,52.99,21.94,52.99,52.99,31.05
ITM-000008055,ORD-00005841,PRD-00097,1,167.49,87.54,167.49,167.49,79.95
ITM-000008056,ORD-00005842,PRD-00094,1,245.99,110.0,245.99,245.99,135.99
ITM-000008057,ORD-00005843,PRD-00009,2,94.99,52.51,189.98,189.98,84.96
ITM-000008058,ORD-00005844,PRD-00043,1,105.99,49.95,105.99,105.99,56.04
ITM-000008059,ORD-00005844,PRD-00075,1,56.99,20.25,56.99,56.99,36.74
ITM-000008060,ORD-00005845,PRD-00017,1,244.99,144.79,244.99,244.99,100.2
ITM-000008061,ORD-00005846,PRD-00072,2,36.99,11.8,73.98,73.98,50.38
ITM-000008062,ORD-00005846,PRD-00067,1,44.99,16.41,44.99,44.99,28.58
ITM-000008063,ORD-00005847,PRD-00018,1,72.99,37.97,72.99,72.99,35.02
ITM-000008064,ORD-00005847,PRD-00056,1,135.49,71.03,135.49,135.49,64.46
ITM-000008065,ORD-00005848,PRD-00093,1,227.99,111.71,227.99,227.99,116.28
ITM-000008066,ORD-00005849,PRD-00038,1,77.49,36.23,77.49,77.49,41.26
ITM-000008067,ORD-00005850,PRD-00053,1,47.99,23.38,47.99,47.99,24.61
ITM-000008068,ORD-00005851,PRD-00046,1,113.49,52.53,113.49,113.49,60.96
ITM-000008069,ORD-00005852,PRD-00074,1,16.99,6.2,16.99,16.99,10.79
ITM-000008070,ORD-00005853,PRD-00066,1,84.99,33.73,84.99,84.99,51.26
ITM-000008071,ORD-00005854,PRD-00066,1,84.99,33.73,84.99,84.99,51.26
ITM-000008072,ORD-00005854,PRD-00033,1,27.99,11.51,27.99,27.99,16.48
ITM-000008073,ORD-00005855,PRD-00072,1,36.99,11.8,36.99,36.99,25.19
ITM-000008074,ORD-00005855,PRD-00061,1,75.99,20.12,75.99,75.99,55.87
ITM-000008075,ORD-00005856,PRD-00043,1,105.99,49.95,105.99,105.99,56.04
ITM-000008076,ORD-00005857,PRD-00043,1,105.99,49.95,105.99,105.99,56.04
ITM-000008077,ORD-00005857,PRD-00025,1,55.99,23.35,55.99,55.99,32.64
ITM-000008078,ORD-00005857,PRD-00011,1,179.99,102.31,179.99,179.99,77.68
ITM-000008079,ORD-00005858,PRD-00005,2,82.99,47.75,165.98,165.98,70.48
ITM-000008080,ORD-00005858,PRD-00020,2,271.99,147.22,543.98,543.98,249.54
ITM-000008081,ORD-00005859,PRD-00071,1,86.99,31.3,86.99,86.99,55.69
ITM-000008082,ORD-00005860,PRD-00015,2,205.99,123.35,411.98,411.98,165.28
ITM-000008083,ORD-00005861,PRD-00086,1,140.99,72.94,140.99,140.99,68.05
ITM-000008084,ORD-00005861,PRD-00053,1,47.99,23.38,47.99,47.99,24.61
ITM-000008085,ORD-00005862,PRD-00084,1,31.99,15.58,31.99,31.99,16.41
ITM-000008086,ORD-00005863,PRD-00072,1,36.99,11.8,36.99,36.99,25.19
ITM-000008087,ORD-00005864,PRD-00094,2,245.99,110.0,491.98,491.98,271.98
ITM-000008088,ORD-00005865,PRD-00062,1,68.49,27.5,68.49,68.49,40.99
ITM-000008089,ORD-00005866,PRD-00005,2,82.99,47.75,165.98,165.98,70.48
ITM-000008090,ORD-00005867,PRD-00027,3,83.99,34.49,251.97,251.97,148.5
ITM-000008091,ORD-00005867,PRD-00037,1,41.99,15.18,41.99,41.99,26.81
ITM-000008092,ORD-00005868,PRD-00087,1,43.99,24.1,43.99,43.99,19.89
ITM-000008093,ORD-00005869,PRD-00040,1,98.99,45.24,98.99,98.99,53.75
ITM-000008094,ORD-00005869,PRD-00031,2,110.99,51.16,221.98,221.98,119.66
ITM-000008095,ORD-00005869,PRD-00027,1,83.99,34.49,83.99,83.99,49.5
ITM-000008096,ORD-00005870,PRD-00068,1,37.49,12.61,37.49,37.49,24.88
ITM-000008097,ORD-00005871,PRD-00041,1,180.99,84.81,180.99,180.99,96.18
ITM-000008098,ORD-00005871,PRD-00089,1,31.99,18.14,31.99,31.99,13.85
ITM-000008099,ORD-00005872,PRD-00059,1,47.49,23.54,47.49,47.49,23.95
ITM-000008100,ORD-00005873,PRD-00071,1,86.99,31.3,86.99,86.99,55.69
ITM-000008101,ORD-00005874,PRD-00076,1,62.99,25.51,62.99,62.99,37.48
ITM-000008102,ORD-00005875,PRD-00062,1,68.49,27.5,68.49,68.49,40.99
ITM-000008103,ORD-00005875,PRD-00027,2,83.99,34.49,167.98,167.98,99.0
ITM-000008104,ORD-00005876,PRD-00007,1,316.99,172.8,316.99,316.99,144.19
ITM-000008105,ORD-00005877,PRD-00088,1,211.99,101.84,211.99,211.99,110.15
ITM-000008106,ORD-00005878,PRD-00037,1,41.99,15.18,41.99,41.99,26.81
ITM-000008107,ORD-00005878,PRD-00021,1,114.99,46.3,114.99,114.99,68.69
ITM-000008108,ORD-00005878,PRD-00054,1,137.99,68.35,137.99,137.99,69.64
ITM-000008109,ORD-00005879,PRD-00020,1,271.99,147.22,271.99,271.99,124.77
ITM-000008110,ORD-00005880,PRD-00080,3,87.99,32.75,263.97,263.97,165.72
ITM-000008111,ORD-00005881,PRD-00075,3,56.99,20.25,170.97,170.97,110.22
ITM-000008112,ORD-00005882,PRD-00050,1,173.99,93.04,173.99,173.99,80.95
ITM-000008113,ORD-00005883,PRD-00060,1,176.49,84.75,176.49,176.49,91.74
ITM-000008114,ORD-00005884,PRD-00078,1,25.99,9.37,25.99,25.99,16.62
ITM-000008115,ORD-00005885,PRD-00004,1,294.49,168.07,294.49,294.49,126.42
ITM-000008116,ORD-00005886,PRD-00059,1,47.49,23.54,47.49,47.49,23.95
ITM-000008117,ORD-00005886,PRD-00066,1,84.99,33.73,84.99,84.99,51.26
ITM-000008118,ORD-00005886,PRD-00044,1,72.99,36.23,72.99,72.99,36.76
ITM-000008119,ORD-00005887,PRD-00058,1,152.99,69.5,152.99,152.99,83.49
ITM-000008120,ORD-00005887,PRD-00061,1,75.99,20.12,75.99,75.99,55.87
ITM-000008121,ORD-00005888,PRD-00083,1,115.99,58.28,115.99,115.99,57.71
ITM-000008122,ORD-00005889,PRD-00072,2,36.99,11.8,73.98,73.98,50.38
ITM-000008123,ORD-00005890,PRD-00042,1,121.99,52.18,121.99,121.99,69.81
ITM-000008124,ORD-00005891,PRD-00011,2,179.99,102.31,359.98,359.98,155.36
ITM-000008125,ORD-00005892,PRD-00099,1,50.99,27.57,50.99,50.99,23.42
ITM-000008126,ORD-00005892,PRD-00038,2,77.49,36.23,154.98,154.98,82.52
ITM-000008127,ORD-00005893,PRD-00096,1,199.99,116.57,199.99,199.99,83.42
ITM-000008128,ORD-00005894,PRD-00032,2,42.49,17.54,84.98,84.98,49.9
ITM-000008129,ORD-00005894,PRD-00079,1,46.49,15.84,46.49,46.49,30.65
ITM-000008130,ORD-00005895,PRD-00092,1,214.99,101.72,214.99,214.99,113.27
ITM-000008131,ORD-00005895,PRD-00079,1,46.49,15.84,46.49,46.49,30.65
ITM-000008132,ORD-00005896,PRD-00055,1,74.99,31.61,74.99,74.99,43.38
ITM-000008133,ORD-00005896,PRD-00034,1,34.99,12.79,34.99,34.99,22.2
ITM-000008134,ORD-00005896,PRD-00032,1,42.49,17.54,42.49,42.49,24.95
ITM-000008135,ORD-00005897,PRD-00019,1,339.99,208.97,339.99,339.99,131.02
ITM-000008136,ORD-00005898,PRD-00001,1,320.99,176.63,320.99,320.99,144.36
ITM-000008137,ORD-00005899,PRD-00073,1,84.49,28.1,84.49,84.49,56.39
ITM-000008138,ORD-00005899,PRD-00001,1,320.99,176.63,320.99,320.99,144.36
ITM-000008139,ORD-00005900,PRD-00059,1,47.49,23.54,47.49,47.49,23.95
ITM-000008140,ORD-00005901,PRD-00011,1,179.99,102.31,179.99,179.99,77.68
ITM-000008141,ORD-00005901,PRD-00013,1,275.99,176.16,275.99,275.99,99.83
ITM-000008142,ORD-00005902,PRD-00094,1,245.99,110.0,245.99,245.99,135.99
ITM-000008143,ORD-00005902,PRD-00072,1,36.99,11.8,36.99,36.99,25.19
ITM-000008144,ORD-00005903,PRD-00041,1,180.99,84.81,180.99,180.99,96.18
ITM-000008145,ORD-00005904,PRD-00045,1,83.49,36.38,83.49,83.49,47.11
ITM-000008146,ORD-00005904,PRD-00001,1,320.99,176.63,320.99,320.99,144.36
ITM-000008147,ORD-00005905,PRD-00012,1,374.49,207.75,374.49,374.49,166.74
ITM-000008148,ORD-00005905,PRD-00083,1,115.99,58.28,115.99,115.99,57.71
ITM-000008149,ORD-00005906,PRD-00041,1,180.99,84.81,180.99,180.99,96.18
ITM-000008150,ORD-00005906,PRD-00090,1,232.99,113.86,232.99,232.99,119.13
ITM-000008151,ORD-00005906,PRD-00098,1,199.49,113.09,199.49,199.49,86.4
ITM-000008152,ORD-00005907,PRD-00059,1,47.49,23.54,47.49,47.49,23.95
ITM-000008153,ORD-00005908,PRD-00053,1,47.99,23.38,47.99,47.99,24.61
ITM-000008154,ORD-00005908,PRD-00093,1,227.99,111.71,227.99,227.99,116.28
ITM-000008155,ORD-00005909,PRD-00058,1,152.99,69.5,152.99,152.99,83.49
ITM-000008156,ORD-00005910,PRD-00055,1,74.99,31.61,74.99,74.99,43.38
ITM-000008157,ORD-00005911,PRD-00097,1,167.49,87.54,167.49,167.49,79.95
ITM-000008158,ORD-00005912,PRD-00021,1,114.99,46.3,114.99,114.99,68.69
ITM-000008159,ORD-00005912,PRD-00066,1,84.99,33.73,84.99,84.99,51.26
ITM-000008160,ORD-00005913,PRD-00066,2,84.99,33.73,169.98,169.98,102.52
ITM-000008161,ORD-00005914,PRD-00077,2,22.99,8.27,45.98,45.98,29.44
ITM-000008162,ORD-00005915,PRD-00039,1,40.99,18.26,40.99,40.99,22.73
ITM-000008163,ORD-00005915,PRD-00008,2,325.99,186.16,651.98,651.98,279.66
ITM-000008164,ORD-00005916,PRD-00047,2,100.99,42.27,201.98,201.98,117.44
ITM-000008165,ORD-00005917,PRD-00020,1,271.99,147.22,271.99,271.99,124.77
ITM-000008166,ORD-00005917,PRD-00040,1,98.99,45.24,98.99,98.99,53.75
ITM-000008167,ORD-00005918,PRD-00042,1,121.99,52.18,121.99,121.99,69.81
ITM-000008168,ORD-00005918,PRD-00072,2,36.99,11.8,73.98,73.98,50.38
ITM-000008169,ORD-00005919,PRD-00010,1,207.99,120.07,207.99,207.99,87.92
ITM-000008170,ORD-00005919,PRD-00078,1,25.99,9.37,25.99,25.99,16.62
ITM-000008171,ORD-00005920,PRD-00037,1,41.99,15.18,41.99,41.99,26.81
ITM-000008172,ORD-00005920,PRD-00040,1,98.99,45.24,98.99,98.99,53.75
ITM-000008173,ORD-00005921,PRD-00092,1,214.99,101.72,214.99,214.99,113.27
ITM-000008174,ORD-00005922,PRD-00063,2,70.49,27.76,140.98,140.98,85.46
ITM-000008175,ORD-00005923,PRD-00010,1,207.99,120.07,207.99,207.99,87.92
ITM-000008176,ORD-00005924,PRD-00073,1,84.49,28.1,84.49,84.49,56.39
ITM-000008177,ORD-00005925,PRD-00034,2,34.99,12.79,69.98,69.98,44.4
ITM-000008178,ORD-00005926,PRD-00098,2,199.49,113.09,398.98,398.98,172.8
ITM-000008179,ORD-00005927,PRD-00046,1,113.49,52.53,113.49,113.49,60.96
ITM-000008180,ORD-00005927,PRD-00081,1,77.99,39.19,77.99,77.99,38.8
ITM-000008181,ORD-00005927,PRD-00054,1,137.99,68.35,137.99,137.99,69.64
ITM-000008182,ORD-00005928,PRD-00050,1,173.99,93.04,173.99,173.99,80.95
ITM-000008183,ORD-00005929,PRD-00078,1,25.99,9.37,25.99,25.99,16.62
ITM-000008184,ORD-00005929,PRD-00015,1,205.99,123.35,205.99,205.99,82.64
ITM-000008185,ORD-00005930,PRD-00039,1,40.99,18.26,40.99,40.99,22.73
ITM-000008186,ORD-00005930,PRD-00059,1,47.49,23.54,47.49,47.49,23.95
ITM-000008187,ORD-00005930,PRD-00077,1,22.99,8.27,22.99,22.99,14.72
ITM-000008188,ORD-00005931,PRD-00100,1,143.99,66.17,143.99,143.99,77.82
ITM-000008189,ORD-00005932,PRD-00037,1,41.99,15.18,41.99,41.99,26.81
ITM-000008190,ORD-00005932,PRD-00089,1,31.99,18.14,31.99,31.99,13.85
ITM-000008191,ORD-00005932,PRD-00087,1,43.99,24.1,43.99,43.99,19.89
ITM-000008192,ORD-00005933,PRD-00034,1,34.99,12.79,34.99,34.99,22.2
ITM-000008193,ORD-00005934,PRD-00034,2,34.99,12.79,69.98,69.98,44.4
ITM-000008194,ORD-00005935,PRD-00089,1,31.99,18.14,31.99,31.99,13.85
ITM-000008195,ORD-00005936,PRD-00070,1,64.99,25.31,64.99,64.99,39.68
ITM-000008196,ORD-00005937,PRD-00090,1,232.99,113.86,232.99,232.99,119.13
ITM-000008197,ORD-00005938,PRD-00021,1,114.99,46.3,114.99,114.99,68.69
ITM-000008198,ORD-00005939,PRD-00027,2,83.99,34.49,167.98,167.98,99.0
ITM-000008199,ORD-00005940,PRD-00089,1,31.99,18.14,31.99,31.99,13.85
ITM-000008200,ORD-00005940,PRD-00088,2,211.99,101.84,423.98,423.98,220.3
ITM-000008201,ORD-00005941,PRD-00045,1,83.49,36.38,83.49,83.49,47.11
ITM-000008202,ORD-00005941,PRD-00029,1,94.49,33.63,94.49,94.49,60.86
ITM-000008203,ORD-00005942,PRD-00002,1,203.99,113.88,203.99,203.99,90.11
ITM-000008204,ORD-00005943,PRD-00016,1,129.99,78.72,129.99,129.99,51.27
ITM-000008205,ORD-00005944,PRD-00001,1,320.99,176.63,320.99,320.99,144.36
ITM-000008206,ORD-00005945,PRD-00035,1,100.99,39.04,100.99,100.99,61.95
ITM-000008207,ORD-00005946,PRD-00035,1,100.99,39.04,100.99,100.99,61.95
ITM-000008208,ORD-00005947,PRD-00062,1,68.49,27.5,68.49,68.49,40.99
ITM-000008209,ORD-00005948,PRD-00086,1,140.99,72.94,140.99,140.99,68.05
ITM-000008210,ORD-00005949,PRD-00038,1,77.49,36.23,77.49,77.49,41.26
ITM-000008211,ORD-00005950,PRD-00022,1,49.99,20.52,49.99,49.99,29.47
ITM-000008212,ORD-00005951,PRD-00060,1,176.49,84.75,176.49,176.49,91.74
ITM-000008213,ORD-00005951,PRD-00035,1,100.99,39.04,100.99,100.99,61.95
ITM-000008214,ORD-00005952,PRD-00017,1,244.99,144.79,244.99,244.99,100.2
ITM-000008215,ORD-00005953,PRD-00089,1,31.99,18.14,31.99,31.99,13.85
ITM-000008216,ORD-00005953,PRD-00028,1,107.49,45.05,107.49,107.49,62.44
ITM-000008217,ORD-00005954,PRD-00052,1,118.49,48.71,118.49,118.49,69.78
ITM-000008218,ORD-00005955,PRD-00024,1,54.99,26.28,54.99,54.99,28.71
ITM-000008219,ORD-00005956,PRD-00017,3,244.99,144.79,734.97,734.97,300.6
ITM-000008220,ORD-00005957,PRD-00088,1,211.99,101.84,211.99,211.99,110.15
ITM-000008221,ORD-00005958,PRD-00052,1,118.49,48.71,118.49,118.49,69.78
ITM-000008222,ORD-00005958,PRD-00083,1,115.99,58.28,115.99,115.99,57.71
ITM-000008223,ORD-00005959,PRD-00026,1,94.99,41.91,94.99,94.99,53.08
ITM-000008224,ORD-00005959,PRD-00079,1,46.49,15.84,46.49,46.49,30.65
ITM-000008225,ORD-00005960,PRD-00054,1,137.99,68.35,137.99,137.99,69.64
ITM-000008226,ORD-00005961,PRD-00038,1,77.49,36.23,77.49,77.49,41.26
ITM-000008227,ORD-00005961,PRD-00051,1,52.99,21.94,52.99,52.99,31.05
ITM-000008228,ORD-00005962,PRD-00062,1,68.49,27.5,68.49,68.49,40.99
ITM-000008229,ORD-00005963,PRD-00039,2,40.99,18.26,81.98,81.98,45.46
ITM-000008230,ORD-00005963,PRD-00018,1,72.99,37.97,72.99,72.99,35.02
ITM-000008231,ORD-00005964,PRD-00047,1,100.99,42.27,100.99,100.99,58.72
ITM-000008232,ORD-00005965,PRD-00061,1,75.99,20.12,75.99,75.99,55.87
ITM-000008233,ORD-00005966,PRD-00074,2,16.99,6.2,33.98,33.98,21.58
ITM-000008234,ORD-00005967,PRD-00070,2,64.99,25.31,129.98,129.98,79.36
ITM-000008235,ORD-00005967,PRD-00076,1,62.99,25.51,62.99,62.99,37.48
ITM-000008236,ORD-00005968,PRD-00038,1,77.49,36.23,77.49,77.49,41.26
ITM-000008237,ORD-00005969,PRD-00086,1,140.99,72.94,140.99,140.99,68.05
ITM-000008238,ORD-00005970,PRD-00086,1,140.99,72.94,140.99,140.99,68.05
ITM-000008239,ORD-00005971,PRD-00087,1,43.99,24.1,43.99,43.99,19.89
ITM-000008240,ORD-00005972,PRD-00061,2,75.99,20.12,151.98,151.98,111.74
ITM-000008241,ORD-00005973,PRD-00029,1,94.49,33.63,94.49,94.49,60.86
ITM-000008242,ORD-00005974,PRD-00024,1,54.99,26.28,54.99,54.99,28.71
ITM-000008243,ORD-00005975,PRD-00037,1,41.99,15.18,41.99,41.99,26.81
ITM-000008244,ORD-00005975,PRD-00024,1,54.99,26.28,54.99,54.99,28.71
ITM-000008245,ORD-00005975,PRD-00062,1,68.49,27.5,68.49,68.49,40.99
ITM-000008246,ORD-00005976,PRD-00057,1,146.49,75.56,146.49,146.49,70.93
ITM-000008247,ORD-00005977,PRD-00026,1,94.99,41.91,94.99,94.99,53.08
ITM-000008248,ORD-00005977,PRD-00049,1,162.99,86.22,162.99,162.99,76.77
ITM-000008249,ORD-00005978,PRD-00082,3,151.49,68.21,454.47,454.47,249.84
ITM-000008250,ORD-00005978,PRD-00018,1,72.99,37.97,72.99,72.99,35.02
ITM-000008251,ORD-00005979,PRD-00028,1,107.49,45.05,107.49,107.49,62.44
ITM-000008252,ORD-00005980,PRD-00059,1,47.49,23.54,47.49,47.49,23.95
ITM-000008253,ORD-00005980,PRD-00080,1,87.99,32.75,87.99,87.99,55.24
ITM-000008254,ORD-00005981,PRD-00067,1,44.99,16.41,44.99,44.99,28.58
ITM-000008255,ORD-00005982,PRD-00054,1,137.99,68.35,137.99,137.99,69.64
ITM-000008256,ORD-00005983,PRD-00011,2,179.99,102.31,359.98,359.98,155.36
ITM-000008257,ORD-00005984,PRD-00062,1,68.49,27.5,68.49,68.49,40.99
ITM-000008258,ORD-00005984,PRD-00023,1,31.99,14.2,31.99,31.99,17.79
ITM-000008259,ORD-00005985,PRD-00098,1,199.49,113.09,199.49,199.49,86.4
ITM-000008260,ORD-00005986,PRD-00073,1,84.49,28.1,84.49,84.49,56.39
ITM-000008261,ORD-00005986,PRD-00077,1,22.99,8.27,22.99,22.99,14.72
ITM-000008262,ORD-00005987,PRD-00001,1,320.99,176.63,320.99,320.99,144.36
ITM-000008263,ORD-00005987,PRD-00089,2,31.99,18.14,63.98,63.98,27.7
ITM-000008264,ORD-00005988,PRD-00010,1,207.99,120.07,207.99,207.99,87.92
ITM-000008265,ORD-00005988,PRD-00072,1,36.99,11.8,36.99,36.99,25.19
ITM-000008266,ORD-00005989,PRD-00016,1,129.99,78.72,129.99,129.99,51.27
ITM-000008267,ORD-00005990,PRD-00040,1,98.99,45.24,98.99,98.99,53.75
ITM-000008268,ORD-00005991,PRD-00028,1,107.49,45.05,107.49,107.49,62.44
ITM-000008269,ORD-00005992,PRD-00004,2,294.49,168.07,588.98,588.98,252.84
ITM-000008270,ORD-00005993,PRD-00072,1,36.99,11.8,36.99,36.99,25.19
ITM-000008271,ORD-00005994,PRD-00026,1,94.99,41.91,94.99,94.99,53.08
ITM-000008272,ORD-00005995,PRD-00055,1,74.99,31.61,74.99,74.99,43.38
ITM-000008273,ORD-00005995,PRD-00082,1,151.49,68.21,151.49,151.49,83.28
ITM-000008274,ORD-00005995,PRD-00096,2,199.99,116.57,399.98,399.98,166.84
ITM-000008275,ORD-00005996,PRD-00028,3,107.49,45.05,322.47,322.47,187.32
ITM-000008276,ORD-00005997,PRD-00060,1,176.49,84.75,176.49,176.49,91.74
ITM-000008277,ORD-00005997,PRD-00054,1,137.99,68.35,137.99,137.99,69.64
ITM-000008278,ORD-00005997,PRD-00004,1,294.49,168.07,294.49,294.49,126.42
ITM-000008279,ORD-00005998,PRD-00058,1,152.99,69.5,152.99,152.99,83.49
ITM-000008280,ORD-00005999,PRD-00085,1,105.99,56.37,105.99,105.99,49.62
ITM-000008281,ORD-00006000,PRD-00076,2,62.99,25.51,125.98,125.98,74.96
ITM-000008282,ORD-00006001,PRD-00076,1,62.99,25.51,62.99,62.99,37.48
ITM-000008283,ORD-00006002,PRD-00047,1,100.99,42.27,100.99,100.99,58.72
ITM-000008284,ORD-00006003,PRD-00096,1,199.99,116.57,199.99,199.99,83.42
ITM-000008285,ORD-00006004,PRD-00091,1,42.99,22.68,42.99,42.99,20.31
ITM-000008286,ORD-00006005,PRD-00008,3,325.99,186.16,977.97,977.97,419.49
ITM-000008287,ORD-00006006,PRD-00098,1,199.49,113.09,199.49,199.49,86.4
ITM-000008288,ORD-00006007,PRD-00043,1,105.99,49.95,105.99,105.99,56.04
ITM-000008289,ORD-00006008,PRD-00065,1,24.99,5.84,24.99,24.99,19.15
ITM-000008290,ORD-00006009,PRD-00009,1,94.99,52.51,94.99,94.99,42.48
ITM-000008291,ORD-00006009,PRD-00004,1,294.49,168.07,294.49,294.49,126.42
ITM-000008292,ORD-00006010,PRD-00093,1,227.99,111.71,227.99,227.99,116.28
ITM-000008293,ORD-00006011,PRD-00016,1,129.99,78.72,129.99,129.99,51.27
ITM-000008294,ORD-00006012,PRD-00060,1,176.49,84.75,176.49,176.49,91.74
ITM-000008295,ORD-00006013,PRD-00039,1,40.99,18.26,40.99,40.99,22.73
ITM-000008296,ORD-00006013,PRD-00034,1,34.99,12.79,34.99,34.99,22.2
ITM-000008297,ORD-00006013,PRD-00010,1,207.99,120.07,207.99,207.99,87.92
ITM-000008298,ORD-00006014,PRD-00005,1,82.99,47.75,82.99,82.99,35.24
ITM-000008299,ORD-00006015,PRD-00053,1,47.99,23.38,47.99,47.99,24.61
ITM-000008300,ORD-00006016,PRD-00031,1,110.99,51.16,110.99,110.99,59.83
ITM-000008301,ORD-00006017,PRD-00036,1,73.99,30.02,73.99,73.99,43.97
ITM-000008302,ORD-00006017,PRD-00055,1,74.99,31.61,74.99,74.99,43.38
ITM-000008303,ORD-00006018,PRD-00022,1,49.99,20.52,49.99,49.99,29.47
ITM-000008304,ORD-00006019,PRD-00087,1,43.99,24.1,43.99,43.99,19.89
ITM-000008305,ORD-00006020,PRD-00070,1,64.99,25.31,64.99,64.99,39.68
ITM-000008306,ORD-00006020,PRD-00018,1,72.99,37.97,72.99,72.99,35.02
ITM-000008307,ORD-00006021,PRD-00084,2,31.99,15.58,63.98,63.98,32.82
ITM-000008308,ORD-00006021,PRD-00073,2,84.49,28.1,168.98,168.98,112.78
ITM-000008309,ORD-00006022,PRD-00025,1,55.99,23.35,55.99,55.99,32.64
ITM-000008310,ORD-00006023,PRD-00098,2,199.49,113.09,398.98,398.98,172.8
ITM-000008311,ORD-00006023,PRD-00041,2,180.99,84.81,361.98,361.98,192.36
ITM-000008312,ORD-00006024,PRD-00073,2,84.49,28.1,168.98,168.98,112.78
ITM-000008313,ORD-00006024,PRD-00064,2,24.99,6.91,49.98,49.98,36.16
ITM-000008314,ORD-00006025,PRD-00054,1,137.99,68.35,137.99,137.99,69.64
ITM-000008315,ORD-00006026,PRD-00057,1,146.49,75.56,146.49,146.49,70.93
ITM-000008316,ORD-00006027,PRD-00087,1,43.99,24.1,43.99,43.99,19.89
ITM-000008317,ORD-00006027,PRD-00070,1,64.99,25.31,64.99,64.99,39.68
ITM-000008318,ORD-00006028,PRD-00076,1,62.99,25.51,62.99,62.99,37.48
ITM-000008319,ORD-00006029,PRD-00012,1,374.49,207.75,374.49,374.49,166.74
ITM-000008320,ORD-00006029,PRD-00016,3,129.99,78.72,389.97,389.97,153.81
ITM-000008321,ORD-00006029,PRD-00014,1,337.99,200.36,337.99,337.99,137.63
ITM-000008322,ORD-00006030,PRD-00100,1,143.99,66.17,143.99,143.99,77.82
ITM-000008323,ORD-00006031,PRD-00004,1,294.49,168.07,294.49,294.49,126.42
ITM-000008324,ORD-00006032,PRD-00020,1,271.99,147.22,271.99,271.99,124.77
ITM-000008325,ORD-00006033,PRD-00051,1,52.99,21.94,52.99,52.99,31.05
ITM-000008326,ORD-00006034,PRD-00039,1,40.99,18.26,40.99,40.99,22.73
ITM-000008327,ORD-00006034,PRD-00024,3,54.99,26.28,164.97,164.97,86.13
ITM-000008328,ORD-00006035,PRD-00032,1,42.49,17.54,42.49,42.49,24.95
ITM-000008329,ORD-00006036,PRD-00068,1,37.49,12.61,37.49,37.49,24.88
ITM-000008330,ORD-00006036,PRD-00087,1,43.99,24.1,43.99,43.99,19.89
ITM-000008331,ORD-00006037,PRD-00030,1,67.99,29.21,67.99,67.99,38.78
ITM-000008332,ORD-00006038,PRD-00094,1,245.99,110.0,245.99,245.99,135.99
ITM-000008333,ORD-00006039,PRD-00061,1,75.99,20.12,75.99,75.99,55.87
ITM-000008334,ORD-00006039,PRD-00047,3,100.99,42.27,302.97,302.97,176.16
ITM-000008335,ORD-00006040,PRD-00028,1,107.49,45.05,107.49,107.49,62.44
ITM-000008336,ORD-00006041,PRD-00062,1,68.49,27.5,68.49,68.49,40.99
ITM-000008337,ORD-00006042,PRD-00070,1,64.99,25.31,64.99,64.99,39.68
ITM-000008338,ORD-00006042,PRD-00011,2,179.99,102.31,359.98,359.98,155.36
ITM-000008339,ORD-00006043,PRD-00028,1,107.49,45.05,107.49,107.49,62.44
ITM-000008340,ORD-00006044,PRD-00011,1,179.99,102.31,179.99,179.99,77.68
ITM-000008341,ORD-00006045,PRD-00064,1,24.99,6.91,24.99,24.99,18.08
ITM-000008342,ORD-00006046,PRD-00036,1,73.99,30.02,73.99,73.99,43.97
ITM-000008343,ORD-00006046,PRD-00044,1,72.99,36.23,72.99,72.99,36.76
ITM-000008344,ORD-00006047,PRD-00059,1,47.49,23.54,47.49,47.49,23.95
ITM-000008345,ORD-00006048,PRD-00033,2,27.99,11.51,55.98,55.98,32.96
ITM-000008346,ORD-00006049,PRD-00082,1,151.49,68.21,151.49,151.49,83.28
ITM-000008347,ORD-00006049,PRD-00038,2,77.49,36.23,154.98,154.98,82.52
ITM-000008348,ORD-00006049,PRD-00066,1,84.99,33.73,84.99,84.99,51.26
ITM-000008349,ORD-00006050,PRD-00008,3,325.99,186.16,977.97,977.97,419.49
ITM-000008350,ORD-00006051,PRD-00037,1,41.99,15.18,41.99,41.99,26.81
ITM-000008351,ORD-00006052,PRD-00024,3,54.99,26.28,164.97,164.97,86.13
ITM-000008352,ORD-00006053,PRD-00065,1,24.99,5.84,24.99,24.99,19.15
ITM-000008353,ORD-00006054,PRD-00087,1,43.99,24.1,43.99,43.99,19.89
ITM-000008354,ORD-00006055,PRD-00034,3,34.99,12.79,104.97,104.97,66.6
ITM-000008355,ORD-00006056,PRD-00004,1,294.49,168.07,294.49,294.49,126.42
ITM-000008356,ORD-00006057,PRD-00027,1,83.99,34.49,83.99,83.99,49.5
ITM-000008357,ORD-00006058,PRD-00022,1,49.99,20.52,49.99,49.99,29.47
ITM-000008358,ORD-00006059,PRD-00013,2,275.99,176.16,551.98,551.98,199.66
ITM-000008359,ORD-00006060,PRD-00010,2,207.99,120.07,415.98,415.98,175.84
ITM-000008360,ORD-00006061,PRD-00016,1,129.99,78.72,129.99,129.99,51.27
ITM-000008361,ORD-00006062,PRD-00038,1,77.49,36.23,77.49,77.49,41.26
ITM-000008362,ORD-00006062,PRD-00018,1,72.99,37.97,72.99,72.99,35.02
ITM-000008363,ORD-00006063,PRD-00059,2,47.49,23.54,94.98,94.98,47.9
ITM-000008364,ORD-00006063,PRD-00042,1,121.99,52.18,121.99,121.99,69.81
ITM-000008365,ORD-00006063,PRD-00097,1,167.49,87.54,167.49,167.49,79.95
ITM-000008366,ORD-00006064,PRD-00072,1,36.99,11.8,36.99,36.99,25.19
ITM-000008367,ORD-00006064,PRD-00049,1,162.99,86.22,162.99,162.99,76.77
ITM-000008368,ORD-00006065,PRD-00047,2,100.99,42.27,201.98,201.98,117.44
ITM-000008369,ORD-00006066,PRD-00015,2,205.99,123.35,411.98,411.98,165.28
ITM-000008370,ORD-00006067,PRD-00022,1,49.99,20.52,49.99,49.99,29.47
ITM-000008371,ORD-00006068,PRD-00053,1,47.99,23.38,47.99,47.99,24.61
ITM-000008372,ORD-00006069,PRD-00077,1,22.99,8.27,22.99,22.99,14.72
ITM-000008373,ORD-00006070,PRD-00091,1,42.99,22.68,42.99,42.99,20.31
ITM-000008374,ORD-00006071,PRD-00019,1,339.99,208.97,339.99,339.99,131.02
ITM-000008375,ORD-00006071,PRD-00051,1,52.99,21.94,52.99,52.99,31.05
ITM-000008376,ORD-00006072,PRD-00056,1,135.49,71.03,135.49,135.49,64.46
ITM-000008377,ORD-00006073,PRD-00080,1,87.99,32.75,87.99,87.99,55.24
ITM-000008378,ORD-00006073,PRD-00095,1,204.99,100.6,204.99,204.99,104.39
ITM-000008379,ORD-00006074,PRD-00052,1,118.49,48.71,118.49,118.49,69.78
ITM-000008380,ORD-00006075,PRD-00023,1,31.99,14.2,31.99,31.99,17.79
ITM-000008381,ORD-00006075,PRD-00094,2,245.99,110.0,491.98,491.98,271.98
ITM-000008382,ORD-00006076,PRD-00009,1,94.99,52.51,94.99,94.99,42.48
ITM-000008383,ORD-00006076,PRD-00078,3,25.99,9.37,77.97,77.97,49.86
ITM-000008384,ORD-00006077,PRD-00092,1,214.99,101.72,214.99,214.99,113.27
ITM-000008385,ORD-00006078,PRD-00072,1,36.99,11.8,36.99,36.99,25.19
ITM-000008386,ORD-00006079,PRD-00035,1,100.99,39.04,100.99,100.99,61.95
ITM-000008387,ORD-00006079,PRD-00080,1,87.99,32.75,87.99,87.99,55.24
ITM-000008388,ORD-00006080,PRD-00060,1,176.49,84.75,176.49,176.49,91.74
ITM-000008389,ORD-00006081,PRD-00040,1,98.99,45.24,98.99,98.99,53.75
ITM-000008390,ORD-00006082,PRD-00001,1,320.99,176.63,320.99,320.99,144.36
ITM-000008391,ORD-00006083,PRD-00040,2,98.99,45.24,197.98,197.98,107.5
ITM-000008392,ORD-00006083,PRD-00057,1,146.49,75.56,146.49,146.49,70.93
ITM-000008393,ORD-00006084,PRD-00011,1,179.99,102.31,179.99,179.99,77.68
ITM-000008394,ORD-00006085,PRD-00038,1,77.49,36.23,77.49,77.49,41.26
ITM-000008395,ORD-00006086,PRD-00022,3,49.99,20.52,149.97,149.97,88.41
ITM-000008396,ORD-00006087,PRD-00046,1,113.49,52.53,113.49,113.49,60.96
ITM-000008397,ORD-00006088,PRD-00055,1,74.99,31.61,74.99,74.99,43.38
ITM-000008398,ORD-00006089,PRD-00076,1,62.99,25.51,62.99,62.99,37.48
ITM-000008399,ORD-00006090,PRD-00033,1,27.99,11.51,27.99,27.99,16.48
ITM-000008400,ORD-00006091,PRD-00028,2,107.49,45.05,214.98,214.98,124.88
ITM-000008401,ORD-00006092,PRD-00060,1,176.49,84.75,176.49,176.49,91.74
ITM-000008402,ORD-00006092,PRD-00096,1,199.99,116.57,199.99,199.99,83.42
ITM-000008403,ORD-00006093,PRD-00015,1,205.99,123.35,205.99,205.99,82.64
ITM-000008404,ORD-00006094,PRD-00064,1,24.99,6.91,24.99,24.99,18.08
ITM-000008405,ORD-00006095,PRD-00022,1,49.99,20.52,49.99,49.99,29.47
ITM-000008406,ORD-00006096,PRD-00094,1,245.99,110.0,245.99,245.99,135.99
ITM-000008407,ORD-00006097,PRD-00003,1,350.49,212.61,350.49,350.49,137.88
ITM-000008408,ORD-00006098,PRD-00072,2,36.99,11.8,73.98,73.98,50.38
ITM-000008409,ORD-00006099,PRD-00071,1,86.99,31.3,86.99,86.99,55.69
ITM-000008410,ORD-00006099,PRD-00007,1,316.99,172.8,316.99,316.99,144.19
ITM-000008411,ORD-00006100,PRD-00029,1,94.49,33.63,94.49,94.49,60.86
ITM-000008412,ORD-00006100,PRD-00083,1,115.99,58.28,115.99,115.99,57.71
ITM-000008413,ORD-00006100,PRD-00088,1,211.99,101.84,211.99,211.99,110.15
ITM-000008414,ORD-00006101,PRD-00066,1,84.99,33.73,84.99,84.99,51.26
ITM-000008415,ORD-00006102,PRD-00045,2,83.49,36.38,166.98,166.98,94.22
ITM-000008416,ORD-00006103,PRD-00032,1,42.49,17.54,42.49,42.49,24.95
ITM-000008417,ORD-00006104,PRD-00009,1,94.99,52.51,94.99,94.99,42.48
ITM-000008418,ORD-00006105,PRD-00075,1,56.99,20.25,56.99,56.99,36.74
ITM-000008419,ORD-00006105,PRD-00068,1,37.49,12.61,37.49,37.49,24.88
ITM-000008420,ORD-00006106,PRD-00013,1,275.99,176.16,275.99,275.99,99.83
ITM-000008421,ORD-00006107,PRD-00015,1,205.99,123.35,205.99,205.99,82.64
ITM-000008422,ORD-00006108,PRD-00083,1,115.99,58.28,115.99,115.99,57.71
ITM-000008423,ORD-00006108,PRD-00034,1,34.99,12.79,34.99,34.99,22.2
ITM-000008424,ORD-00006108,PRD-00007,2,316.99,172.8,633.98,633.98,288.38
ITM-000008425,ORD-00006109,PRD-00049,1,162.99,86.22,162.99,162.99,76.77
ITM-000008426,ORD-00006110,PRD-00048,1,33.49,15.83,33.49,33.49,17.66
ITM-000008427,ORD-00006110,PRD-00036,1,73.99,30.02,73.99,73.99,43.97
ITM-000008428,ORD-00006111,PRD-00052,1,118.49,48.71,118.49,118.49,69.78
ITM-000008429,ORD-00006112,PRD-00043,1,105.99,49.95,105.99,105.99,56.04
ITM-000008430,ORD-00006112,PRD-00051,2,52.99,21.94,105.98,105.98,62.1
ITM-000008431,ORD-00006113,PRD-00022,1,49.99,20.52,49.99,49.99,29.47
ITM-000008432,ORD-00006113,PRD-00047,1,100.99,42.27,100.99,100.99,58.72
ITM-000008433,ORD-00006114,PRD-00046,1,113.49,52.53,113.49,113.49,60.96
ITM-000008434,ORD-00006115,PRD-00038,1,77.49,36.23,77.49,77.49,41.26
ITM-000008435,ORD-00006115,PRD-00091,2,42.99,22.68,85.98,85.98,40.62
ITM-000008436,ORD-00006116,PRD-00097,1,167.49,87.54,167.49,167.49,79.95
ITM-000008437,ORD-00006117,PRD-00065,1,24.99,5.84,24.99,24.99,19.15
ITM-000008438,ORD-00006118,PRD-00014,1,337.99,200.36,337.99,337.99,137.63
ITM-000008439,ORD-00006119,PRD-00039,1,40.99,18.26,40.99,40.99,22.73
ITM-000008440,ORD-00006119,PRD-00090,1,232.99,113.86,232.99,232.99,119.13
ITM-000008441,ORD-00006120,PRD-00084,1,31.99,15.58,31.99,31.99,16.41
ITM-000008442,ORD-00006121,PRD-00008,1,325.99,186.16,325.99,325.99,139.83
ITM-000008443,ORD-00006122,PRD-00037,2,41.99,15.18,83.98,83.98,53.62
ITM-000008444,ORD-00006123,PRD-00085,1,105.99,56.37,105.99,105.99,49.62
ITM-000008445,ORD-00006124,PRD-00069,2,51.99,14.6,103.98,103.98,74.78
ITM-000008446,ORD-00006125,PRD-00011,2,179.99,102.31,359.98,359.98,155.36
ITM-000008447,ORD-00006126,PRD-00018,1,72.99,37.97,72.99,72.99,35.02
ITM-000008448,ORD-00006126,PRD-00086,1,140.99,72.94,140.99,140.99,68.05
ITM-000008449,ORD-00006127,PRD-00063,1,70.49,27.76,70.49,70.49,42.73
ITM-000008450,ORD-00006127,PRD-00015,1,205.99,123.35,205.99,205.99,82.64
ITM-000008451,ORD-00006127,PRD-00077,2,22.99,8.27,45.98,45.98,29.44
ITM-000008452,ORD-00006128,PRD-00053,2,47.99,23.38,95.98,95.98,49.22
ITM-000008453,ORD-00006128,PRD-00009,1,94.99,52.51,94.99,94.99,42.48
ITM-000008454,ORD-00006129,PRD-00053,1,47.99,23.38,47.99,47.99,24.61
ITM-000008455,ORD-00006130,PRD-00026,3,94.99,41.91,284.97,284.97,159.24
ITM-000008456,ORD-00006131,PRD-00066,2,84.99,33.73,169.98,169.98,102.52
ITM-000008457,ORD-00006131,PRD-00045,1,83.49,36.38,83.49,83.49,47.11
ITM-000008458,ORD-00006131,PRD-00048,1,33.49,15.83,33.49,33.49,17.66
ITM-000008459,ORD-00006132,PRD-00085,1,105.99,56.37,105.99,105.99,49.62
ITM-000008460,ORD-00006132,PRD-00011,1,179.99,102.31,179.99,179.99,77.68
ITM-000008461,ORD-00006133,PRD-00094,1,245.99,110.0,245.99,245.99,135.99
ITM-000008462,ORD-00006133,PRD-00055,1,74.99,31.61,74.99,74.99,43.38
ITM-000008463,ORD-00006133,PRD-00016,2,129.99,78.72,259.98,259.98,102.54
ITM-000008464,ORD-00006134,PRD-00082,1,151.49,68.21,151.49,151.49,83.28
ITM-000008465,ORD-00006135,PRD-00090,1,232.99,113.86,232.99,232.99,119.13
ITM-000008466,ORD-00006136,PRD-00047,1,100.99,42.27,100.99,100.99,58.72
ITM-000008467,ORD-00006137,PRD-00069,1,51.99,14.6,51.99,51.99,37.39
ITM-000008468,ORD-00006137,PRD-00051,1,52.99,21.94,52.99,52.99,31.05
ITM-000008469,ORD-00006137,PRD-00018,2,72.99,37.97,145.98,145.98,70.04
ITM-000008470,ORD-00006138,PRD-00094,1,245.99,110.0,245.99,245.99,135.99
ITM-000008471,ORD-00006138,PRD-00006,2,391.99,223.93,783.98,783.98,336.12
ITM-000008472,ORD-00006138,PRD-00034,1,34.99,12.79,34.99,34.99,22.2
ITM-000008473,ORD-00006139,PRD-00010,1,207.99,120.07,207.99,207.99,87.92
ITM-000008474,ORD-00006140,PRD-00038,2,77.49,36.23,154.98,154.98,82.52
ITM-000008475,ORD-00006141,PRD-00094,1,245.99,110.0,245.99,245.99,135.99
ITM-000008476,ORD-00006142,PRD-00070,1,64.99,25.31,64.99,64.99,39.68
ITM-000008477,ORD-00006142,PRD-00014,1,337.99,200.36,337.99,337.99,137.63
ITM-000008478,ORD-00006143,PRD-00058,1,152.99,69.5,152.99,152.99,83.49
ITM-000008479,ORD-00006144,PRD-00009,1,94.99,52.51,94.99,94.99,42.48
ITM-000008480,ORD-00006145,PRD-00067,1,44.99,16.41,44.99,44.99,28.58
ITM-000008481,ORD-00006145,PRD-00097,1,167.49,87.54,167.49,167.49,79.95
ITM-000008482,ORD-00006145,PRD-00003,1,350.49,212.61,350.49,350.49,137.88
ITM-000008483,ORD-00006146,PRD-00061,1,75.99,20.12,75.99,75.99,55.87
ITM-000008484,ORD-00006147,PRD-00071,1,86.99,31.3,86.99,86.99,55.69
ITM-000008485,ORD-00006148,PRD-00085,1,105.99,56.37,105.99,105.99,49.62
ITM-000008486,ORD-00006149,PRD-00030,1,67.99,29.21,67.99,67.99,38.78
ITM-000008487,ORD-00006150,PRD-00060,1,176.49,84.75,176.49,176.49,91.74
ITM-000008488,ORD-00006150,PRD-00088,1,211.99,101.84,211.99,211.99,110.15
ITM-000008489,ORD-00006151,PRD-00043,1,105.99,49.95,105.99,105.99,56.04
ITM-000008490,ORD-00006152,PRD-00091,1,42.99,22.68,42.99,42.99,20.31
ITM-000008491,ORD-00006153,PRD-00064,1,24.99,6.91,24.99,24.99,18.08
ITM-000008492,ORD-00006154,PRD-00074,2,16.99,6.2,33.98,33.98,21.58
ITM-000008493,ORD-00006154,PRD-00068,1,37.49,12.61,37.49,37.49,24.88
ITM-000008494,ORD-00006154,PRD-00016,1,129.99,78.72,129.99,129.99,51.27
ITM-000008495,ORD-00006155,PRD-00084,2,31.99,15.58,63.98,63.98,32.82
ITM-000008496,ORD-00006156,PRD-00053,1,47.99,23.38,47.99,47.99,24.61
ITM-000008497,ORD-00006157,PRD-00089,2,31.99,18.14,63.98,63.98,27.7
ITM-000008498,ORD-00006157,PRD-00013,1,275.99,176.16,275.99,275.99,99.83
ITM-000008499,ORD-00006158,PRD-00049,1,162.99,86.22,162.99,162.99,76.77
ITM-000008500,ORD-00006159,PRD-00004,1,294.49,168.07,294.49,294.49,126.42
ITM-000008501,ORD-00006160,PRD-00007,2,316.99,172.8,633.98,633.98,288.38
ITM-000008502,ORD-00006161,PRD-00039,1,40.99,18.26,40.99,40.99,22.73
ITM-000008503,ORD-00006162,PRD-00092,1,214.99,101.72,214.99,214.99,113.27
ITM-000008504,ORD-00006162,PRD-00013,1,275.99,176.16,275.99,275.99,99.83
ITM-000008505,ORD-00006163,PRD-00049,3,162.99,86.22,488.97,488.97,230.31
ITM-000008506,ORD-00006164,PRD-00077,1,22.99,8.27,22.99,22.99,14.72
ITM-000008507,ORD-00006165,PRD-00012,1,374.49,207.75,374.49,374.49,166.74
ITM-000008508,ORD-00006166,PRD-00082,1,151.49,68.21,151.49,151.49,83.28
ITM-000008509,ORD-00006167,PRD-00056,1,135.49,71.03,135.49,135.49,64.46
ITM-000008510,ORD-00006167,PRD-00013,1,275.99,176.16,275.99,275.99,99.83
ITM-000008511,ORD-00006167,PRD-00067,1,44.99,16.41,44.99,44.99,28.58
ITM-000008512,ORD-00006168,PRD-00036,1,73.99,30.02,73.99,73.99,43.97
ITM-000008513,ORD-00006168,PRD-00013,2,275.99,176.16,551.98,551.98,199.66
ITM-000008514,ORD-00006169,PRD-00093,1,227.99,111.71,227.99,227.99,116.28
ITM-000008515,ORD-00006170,PRD-00071,1,86.99,31.3,86.99,86.99,55.69
ITM-000008516,ORD-00006171,PRD-00097,2,167.49,87.54,334.98,334.98,159.9
ITM-000008517,ORD-00006172,PRD-00014,1,337.99,200.36,337.99,337.99,137.63
ITM-000008518,ORD-00006173,PRD-00012,1,374.49,207.75,374.49,374.49,166.74
ITM-000008519,ORD-00006174,PRD-00041,1,180.99,84.81,180.99,180.99,96.18
ITM-000008520,ORD-00006175,PRD-00014,3,337.99,200.36,1013.97,1013.97,412.89
ITM-000008521,ORD-00006176,PRD-00090,1,232.99,113.86,232.99,232.99,119.13
ITM-000008522,ORD-00006177,PRD-00091,1,42.99,22.68,42.99,42.99,20.31
ITM-000008523,ORD-00006178,PRD-00082,1,151.49,68.21,151.49,151.49,83.28
ITM-000008524,ORD-00006178,PRD-00089,3,31.99,18.14,95.97,95.97,41.55
ITM-000008525,ORD-00006178,PRD-00073,2,84.49,28.1,168.98,168.98,112.78
ITM-000008526,ORD-00006179,PRD-00050,1,173.99,93.04,173.99,173.99,80.95
ITM-000008527,ORD-00006180,PRD-00098,2,199.49,113.09,398.98,398.98,172.8
ITM-000008528,ORD-00006181,PRD-00094,1,245.99,110.0,245.99,245.99,135.99
ITM-000008529,ORD-00006181,PRD-00041,1,180.99,84.81,180.99,180.99,96.18
ITM-000008530,ORD-00006182,PRD-00026,1,94.99,41.91,94.99,94.99,53.08
ITM-000008531,ORD-00006183,PRD-00027,1,83.99,34.49,83.99,83.99,49.5
ITM-000008532,ORD-00006184,PRD-00008,1,325.99,186.16,325.99,325.99,139.83
ITM-000008533,ORD-00006185,PRD-00097,1,167.49,87.54,167.49,167.49,79.95
ITM-000008534,ORD-00006186,PRD-00006,1,391.99,223.93,391.99,391.99,168.06
ITM-000008535,ORD-00006187,PRD-00076,1,62.99,25.51,62.99,62.99,37.48
ITM-000008536,ORD-00006188,PRD-00042,1,121.99,52.18,121.99,121.99,69.81
ITM-000008537,ORD-00006188,PRD-00021,1,114.99,46.3,114.99,114.99,68.69
ITM-000008538,ORD-00006189,PRD-00041,1,180.99,84.81,180.99,180.99,96.18
ITM-000008539,ORD-00006190,PRD-00070,1,64.99,25.31,64.99,64.99,39.68
ITM-000008540,ORD-00006191,PRD-00069,1,51.99,14.6,51.99,51.99,37.39
ITM-000008541,ORD-00006191,PRD-00076,2,62.99,25.51,125.98,125.98,74.96
ITM-000008542,ORD-00006192,PRD-00097,2,167.49,87.54,334.98,334.98,159.9
ITM-000008543,ORD-00006193,PRD-00012,1,374.49,207.75,374.49,374.49,166.74
ITM-000008544,ORD-00006194,PRD-00021,1,114.99,46.3,114.99,114.99,68.69
ITM-000008545,ORD-00006195,PRD-00097,1,167.49,87.54,167.49,167.49,79.95
ITM-000008546,ORD-00006196,PRD-00041,1,180.99,84.81,180.99,180.99,96.18
ITM-000008547,ORD-00006196,PRD-00084,1,31.99,15.58,31.99,31.99,16.41
ITM-000008548,ORD-00006197,PRD-00026,1,94.99,41.91,94.99,94.99,53.08
ITM-000008549,ORD-00006197,PRD-00086,1,140.99,72.94,140.99,140.99,68.05
ITM-000008550,ORD-00006198,PRD-00046,1,113.49,52.53,113.49,113.49,60.96
ITM-000008551,ORD-00006199,PRD-00036,1,73.99,30.02,73.99,73.99,43.97
ITM-000008552,ORD-00006200,PRD-00099,2,50.99,27.57,101.98,101.98,46.84
ITM-000008553,ORD-00006201,PRD-00019,1,339.99,208.97,339.99,339.99,131.02
ITM-000008554,ORD-00006202,PRD-00014,1,337.99,200.36,337.99,337.99,137.63
ITM-000008555,ORD-00006203,PRD-00082,2,151.49,68.21,302.98,302.98,166.56
ITM-000008556,ORD-00006204,PRD-00054,3,137.99,68.35,413.97,413.97,208.92
ITM-000008557,ORD-00006205,PRD-00079,1,46.49,15.84,46.49,46.49,30.65
ITM-000008558,ORD-00006206,PRD-00008,1,325.99,186.16,325.99,325.99,139.83
ITM-000008559,ORD-00006207,PRD-00011,1,179.99,102.31,179.99,179.99,77.68
ITM-000008560,ORD-00006208,PRD-00057,1,146.49,75.56,146.49,146.49,70.93
ITM-000008561,ORD-00006209,PRD-00076,1,62.99,25.51,62.99,62.99,37.48
ITM-000008562,ORD-00006209,PRD-00052,1,118.49,48.71,118.49,118.49,69.78
ITM-000008563,ORD-00006210,PRD-00071,1,86.99,31.3,86.99,86.99,55.69
ITM-000008564,ORD-00006211,PRD-00097,1,167.49,87.54,167.49,167.49,79.95
ITM-000008565,ORD-00006211,PRD-00098,2,199.49,113.09,398.98,398.98,172.8
ITM-000008566,ORD-00006212,PRD-00064,1,24.99,6.91,24.99,24.99,18.08
ITM-000008567,ORD-00006213,PRD-00012,1,374.49,207.75,374.49,374.49,166.74
ITM-000008568,ORD-00006213,PRD-00027,1,83.99,34.49,83.99,83.99,49.5
ITM-000008569,ORD-00006213,PRD-00061,1,75.99,20.12,75.99,75.99,55.87
ITM-000008570,ORD-00006214,PRD-00060,1,176.49,84.75,176.49,176.49,91.74
ITM-000008571,ORD-00006215,PRD-00056,1,135.49,71.03,135.49,135.49,64.46
ITM-000008572,ORD-00006216,PRD-00045,2,83.49,36.38,166.98,166.98,94.22
ITM-000008573,ORD-00006217,PRD-00074,1,16.99,6.2,16.99,16.99,10.79
ITM-000008574,ORD-00006217,PRD-00075,1,56.99,20.25,56.99,56.99,36.74
ITM-000008575,ORD-00006217,PRD-00051,1,52.99,21.94,52.99,52.99,31.05
ITM-000008576,ORD-00006218,PRD-00007,1,316.99,172.8,316.99,316.99,144.19
ITM-000008577,ORD-00006219,PRD-00060,1,176.49,84.75,176.49,176.49,91.74
ITM-000008578,ORD-00006220,PRD-00084,1,31.99,15.58,31.99,31.99,16.41
ITM-000008579,ORD-00006221,PRD-00064,1,24.99,6.91,24.99,24.99,18.08
ITM-000008580,ORD-00006221,PRD-00075,1,56.99,20.25,56.99,56.99,36.74
ITM-000008581,ORD-00006222,PRD-00009,1,94.99,52.51,94.99,94.99,42.48
ITM-000008582,ORD-00006223,PRD-00044,1,72.99,36.23,72.99,72.99,36.76
ITM-000008583,ORD-00006223,PRD-00090,1,232.99,113.86,232.99,232.99,119.13
ITM-000008584,ORD-00006224,PRD-00036,1,73.99,30.02,73.99,73.99,43.97
ITM-000008585,ORD-00006224,PRD-00078,1,25.99,9.37,25.99,25.99,16.62
ITM-000008586,ORD-00006225,PRD-00016,1,129.99,78.72,129.99,129.99,51.27
ITM-000008587,ORD-00006226,PRD-00066,1,84.99,33.73,84.99,84.99,51.26
ITM-000008588,ORD-00006227,PRD-00095,1,204.99,100.6,204.99,204.99,104.39
ITM-000008589,ORD-00006228,PRD-00066,1,84.99,33.73,84.99,84.99,51.26
ITM-000008590,ORD-00006228,PRD-00040,1,98.99,45.24,98.99,98.99,53.75
ITM-000008591,ORD-00006229,PRD-00004,1,294.49,168.07,294.49,294.49,126.42
ITM-000008592,ORD-00006230,PRD-00091,2,42.99,22.68,85.98,85.98,40.62
ITM-000008593,ORD-00006231,PRD-00018,1,72.99,37.97,72.99,72.99,35.02
ITM-000008594,ORD-00006232,PRD-00074,2,16.99,6.2,33.98,33.98,21.58
ITM-000008595,ORD-00006232,PRD-00046,1,113.49,52.53,113.49,113.49,60.96
ITM-000008596,ORD-00006233,PRD-00080,1,87.99,32.75,87.99,87.99,55.24
ITM-000008597,ORD-00006233,PRD-00026,1,94.99,41.91,94.99,94.99,53.08
ITM-000008598,ORD-00006234,PRD-00075,1,56.99,20.25,56.99,56.99,36.74
ITM-000008599,ORD-00006235,PRD-00071,1,86.99,31.3,86.99,86.99,55.69
ITM-000008600,ORD-00006235,PRD-00091,1,42.99,22.68,42.99,42.99,20.31
ITM-000008601,ORD-00006236,PRD-00060,1,176.49,84.75,176.49,176.49,91.74
ITM-000008602,ORD-00006237,PRD-00012,1,374.49,207.75,374.49,374.49,166.74
ITM-000008603,ORD-00006237,PRD-00012,1,374.49,207.75,374.49,374.49,166.74
ITM-000008604,ORD-00006238,PRD-00091,1,42.99,22.68,42.99,42.99,20.31
ITM-000008605,ORD-00006238,PRD-00093,1,227.99,111.71,227.99,227.99,116.28
ITM-000008606,ORD-00006238,PRD-00051,1,52.99,21.94,52.99,52.99,31.05
ITM-000008607,ORD-00006239,PRD-00079,2,46.49,15.84,92.98,92.98,61.3
ITM-000008608,ORD-00006239,PRD-00046,1,113.49,52.53,113.49,113.49,60.96
ITM-000008609,ORD-00006239,PRD-00057,1,146.49,75.56,146.49,146.49,70.93
ITM-000008610,ORD-00006240,PRD-00030,3,67.99,29.21,203.97,203.97,116.34
ITM-000008611,ORD-00006241,PRD-00020,1,271.99,147.22,271.99,271.99,124.77
ITM-000008612,ORD-00006242,PRD-00044,1,72.99,36.23,72.99,72.99,36.76
ITM-000008613,ORD-00006243,PRD-00075,1,56.99,20.25,56.99,56.99,36.74
ITM-000008614,ORD-00006244,PRD-00007,1,316.99,172.8,316.99,316.99,144.19
ITM-000008615,ORD-00006244,PRD-00046,1,113.49,52.53,113.49,113.49,60.96
ITM-000008616,ORD-00006245,PRD-00096,1,199.99,116.57,199.99,199.99,83.42
ITM-000008617,ORD-00006246,PRD-00100,1,143.99,66.17,143.99,143.99,77.82
ITM-000008618,ORD-00006247,PRD-00057,1,146.49,75.56,146.49,146.49,70.93
ITM-000008619,ORD-00006248,PRD-00094,1,245.99,110.0,245.99,245.99,135.99
ITM-000008620,ORD-00006248,PRD-00044,1,72.99,36.23,72.99,72.99,36.76
ITM-000008621,ORD-00006249,PRD-00074,1,16.99,6.2,16.99,16.99,10.79
ITM-000008622,ORD-00006250,PRD-00052,1,118.49,48.71,118.49,118.49,69.78
ITM-000008623,ORD-00006251,PRD-00019,1,339.99,208.97,339.99,339.99,131.02
ITM-000008624,ORD-00006252,PRD-00017,1,244.99,144.79,244.99,244.99,100.2
ITM-000008625,ORD-00006253,PRD-00051,2,52.99,21.94,105.98,105.98,62.1
ITM-000008626,ORD-00006254,PRD-00025,1,55.99,23.35,55.99,55.99,32.64
ITM-000008627,ORD-00006255,PRD-00018,1,72.99,37.97,72.99,72.99,35.02
ITM-000008628,ORD-00006255,PRD-00018,2,72.99,37.97,145.98,145.98,70.04
ITM-000008629,ORD-00006255,PRD-00077,1,22.99,8.27,22.99,22.99,14.72
ITM-000008630,ORD-00006256,PRD-00040,3,98.99,45.24,296.97,296.97,161.25
ITM-000008631,ORD-00006257,PRD-00078,1,25.99,9.37,25.99,25.99,16.62
ITM-000008632,ORD-00006258,PRD-00008,1,325.99,186.16,325.99,325.99,139.83
ITM-000008633,ORD-00006258,PRD-00026,1,94.99,41.91,94.99,94.99,53.08
ITM-000008634,ORD-00006258,PRD-00067,1,44.99,16.41,44.99,44.99,28.58
ITM-000008635,ORD-00006259,PRD-00048,1,33.49,15.83,33.49,33.49,17.66
ITM-000008636,ORD-00006260,PRD-00014,1,337.99,200.36,337.99,337.99,137.63
ITM-000008637,ORD-00006261,PRD-00067,1,44.99,16.41,44.99,44.99,28.58
ITM-000008638,ORD-00006262,PRD-00060,2,176.49,84.75,352.98,352.98,183.48
ITM-000008639,ORD-00006263,PRD-00092,1,214.99,101.72,214.99,214.99,113.27
ITM-000008640,ORD-00006264,PRD-00025,1,55.99,23.35,55.99,55.99,32.64
ITM-000008641,ORD-00006265,PRD-00037,1,41.99,15.18,41.99,41.99,26.81
ITM-000008642,ORD-00006266,PRD-00053,1,47.99,23.38,47.99,47.99,24.61
ITM-000008643,ORD-00006267,PRD-00022,1,49.99,20.52,49.99,49.99,29.47
ITM-000008644,ORD-00006268,PRD-00030,1,67.99,29.21,67.99,67.99,38.78
ITM-000008645,ORD-00006269,PRD-00014,1,337.99,200.36,337.99,337.99,137.63
ITM-000008646,ORD-00006269,PRD-00081,1,77.99,39.19,77.99,77.99,38.8
ITM-000008647,ORD-00006270,PRD-00011,1,179.99,102.31,179.99,179.99,77.68
ITM-000008648,ORD-00006270,PRD-00007,2,316.99,172.8,633.98,633.98,288.38
ITM-000008649,ORD-00006271,PRD-00059,1,47.49,23.54,47.49,47.49,23.95
ITM-000008650,ORD-00006272,PRD-00046,2,113.49,52.53,226.98,226.98,121.92
ITM-000008651,ORD-00006273,PRD-00003,1,350.49,212.61,350.49,350.49,137.88
ITM-000008652,ORD-00006274,PRD-00100,1,143.99,66.17,143.99,143.99,77.82
ITM-000008653,ORD-00006274,PRD-00075,1,56.99,20.25,56.99,56.99,36.74
ITM-000008654,ORD-00006275,PRD-00041,3,180.99,84.81,542.97,542.97,288.54
ITM-000008655,ORD-00006276,PRD-00085,1,105.99,56.37,105.99,105.99,49.62
ITM-000008656,ORD-00006276,PRD-00072,3,36.99,11.8,110.97,110.97,75.57
ITM-000008657,ORD-00006276,PRD-00064,1,24.99,6.91,24.99,24.99,18.08
ITM-000008658,ORD-00006277,PRD-00080,1,87.99,32.75,87.99,87.99,55.24
ITM-000008659,ORD-00006278,PRD-00020,1,271.99,147.22,271.99,271.99,124.77
ITM-000008660,ORD-00006278,PRD-00054,1,137.99,68.35,137.99,137.99,69.64
ITM-000008661,ORD-00006279,PRD-00048,1,33.49,15.83,33.49,33.49,17.66
ITM-000008662,ORD-00006280,PRD-00073,1,84.49,28.1,84.49,84.49,56.39
ITM-000008663,ORD-00006281,PRD-00017,1,244.99,144.79,244.99,244.99,100.2
ITM-000008664,ORD-00006281,PRD-00019,1,339.99,208.97,339.99,339.99,131.02
ITM-000008665,ORD-00006281,PRD-00058,1,152.99,69.5,152.99,152.99,83.49
ITM-000008666,ORD-00006282,PRD-00007,1,316.99,172.8,316.99,316.99,144.19
ITM-000008667,ORD-00006282,PRD-00091,2,42.99,22.68,85.98,85.98,40.62
ITM-000008668,ORD-00006283,PRD-00091,1,42.99,22.68,42.99,42.99,20.31
ITM-000008669,ORD-00006284,PRD-00012,1,374.49,207.75,374.49,374.49,166.74
ITM-000008670,ORD-00006284,PRD-00082,2,151.49,68.21,302.98,302.98,166.56
ITM-000008671,ORD-00006285,PRD-00037,1,41.99,15.18,41.99,41.99,26.81
ITM-000008672,ORD-00006286,PRD-00065,1,24.99,5.84,24.99,24.99,19.15
ITM-000008673,ORD-00006287,PRD-00040,1,98.99,45.24,98.99,98.99,53.75
ITM-000008674,ORD-00006288,PRD-00042,1,121.99,52.18,121.99,121.99,69.81
ITM-000008675,ORD-00006289,PRD-00067,1,44.99,16.41,44.99,44.99,28.58
ITM-000008676,ORD-00006290,PRD-00056,1,135.49,71.03,135.49,135.49,64.46
ITM-000008677,ORD-00006291,PRD-00067,1,44.99,16.41,44.99,44.99,28.58
ITM-000008678,ORD-00006292,PRD-00053,1,47.99,23.38,47.99,47.99,24.61
ITM-000008679,ORD-00006293,PRD-00074,1,16.99,6.2,16.99,16.99,10.79
ITM-000008680,ORD-00006294,PRD-00081,1,77.99,39.19,77.99,77.99,38.8
ITM-000008681,ORD-00006295,PRD-00049,1,162.99,86.22,162.99,162.99,76.77
ITM-000008682,ORD-00006296,PRD-00099,1,50.99,27.57,50.99,50.99,23.42
ITM-000008683,ORD-00006297,PRD-00042,1,121.99,52.18,121.99,121.99,69.81
ITM-000008684,ORD-00006298,PRD-00079,1,46.49,15.84,46.49,46.49,30.65
ITM-000008685,ORD-00006298,PRD-00081,1,77.99,39.19,77.99,77.99,38.8
ITM-000008686,ORD-00006299,PRD-00032,2,42.49,17.54,84.98,84.98,49.9
ITM-000008687,ORD-00006300,PRD-00093,1,227.99,111.71,227.99,227.99,116.28
ITM-000008688,ORD-00006300,PRD-00020,1,271.99,147.22,271.99,271.99,124.77
ITM-000008689,ORD-00006300,PRD-00034,1,34.99,12.79,34.99,34.99,22.2
ITM-000008690,ORD-00006301,PRD-00007,2,316.99,172.8,633.98,633.98,288.38
ITM-000008691,ORD-00006301,PRD-00058,1,152.99,69.5,152.99,152.99,83.49
ITM-000008692,ORD-00006302,PRD-00001,1,320.99,176.63,320.99,320.99,144.36
ITM-000008693,ORD-00006303,PRD-00031,1,110.99,51.16,110.99,110.99,59.83
ITM-000008694,ORD-00006304,PRD-00080,1,87.99,32.75,87.99,87.99,55.24
ITM-000008695,ORD-00006305,PRD-00048,1,33.49,15.83,33.49,33.49,17.66
ITM-000008696,ORD-00006305,PRD-00027,1,83.99,34.49,83.99,83.99,49.5
ITM-000008697,ORD-00006306,PRD-00083,1,115.99,58.28,115.99,115.99,57.71
ITM-000008698,ORD-00006307,PRD-00093,1,227.99,111.71,227.99,227.99,116.28
ITM-000008699,ORD-00006308,PRD-00015,1,205.99,123.35,205.99,205.99,82.64
ITM-000008700,ORD-00006309,PRD-00023,1,31.99,14.2,31.99,31.99,17.79
ITM-000008701,ORD-00006310,PRD-00013,3,275.99,176.16,827.97,827.97,299.49
ITM-000008702,ORD-00006311,PRD-00050,1,173.99,93.04,173.99,173.99,80.95
ITM-000008703,ORD-00006312,PRD-00050,1,173.99,93.04,173.99,173.99,80.95
ITM-000008704,ORD-00006312,PRD-00094,1,245.99,110.0,245.99,245.99,135.99
ITM-000008705,ORD-00006313,PRD-00071,2,86.99,31.3,173.98,173.98,111.38
ITM-000008706,ORD-00006313,PRD-00085,1,105.99,56.37,105.99,105.99,49.62
ITM-000008707,ORD-00006314,PRD-00072,2,36.99,11.8,73.98,73.98,50.38
ITM-000008708,ORD-00006315,PRD-00059,1,47.49,23.54,47.49,47.49,23.95
ITM-000008709,ORD-00006316,PRD-00012,1,374.49,207.75,374.49,374.49,166.74
ITM-000008710,ORD-00006316,PRD-00006,1,391.99,223.93,391.99,391.99,168.06
ITM-000008711,ORD-00006317,PRD-00062,1,68.49,27.5,68.49,68.49,40.99
ITM-000008712,ORD-00006318,PRD-00070,1,64.99,25.31,64.99,64.99,39.68
ITM-000008713,ORD-00006319,PRD-00055,1,74.99,31.61,74.99,74.99,43.38
ITM-000008714,ORD-00006320,PRD-00036,1,73.99,30.02,73.99,73.99,43.97
ITM-000008715,ORD-00006321,PRD-00018,1,72.99,37.97,72.99,72.99,35.02
ITM-000008716,ORD-00006322,PRD-00083,1,115.99,58.28,115.99,115.99,57.71
ITM-000008717,ORD-00006323,PRD-00023,1,31.99,14.2,31.99,31.99,17.79
ITM-000008718,ORD-00006324,PRD-00082,1,151.49,68.21,151.49,151.49,83.28
ITM-000008719,ORD-00006325,PRD-00083,1,115.99,58.28,115.99,115.99,57.71
ITM-000008720,ORD-00006325,PRD-00097,1,167.49,87.54,167.49,167.49,79.95
ITM-000008721,ORD-00006326,PRD-00044,1,72.99,36.23,72.99,72.99,36.76
ITM-000008722,ORD-00006327,PRD-00019,2,339.99,208.97,679.98,679.98,262.04
ITM-000008723,ORD-00006328,PRD-00009,1,94.99,52.51,94.99,94.99,42.48
ITM-000008724,ORD-00006329,PRD-00097,1,167.49,87.54,167.49,167.49,79.95
ITM-000008725,ORD-00006329,PRD-00100,1,143.99,66.17,143.99,143.99,77.82
ITM-000008726,ORD-00006330,PRD-00074,1,16.99,6.2,16.99,16.99,10.79
ITM-000008727,ORD-00006330,PRD-00041,2,180.99,84.81,361.98,361.98,192.36
ITM-000008728,ORD-00006331,PRD-00090,1,232.99,113.86,232.99,232.99,119.13
ITM-000008729,ORD-00006332,PRD-00069,1,51.99,14.6,51.99,51.99,37.39
ITM-000008730,ORD-00006332,PRD-00096,1,199.99,116.57,199.99,199.99,83.42
ITM-000008731,ORD-00006333,PRD-00017,1,244.99,144.79,244.99,244.99,100.2
ITM-000008732,ORD-00006334,PRD-00001,1,320.99,176.63,320.99,320.99,144.36
ITM-000008733,ORD-00006335,PRD-00038,1,77.49,36.23,77.49,77.49,41.26
ITM-000008734,ORD-00006335,PRD-00018,2,72.99,37.97,145.98,145.98,70.04
ITM-000008735,ORD-00006336,PRD-00064,1,24.99,6.91,24.99,24.99,18.08
ITM-000008736,ORD-00006337,PRD-00057,1,146.49,75.56,146.49,146.49,70.93
ITM-000008737,ORD-00006338,PRD-00001,1,320.99,176.63,320.99,320.99,144.36
ITM-000008738,ORD-00006339,PRD-00078,1,25.99,9.37,25.99,25.99,16.62
ITM-000008739,ORD-00006340,PRD-00080,1,87.99,32.75,87.99,87.99,55.24
ITM-000008740,ORD-00006341,PRD-00009,1,94.99,52.51,94.99,94.99,42.48
ITM-000008741,ORD-00006342,PRD-00011,1,179.99,102.31,179.99,179.99,77.68
ITM-000008742,ORD-00006343,PRD-00053,1,47.99,23.38,47.99,47.99,24.61
ITM-000008743,ORD-00006344,PRD-00012,1,374.49,207.75,374.49,374.49,166.74
ITM-000008744,ORD-00006344,PRD-00060,1,176.49,84.75,176.49,176.49,91.74
ITM-000008745,ORD-00006345,PRD-00001,2,320.99,176.63,641.98,641.98,288.72
ITM-000008746,ORD-00006346,PRD-00086,1,140.99,72.94,140.99,140.99,68.05
ITM-000008747,ORD-00006346,PRD-00079,1,46.49,15.84,46.49,46.49,30.65
ITM-000008748,ORD-00006347,PRD-00073,1,84.49,28.1,84.49,84.49,56.39
ITM-000008749,ORD-00006348,PRD-00084,1,31.99,15.58,31.99,31.99,16.41
ITM-000008750,ORD-00006349,PRD-00047,1,100.99,42.27,100.99,100.99,58.72
ITM-000008751,ORD-00006350,PRD-00054,1,137.99,68.35,137.99,137.99,69.64
ITM-000008752,ORD-00006350,PRD-00043,2,105.99,49.95,211.98,211.98,112.08
ITM-000008753,ORD-00006351,PRD-00032,1,42.49,17.54,42.49,42.49,24.95
ITM-000008754,ORD-00006352,PRD-00056,1,135.49,71.03,135.49,135.49,64.46
ITM-000008755,ORD-00006353,PRD-00039,3,40.99,18.26,122.97,122.97,68.19
ITM-000008756,ORD-00006353,PRD-00004,1,294.49,168.07,294.49,294.49,126.42
ITM-000008757,ORD-00006353,PRD-00097,1,167.49,87.54,167.49,167.49,79.95
ITM-000008758,ORD-00006354,PRD-00053,1,47.99,23.38,47.99,47.99,24.61
ITM-000008759,ORD-00006354,PRD-00061,2,75.99,20.12,151.98,151.98,111.74
ITM-000008760,ORD-00006355,PRD-00062,1,68.49,27.5,68.49,68.49,40.99
ITM-000008761,ORD-00006356,PRD-00015,2,205.99,123.35,411.98,411.98,165.28
ITM-000008762,ORD-00006357,PRD-00077,1,22.99,8.27,22.99,22.99,14.72
ITM-000008763,ORD-00006358,PRD-00051,1,52.99,21.94,52.99,52.99,31.05
ITM-000008764,ORD-00006359,PRD-00064,2,24.99,6.91,49.98,49.98,36.16
ITM-000008765,ORD-00006360,PRD-00019,1,339.99,208.97,339.99,339.99,131.02
ITM-000008766,ORD-00006360,PRD-00021,1,114.99,46.3,114.99,114.99,68.69
ITM-000008767,ORD-00006361,PRD-00039,3,40.99,18.26,122.97,122.97,68.19
ITM-000008768,ORD-00006361,PRD-00081,1,77.99,39.19,77.99,77.99,38.8
ITM-000008769,ORD-00006362,PRD-00035,1,100.99,39.04,100.99,100.99,61.95
ITM-000008770,ORD-00006363,PRD-00086,1,140.99,72.94,140.99,140.99,68.05
ITM-000008771,ORD-00006363,PRD-00045,1,83.49,36.38,83.49,83.49,47.11
ITM-000008772,ORD-00006364,PRD-00047,1,100.99,42.27,100.99,100.99,58.72
ITM-000008773,ORD-00006364,PRD-00019,1,339.99,208.97,339.99,339.99,131.02
ITM-000008774,ORD-00006365,PRD-00082,1,151.49,68.21,151.49,151.49,83.28
ITM-000008775,ORD-00006366,PRD-00095,1,204.99,100.6,204.99,204.99,104.39
ITM-000008776,ORD-00006367,PRD-00013,1,275.99,176.16,275.99,275.99,99.83
ITM-000008777,ORD-00006368,PRD-00037,1,41.99,15.18,41.99,41.99,26.81
ITM-000008778,ORD-00006369,PRD-00097,1,167.49,87.54,167.49,167.49,79.95
ITM-000008779,ORD-00006370,PRD-00048,1,33.49,15.83,33.49,33.49,17.66
ITM-000008780,ORD-00006371,PRD-00076,1,62.99,25.51,62.99,62.99,37.48
ITM-000008781,ORD-00006372,PRD-00034,1,34.99,12.79,34.99,34.99,22.2
ITM-000008782,ORD-00006372,PRD-00052,1,118.49,48.71,118.49,118.49,69.78
ITM-000008783,ORD-00006373,PRD-00020,1,271.99,147.22,271.99,271.99,124.77
ITM-000008784,ORD-00006373,PRD-00091,1,42.99,22.68,42.99,42.99,20.31
ITM-000008785,ORD-00006374,PRD-00014,1,337.99,200.36,337.99,337.99,137.63
ITM-000008786,ORD-00006374,PRD-00089,2,31.99,18.14,63.98,63.98,27.7
ITM-000008787,ORD-00006374,PRD-00042,1,121.99,52.18,121.99,121.99,69.81
ITM-000008788,ORD-00006375,PRD-00019,1,339.99,208.97,339.99,339.99,131.02
ITM-000008789,ORD-00006375,PRD-00052,1,118.49,48.71,118.49,118.49,69.78
ITM-000008790,ORD-00006375,PRD-00033,1,27.99,11.51,27.99,27.99,16.48
ITM-000008791,ORD-00006376,PRD-00083,1,115.99,58.28,115.99,115.99,57.71
ITM-000008792,ORD-00006377,PRD-00043,1,105.99,49.95,105.99,105.99,56.04
ITM-000008793,ORD-00006377,PRD-00027,2,83.99,34.49,167.98,167.98,99.0
ITM-000008794,ORD-00006377,PRD-00023,1,31.99,14.2,31.99,31.99,17.79
ITM-000008795,ORD-00006378,PRD-00064,1,24.99,6.91,24.99,24.99,18.08
ITM-000008796,ORD-00006379,PRD-00060,1,176.49,84.75,176.49,176.49,91.74
ITM-000008797,ORD-00006380,PRD-00090,1,232.99,113.86,232.99,232.99,119.13
ITM-000008798,ORD-00006380,PRD-00056,1,135.49,71.03,135.49,135.49,64.46
ITM-000008799,ORD-00006381,PRD-00076,1,62.99,25.51,62.99,62.99,37.48
ITM-000008800,ORD-00006382,PRD-00024,1,54.99,26.28,54.99,54.99,28.71
ITM-000008801,ORD-00006383,PRD-00011,1,179.99,102.31,179.99,179.99,77.68
ITM-000008802,ORD-00006384,PRD-00071,1,86.99,31.3,86.99,86.99,55.69
ITM-000008803,ORD-00006385,PRD-00045,1,83.49,36.38,83.49,83.49,47.11
ITM-000008804,ORD-00006385,PRD-00060,1,176.49,84.75,176.49,176.49,91.74
ITM-000008805,ORD-00006385,PRD-00048,1,33.49,15.83,33.49,33.49,17.66
ITM-000008806,ORD-00006386,PRD-00091,2,42.99,22.68,85.98,85.98,40.62
ITM-000008807,ORD-00006387,PRD-00040,1,98.99,45.24,98.99,98.99,53.75
ITM-000008808,ORD-00006387,PRD-00088,1,211.99,101.84,211.99,211.99,110.15
ITM-000008809,ORD-00006388,PRD-00024,2,54.99,26.28,109.98,109.98,57.42
ITM-000008810,ORD-00006389,PRD-00007,1,316.99,172.8,316.99,316.99,144.19
ITM-000008811,ORD-00006390,PRD-00046,1,113.49,52.53,113.49,113.49,60.96
ITM-000008812,ORD-00006391,PRD-00043,1,105.99,49.95,105.99,105.99,56.04
ITM-000008813,ORD-00006392,PRD-00070,1,64.99,25.31,64.99,64.99,39.68
ITM-000008814,ORD-00006393,PRD-00068,1,37.49,12.61,37.49,37.49,24.88
ITM-000008815,ORD-00006393,PRD-00046,1,113.49,52.53,113.49,113.49,60.96
ITM-000008816,ORD-00006394,PRD-00043,1,105.99,49.95,105.99,105.99,56.04
ITM-000008817,ORD-00006394,PRD-00029,2,94.49,33.63,188.98,188.98,121.72
ITM-000008818,ORD-00006395,PRD-00043,1,105.99,49.95,105.99,105.99,56.04
ITM-000008819,ORD-00006396,PRD-00060,1,176.49,84.75,176.49,176.49,91.74
ITM-000008820,ORD-00006397,PRD-00100,1,143.99,66.17,143.99,143.99,77.82
ITM-000008821,ORD-00006398,PRD-00029,1,94.49,33.63,94.49,94.49,60.86
ITM-000008822,ORD-00006399,PRD-00064,1,24.99,6.91,24.99,24.99,18.08
ITM-000008823,ORD-00006400,PRD-00032,1,42.49,17.54,42.49,42.49,24.95
ITM-000008824,ORD-00006401,PRD-00057,1,146.49,75.56,146.49,146.49,70.93
ITM-000008825,ORD-00006402,PRD-00088,1,211.99,101.84,211.99,211.99,110.15
ITM-000008826,ORD-00006403,PRD-00027,1,83.99,34.49,83.99,83.99,49.5
ITM-000008827,ORD-00006404,PRD-00058,1,152.99,69.5,152.99,152.99,83.49
ITM-000008828,ORD-00006404,PRD-00034,1,34.99,12.79,34.99,34.99,22.2
ITM-000008829,ORD-00006404,PRD-00024,1,54.99,26.28,54.99,54.99,28.71
ITM-000008830,ORD-00006405,PRD-00038,1,77.49,36.23,77.49,77.49,41.26
ITM-000008831,ORD-00006405,PRD-00097,1,167.49,87.54,167.49,167.49,79.95
ITM-000008832,ORD-00006405,PRD-00052,1,118.49,48.71,118.49,118.49,69.78
ITM-000008833,ORD-00006406,PRD-00052,3,118.49,48.71,355.47,355.47,209.34
ITM-000008834,ORD-00006406,PRD-00096,1,199.99,116.57,199.99,199.99,83.42
ITM-000008835,ORD-00006407,PRD-00005,1,82.99,47.75,82.99,82.99,35.24
ITM-000008836,ORD-00006408,PRD-00085,1,105.99,56.37,105.99,105.99,49.62
ITM-000008837,ORD-00006409,PRD-00081,2,77.99,39.19,155.98,155.98,77.6
ITM-000008838,ORD-00006410,PRD-00078,1,25.99,9.37,25.99,25.99,16.62
ITM-000008839,ORD-00006410,PRD-00096,1,199.99,116.57,199.99,199.99,83.42
ITM-000008840,ORD-00006411,PRD-00068,1,37.49,12.61,37.49,37.49,24.88
ITM-000008841,ORD-00006412,PRD-00014,1,337.99,200.36,337.99,337.99,137.63
ITM-000008842,ORD-00006412,PRD-00068,1,37.49,12.61,37.49,37.49,24.88
ITM-000008843,ORD-00006413,PRD-00032,1,42.49,17.54,42.49,42.49,24.95
ITM-000008844,ORD-00006414,PRD-00056,1,135.49,71.03,135.49,135.49,64.46
ITM-000008845,ORD-00006415,PRD-00028,1,107.49,45.05,107.49,107.49,62.44
ITM-000008846,ORD-00006416,PRD-00063,1,70.49,27.76,70.49,70.49,42.73
ITM-000008847,ORD-00006417,PRD-00005,2,82.99,47.75,165.98,165.98,70.48
ITM-000008848,ORD-00006417,PRD-00083,2,115.99,58.28,231.98,231.98,115.42
ITM-000008849,ORD-00006418,PRD-00098,2,199.49,113.09,398.98,398.98,172.8
ITM-000008850,ORD-00006419,PRD-00083,1,115.99,58.28,115.99,115.99,57.71
ITM-000008851,ORD-00006420,PRD-00057,2,146.49,75.56,292.98,292.98,141.86
ITM-000008852,ORD-00006421,PRD-00022,1,49.99,20.52,49.99,49.99,29.47
ITM-000008853,ORD-00006422,PRD-00024,1,54.99,26.28,54.99,54.99,28.71
ITM-000008854,ORD-00006422,PRD-00036,1,73.99,30.02,73.99,73.99,43.97
ITM-000008855,ORD-00006423,PRD-00050,1,173.99,93.04,173.99,173.99,80.95
ITM-000008856,ORD-00006423,PRD-00075,1,56.99,20.25,56.99,56.99,36.74
ITM-000008857,ORD-00006424,PRD-00024,1,54.99,26.28,54.99,54.99,28.71
ITM-000008858,ORD-00006424,PRD-00004,1,294.49,168.07,294.49,294.49,126.42
ITM-000008859,ORD-00006425,PRD-00064,1,24.99,6.91,24.99,24.99,18.08
ITM-000008860,ORD-00006426,PRD-00018,1,72.99,37.97,72.99,72.99,35.02
ITM-000008861,ORD-00006427,PRD-00085,1,105.99,56.37,105.99,105.99,49.62
ITM-000008862,ORD-00006428,PRD-00034,1,34.99,12.79,34.99,34.99,22.2
ITM-000008863,ORD-00006429,PRD-00055,1,74.99,31.61,74.99,74.99,43.38
ITM-000008864,ORD-00006429,PRD-00012,1,374.49,207.75,374.49,374.49,166.74
ITM-000008865,ORD-00006430,PRD-00032,2,42.49,17.54,84.98,84.98,49.9
ITM-000008866,ORD-00006431,PRD-00082,1,151.49,68.21,151.49,151.49,83.28
ITM-000008867,ORD-00006431,PRD-00044,1,72.99,36.23,72.99,72.99,36.76
ITM-000008868,ORD-00006432,PRD-00098,1,199.49,113.09,199.49,199.49,86.4
ITM-000008869,ORD-00006432,PRD-00021,1,114.99,46.3,114.99,114.99,68.69
ITM-000008870,ORD-00006433,PRD-00083,1,115.99,58.28,115.99,115.99,57.71
ITM-000008871,ORD-00006434,PRD-00026,3,94.99,41.91,284.97,284.97,159.24
ITM-000008872,ORD-00006434,PRD-00049,2,162.99,86.22,325.98,325.98,153.54
ITM-000008873,ORD-00006434,PRD-00090,1,232.99,113.86,232.99,232.99,119.13
ITM-000008874,ORD-00006435,PRD-00085,1,105.99,56.37,105.99,105.99,49.62
ITM-000008875,ORD-00006435,PRD-00084,1,31.99,15.58,31.99,31.99,16.41
ITM-000008876,ORD-00006436,PRD-00035,1,100.99,39.04,100.99,100.99,61.95
ITM-000008877,ORD-00006436,PRD-00045,2,83.49,36.38,166.98,166.98,94.22
ITM-000008878,ORD-00006436,PRD-00075,1,56.99,20.25,56.99,56.99,36.74
ITM-000008879,ORD-00006437,PRD-00076,1,62.99,25.51,62.99,62.99,37.48
ITM-000008880,ORD-00006437,PRD-00004,1,294.49,168.07,294.49,294.49,126.42
ITM-000008881,ORD-00006438,PRD-00085,1,105.99,56.37,105.99,105.99,49.62
ITM-000008882,ORD-00006439,PRD-00034,1,34.99,12.79,34.99,34.99,22.2
ITM-000008883,ORD-00006440,PRD-00071,1,86.99,31.3,86.99,86.99,55.69
ITM-000008884,ORD-00006440,PRD-00078,1,25.99,9.37,25.99,25.99,16.62
ITM-000008885,ORD-00006441,PRD-00007,1,316.99,172.8,316.99,316.99,144.19
ITM-000008886,ORD-00006442,PRD-00038,2,77.49,36.23,154.98,154.98,82.52
ITM-000008887,ORD-00006443,PRD-00098,1,199.49,113.09,199.49,199.49,86.4
ITM-000008888,ORD-00006444,PRD-00056,1,135.49,71.03,135.49,135.49,64.46
ITM-000008889,ORD-00006444,PRD-00023,2,31.99,14.2,63.98,63.98,35.58
ITM-000008890,ORD-00006444,PRD-00044,1,72.99,36.23,72.99,72.99,36.76
ITM-000008891,ORD-00006445,PRD-00055,1,74.99,31.61,74.99,74.99,43.38
ITM-000008892,ORD-00006446,PRD-00023,1,31.99,14.2,31.99,31.99,17.79
ITM-000008893,ORD-00006447,PRD-00097,1,167.49,87.54,167.49,167.49,79.95
ITM-000008894,ORD-00006448,PRD-00092,1,214.99,101.72,214.99,214.99,113.27
ITM-000008895,ORD-00006449,PRD-00018,1,72.99,37.97,72.99,72.99,35.02
ITM-000008896,ORD-00006450,PRD-00093,1,227.99,111.71,227.99,227.99,116.28
ITM-000008897,ORD-00006451,PRD-00067,1,44.99,16.41,44.99,44.99,28.58
ITM-000008898,ORD-00006452,PRD-00072,1,36.99,11.8,36.99,36.99,25.19
ITM-000008899,ORD-00006453,PRD-00025,1,55.99,23.35,55.99,55.99,32.64
ITM-000008900,ORD-00006453,PRD-00092,1,214.99,101.72,214.99,214.99,113.27
ITM-000008901,ORD-00006454,PRD-00028,1,107.49,45.05,107.49,107.49,62.44
ITM-000008902,ORD-00006455,PRD-00070,2,64.99,25.31,129.98,129.98,79.36
ITM-000008903,ORD-00006456,PRD-00012,2,374.49,207.75,748.98,748.98,333.48
ITM-000008904,ORD-00006457,PRD-00020,1,271.99,147.22,271.99,271.99,124.77
ITM-000008905,ORD-00006458,PRD-00078,1,25.99,9.37,25.99,25.99,16.62
ITM-000008906,ORD-00006459,PRD-00066,1,84.99,33.73,84.99,84.99,51.26
ITM-000008907,ORD-00006460,PRD-00076,1,62.99,25.51,62.99,62.99,37.48
ITM-000008908,ORD-00006461,PRD-00019,1,339.99,208.97,339.99,339.99,131.02
ITM-000008909,ORD-00006462,PRD-00047,1,100.99,42.27,100.99,100.99,58.72
ITM-000008910,ORD-00006463,PRD-00068,1,37.49,12.61,37.49,37.49,24.88
ITM-000008911,ORD-00006463,PRD-00039,1,40.99,18.26,40.99,40.99,22.73
ITM-000008912,ORD-00006464,PRD-00044,2,72.99,36.23,145.98,145.98,73.52
ITM-000008913,ORD-00006465,PRD-00051,1,52.99,21.94,52.99,52.99,31.05
ITM-000008914,ORD-00006466,PRD-00045,1,83.49,36.38,83.49,83.49,47.11
ITM-000008915,ORD-00006467,PRD-00095,2,204.99,100.6,409.98,409.98,208.78
ITM-000008916,ORD-00006468,PRD-00024,1,54.99,26.28,54.99,54.99,28.71
ITM-000008917,ORD-00006469,PRD-00078,1,25.99,9.37,25.99,25.99,16.62
ITM-000008918,ORD-00006470,PRD-00026,1,94.99,41.91,94.99,94.99,53.08
ITM-000008919,ORD-00006471,PRD-00098,3,199.49,113.09,598.47,598.47,259.2
ITM-000008920,ORD-00006472,PRD-00005,1,82.99,47.75,82.99,82.99,35.24
ITM-000008921,ORD-00006473,PRD-00053,1,47.99,23.38,47.99,47.99,24.61
ITM-000008922,ORD-00006473,PRD-00022,1,49.99,20.52,49.99,49.99,29.47
ITM-000008923,ORD-00006474,PRD-00096,1,199.99,116.57,199.99,199.99,83.42
ITM-000008924,ORD-00006475,PRD-00059,2,47.49,23.54,94.98,94.98,47.9
ITM-000008925,ORD-00006476,PRD-00009,1,94.99,52.51,94.99,94.99,42.48
ITM-000008926,ORD-00006477,PRD-00078,1,25.99,9.37,25.99,25.99,16.62
ITM-000008927,ORD-00006478,PRD-00096,1,199.99,116.57,199.99,199.99,83.42
ITM-000008928,ORD-00006479,PRD-00097,1,167.49,87.54,167.49,167.49,79.95
ITM-000008929,ORD-00006480,PRD-00073,3,84.49,28.1,253.47,253.47,169.17
ITM-000008930,ORD-00006481,PRD-00066,3,84.99,33.73,254.97,254.97,153.78
ITM-000008931,ORD-00006481,PRD-00072,1,36.99,11.8,36.99,36.99,25.19
ITM-000008932,ORD-00006481,PRD-00011,1,179.99,102.31,179.99,179.99,77.68
ITM-000008933,ORD-00006482,PRD-00096,2,199.99,116.57,399.98,399.98,166.84
ITM-000008934,ORD-00006483,PRD-00055,1,74.99,31.61,74.99,74.99,43.38
ITM-000008935,ORD-00006484,PRD-00043,1,105.99,49.95,105.99,105.99,56.04
ITM-000008936,ORD-00006485,PRD-00018,1,72.99,37.97,72.99,72.99,35.02
ITM-000008937,ORD-00006486,PRD-00027,1,83.99,34.49,83.99,83.99,49.5
ITM-000008938,ORD-00006487,PRD-00045,1,83.49,36.38,83.49,83.49,47.11
ITM-000008939,ORD-00006488,PRD-00028,1,107.49,45.05,107.49,107.49,62.44
ITM-000008940,ORD-00006489,PRD-00007,1,316.99,172.8,316.99,316.99,144.19
ITM-000008941,ORD-00006490,PRD-00034,1,34.99,12.79,34.99,34.99,22.2
ITM-000008942,ORD-00006490,PRD-00051,1,52.99,21.94,52.99,52.99,31.05
ITM-000008943,ORD-00006490,PRD-00044,1,72.99,36.23,72.99,72.99,36.76
ITM-000008944,ORD-00006491,PRD-00066,1,84.99,33.73,84.99,84.99,51.26
ITM-000008945,ORD-00006491,PRD-00087,2,43.99,24.1,87.98,87.98,39.78
ITM-000008946,ORD-00006492,PRD-00033,2,27.99,11.51,55.98,55.98,32.96
ITM-000008947,ORD-00006492,PRD-00090,2,232.99,113.86,465.98,465.98,238.26
ITM-000008948,ORD-00006492,PRD-00023,1,31.99,14.2,31.99,31.99,17.79
ITM-000008949,ORD-00006493,PRD-00081,1,77.99,39.19,77.99,77.99,38.8
ITM-000008950,ORD-00006494,PRD-00008,2,325.99,186.16,651.98,651.98,279.66
ITM-000008951,ORD-00006494,PRD-00008,1,325.99,186.16,325.99,325.99,139.83
ITM-000008952,ORD-00006494,PRD-00091,1,42.99,22.68,42.99,42.99,20.31
ITM-000008953,ORD-00006495,PRD-00005,1,82.99,47.75,82.99,82.99,35.24
ITM-000008954,ORD-00006496,PRD-00028,1,107.49,45.05,107.49,107.49,62.44
ITM-000008955,ORD-00006497,PRD-00039,1,40.99,18.26,40.99,40.99,22.73
ITM-000008956,ORD-00006498,PRD-00014,1,337.99,200.36,337.99,337.99,137.63
ITM-000008957,ORD-00006499,PRD-00060,1,176.49,84.75,176.49,176.49,91.74
ITM-000008958,ORD-00006499,PRD-00067,1,44.99,16.41,44.99,44.99,28.58
ITM-000008959,ORD-00006499,PRD-00077,1,22.99,8.27,22.99,22.99,14.72
ITM-000008960,ORD-00006500,PRD-00069,1,51.99,14.6,51.99,51.99,37.39
ITM-000008961,ORD-00006501,PRD-00010,1,207.99,120.07,207.99,207.99,87.92
ITM-000008962,ORD-00006502,PRD-00056,1,135.49,71.03,135.49,135.49,64.46
ITM-000008963,ORD-00006503,PRD-00082,1,151.49,68.21,151.49,151.49,83.28
ITM-000008964,ORD-00006503,PRD-00029,2,94.49,33.63,188.98,188.98,121.72
ITM-000008965,ORD-00006504,PRD-00091,1,42.99,22.68,42.99,42.99,20.31
ITM-000008966,ORD-00006505,PRD-00006,1,391.99,223.93,391.99,391.99,168.06
ITM-000008967,ORD-00006506,PRD-00064,1,24.99,6.91,24.99,24.99,18.08
ITM-000008968,ORD-00006507,PRD-00089,1,31.99,18.14,31.99,31.99,13.85
ITM-000008969,ORD-00006507,PRD-00035,2,100.99,39.04,201.98,201.98,123.9
ITM-000008970,ORD-00006508,PRD-00099,1,50.99,27.57,50.99,50.99,23.42
ITM-000008971,ORD-00006509,PRD-00019,1,339.99,208.97,339.99,339.99,131.02
ITM-000008972,ORD-00006510,PRD-00042,1,121.99,52.18,121.99,121.99,69.81
ITM-000008973,ORD-00006511,PRD-00074,1,16.99,6.2,16.99,16.99,10.79
ITM-000008974,ORD-00006512,PRD-00078,1,25.99,9.37,25.99,25.99,16.62
ITM-000008975,ORD-00006512,PRD-00008,1,325.99,186.16,325.99,325.99,139.83
ITM-000008976,ORD-00006513,PRD-00029,1,94.49,33.63,94.49,94.49,60.86
ITM-000008977,ORD-00006514,PRD-00081,1,77.99,39.19,77.99,77.99,38.8
ITM-000008978,ORD-00006515,PRD-00062,1,68.49,27.5,68.49,68.49,40.99
ITM-000008979,ORD-00006516,PRD-00032,1,42.49,17.54,42.49,42.49,24.95
ITM-000008980,ORD-00006517,PRD-00100,1,143.99,66.17,143.99,143.99,77.82
ITM-000008981,ORD-00006518,PRD-00018,1,72.99,37.97,72.99,72.99,35.02
ITM-000008982,ORD-00006518,PRD-00084,1,31.99,15.58,31.99,31.99,16.41
ITM-000008983,ORD-00006519,PRD-00089,1,31.99,18.14,31.99,31.99,13.85
ITM-000008984,ORD-00006520,PRD-00031,1,110.99,51.16,110.99,110.99,59.83
ITM-000008985,ORD-00006520,PRD-00079,2,46.49,15.84,92.98,92.98,61.3
ITM-000008986,ORD-00006520,PRD-00029,1,94.49,33.63,94.49,94.49,60.86
ITM-000008987,ORD-00006521,PRD-00059,1,47.49,23.54,47.49,47.49,23.95
ITM-000008988,ORD-00006522,PRD-00061,1,75.99,20.12,75.99,75.99,55.87
ITM-000008989,ORD-00006522,PRD-00093,1,227.99,111.71,227.99,227.99,116.28
ITM-000008990,ORD-00006523,PRD-00054,1,137.99,68.35,137.99,137.99,69.64
ITM-000008991,ORD-00006524,PRD-00011,1,179.99,102.31,179.99,179.99,77.68
ITM-000008992,ORD-00006525,PRD-00055,3,74.99,31.61,224.97,224.97,130.14
ITM-000008993,ORD-00006525,PRD-00026,1,94.99,41.91,94.99,94.99,53.08
ITM-000008994,ORD-00006525,PRD-00044,3,72.99,36.23,218.97,218.97,110.28
ITM-000008995,ORD-00006526,PRD-00025,1,55.99,23.35,55.99,55.99,32.64
ITM-000008996,ORD-00006526,PRD-00077,2,22.99,8.27,45.98,45.98,29.44
ITM-000008997,ORD-00006527,PRD-00043,1,105.99,49.95,105.99,105.99,56.04
ITM-000008998,ORD-00006528,PRD-00079,1,46.49,15.84,46.49,46.49,30.65
ITM-000008999,ORD-00006528,PRD-00068,1,37.49,12.61,37.49,37.49,24.88
ITM-000009000,ORD-00006528,PRD-00071,1,86.99,31.3,86.99,86.99,55.69
ITM-000009001,ORD-00006529,PRD-00050,1,173.99,93.04,173.99,173.99,80.95
ITM-000009002,ORD-00006530,PRD-00063,1,70.49,27.76,70.49,70.49,42.73
ITM-000009003,ORD-00006531,PRD-00100,1,143.99,66.17,143.99,143.99,77.82
ITM-000009004,ORD-00006531,PRD-00078,1,25.99,9.37,25.99,25.99,16.62
ITM-000009005,ORD-00006532,PRD-00067,1,44.99,16.41,44.99,44.99,28.58
ITM-000009006,ORD-00006533,PRD-00032,1,42.49,17.54,42.49,42.49,24.95
ITM-000009007,ORD-00006534,PRD-00051,1,52.99,21.94,52.99,52.99,31.05
ITM-000009008,ORD-00006534,PRD-00004,1,294.49,168.07,294.49,294.49,126.42
ITM-000009009,ORD-00006535,PRD-00040,1,98.99,45.24,98.99,98.99,53.75
ITM-000009010,ORD-00006536,PRD-00005,2,82.99,47.75,165.98,165.98,70.48
ITM-000009011,ORD-00006537,PRD-00046,1,113.49,52.53,113.49,113.49,60.96
ITM-000009012,ORD-00006538,PRD-00058,2,152.99,69.5,305.98,305.98,166.98
ITM-000009013,ORD-00006539,PRD-00097,1,167.49,87.54,167.49,167.49,79.95
ITM-000009014,ORD-00006539,PRD-00081,1,77.99,39.19,77.99,77.99,38.8
ITM-000009015,ORD-00006540,PRD-00038,1,77.49,36.23,77.49,77.49,41.26
ITM-000009016,ORD-00006541,PRD-00047,1,100.99,42.27,100.99,100.99,58.72
ITM-000009017,ORD-00006542,PRD-00089,1,31.99,18.14,31.99,31.99,13.85
ITM-000009018,ORD-00006543,PRD-00060,2,176.49,84.75,352.98,352.98,183.48
ITM-000009019,ORD-00006544,PRD-00036,1,73.99,30.02,73.99,73.99,43.97
ITM-000009020,ORD-00006545,PRD-00086,1,140.99,72.94,140.99,140.99,68.05
ITM-000009021,ORD-00006545,PRD-00086,1,140.99,72.94,140.99,140.99,68.05
ITM-000009022,ORD-00006546,PRD-00034,1,34.99,12.79,34.99,34.99,22.2
ITM-000009023,ORD-00006546,PRD-00013,1,275.99,176.16,275.99,275.99,99.83
ITM-000009024,ORD-00006547,PRD-00007,3,316.99,172.8,950.97,950.97,432.57
ITM-000009025,ORD-00006547,PRD-00016,2,129.99,78.72,259.98,259.98,102.54
ITM-000009026,ORD-00006548,PRD-00083,1,115.99,58.28,115.99,115.99,57.71
ITM-000009027,ORD-00006549,PRD-00041,1,180.99,84.81,180.99,180.99,96.18
ITM-000009028,ORD-00006549,PRD-00064,1,24.99,6.91,24.99,24.99,18.08
ITM-000009029,ORD-00006550,PRD-00083,1,115.99,58.28,115.99,115.99,57.71
ITM-000009030,ORD-00006551,PRD-00095,1,204.99,100.6,204.99,204.99,104.39
ITM-000009031,ORD-00006551,PRD-00003,1,350.49,212.61,350.49,350.49,137.88
ITM-000009032,ORD-00006552,PRD-00036,2,73.99,30.02,147.98,147.98,87.94
ITM-000009033,ORD-00006553,PRD-00077,2,22.99,8.27,45.98,45.98,29.44
ITM-000009034,ORD-00006553,PRD-00049,1,162.99,86.22,162.99,162.99,76.77
ITM-000009035,ORD-00006554,PRD-00061,1,75.99,20.12,75.99,75.99,55.87
ITM-000009036,ORD-00006555,PRD-00077,1,22.99,8.27,22.99,22.99,14.72
ITM-000009037,ORD-00006555,PRD-00001,1,320.99,176.63,320.99,320.99,144.36
ITM-000009038,ORD-00006556,PRD-00012,1,374.49,207.75,374.49,374.49,166.74
ITM-000009039,ORD-00006557,PRD-00065,2,24.99,5.84,49.98,49.98,38.3
ITM-000009040,ORD-00006557,PRD-00078,1,25.99,9.37,25.99,25.99,16.62
ITM-000009041,ORD-00006558,PRD-00086,1,140.99,72.94,140.99,140.99,68.05
ITM-000009042,ORD-00006559,PRD-00020,2,271.99,147.22,543.98,543.98,249.54
ITM-000009043,ORD-00006560,PRD-00019,1,339.99,208.97,339.99,339.99,131.02
ITM-000009044,ORD-00006561,PRD-00053,1,47.99,23.38,47.99,47.99,24.61
ITM-000009045,ORD-00006562,PRD-00085,1,105.99,56.37,105.99,105.99,49.62
ITM-000009046,ORD-00006562,PRD-00098,1,199.49,113.09,199.49,199.49,86.4
ITM-000009047,ORD-00006562,PRD-00082,1,151.49,68.21,151.49,151.49,83.28
ITM-000009048,ORD-00006563,PRD-00037,1,41.99,15.18,41.99,41.99,26.81
ITM-000009049,ORD-00006563,PRD-00095,1,204.99,100.6,204.99,204.99,104.39
ITM-000009050,ORD-00006563,PRD-00004,1,294.49,168.07,294.49,294.49,126.42
ITM-000009051,ORD-00006564,PRD-00014,1,337.99,200.36,337.99,337.99,137.63
ITM-000009052,ORD-00006565,PRD-00063,1,70.49,27.76,70.49,70.49,42.73
ITM-000009053,ORD-00006566,PRD-00086,2,140.99,72.94,281.98,281.98,136.1
ITM-000009054,ORD-00006566,PRD-00005,1,82.99,47.75,82.99,82.99,35.24
ITM-000009055,ORD-00006567,PRD-00078,1,25.99,9.37,25.99,25.99,16.62
ITM-000009056,ORD-00006567,PRD-00042,1,121.99,52.18,121.99,121.99,69.81
ITM-000009057,ORD-00006568,PRD-00090,2,232.99,113.86,465.98,465.98,238.26
ITM-000009058,ORD-00006569,PRD-00003,2,350.49,212.61,700.98,700.98,275.76
ITM-000009059,ORD-00006569,PRD-00065,1,24.99,5.84,24.99,24.99,19.15
ITM-000009060,ORD-00006569,PRD-00023,2,31.99,14.2,63.98,63.98,35.58
ITM-000009061,ORD-00006570,PRD-00076,1,62.99,25.51,62.99,62.99,37.48
ITM-000009062,ORD-00006570,PRD-00003,1,350.49,212.61,350.49,350.49,137.88
ITM-000009063,ORD-00006570,PRD-00098,2,199.49,113.09,398.98,398.98,172.8
ITM-000009064,ORD-00006571,PRD-00064,1,24.99,6.91,24.99,24.99,18.08
ITM-000009065,ORD-00006572,PRD-00096,2,199.99,116.57,399.98,399.98,166.84
ITM-000009066,ORD-00006573,PRD-00041,3,180.99,84.81,542.97,542.97,288.54
ITM-000009067,ORD-00006574,PRD-00072,1,36.99,11.8,36.99,36.99,25.19
ITM-000009068,ORD-00006575,PRD-00014,2,337.99,200.36,675.98,675.98,275.26
ITM-000009069,ORD-00006576,PRD-00005,2,82.99,47.75,165.98,165.98,70.48
ITM-000009070,ORD-00006577,PRD-00082,1,151.49,68.21,151.49,151.49,83.28
ITM-000009071,ORD-00006578,PRD-00049,1,162.99,86.22,162.99,162.99,76.77
ITM-000009072,ORD-00006578,PRD-00056,1,135.49,71.03,135.49,135.49,64.46
ITM-000009073,ORD-00006579,PRD-00039,1,40.99,18.26,40.99,40.99,22.73
ITM-000009074,ORD-00006580,PRD-00039,1,40.99,18.26,40.99,40.99,22.73
ITM-000009075,ORD-00006581,PRD-00076,2,62.99,25.51,125.98,125.98,74.96
ITM-000009076,ORD-00006581,PRD-00100,1,143.99,66.17,143.99,143.99,77.82
ITM-000009077,ORD-00006582,PRD-00091,1,42.99,22.68,42.99,42.99,20.31
ITM-000009078,ORD-00006583,PRD-00099,3,50.99,27.57,152.97,152.97,70.26
ITM-000009079,ORD-00006584,PRD-00049,1,162.99,86.22,162.99,162.99,76.77
ITM-000009080,ORD-00006585,PRD-00004,1,294.49,168.07,294.49,294.49,126.42
ITM-000009081,ORD-00006586,PRD-00003,2,350.49,212.61,700.98,700.98,275.76
ITM-000009082,ORD-00006587,PRD-00067,1,44.99,16.41,44.99,44.99,28.58
ITM-000009083,ORD-00006587,PRD-00020,1,271.99,147.22,271.99,271.99,124.77
ITM-000009084,ORD-00006587,PRD-00081,1,77.99,39.19,77.99,77.99,38.8
ITM-000009085,ORD-00006588,PRD-00015,1,205.99,123.35,205.99,205.99,82.64
ITM-000009086,ORD-00006588,PRD-00082,1,151.49,68.21,151.49,151.49,83.28
ITM-000009087,ORD-00006589,PRD-00018,1,72.99,37.97,72.99,72.99,35.02
ITM-000009088,ORD-00006589,PRD-00076,1,62.99,25.51,62.99,62.99,37.48
ITM-000009089,ORD-00006590,PRD-00043,1,105.99,49.95,105.99,105.99,56.04
ITM-000009090,ORD-00006591,PRD-00010,1,207.99,120.07,207.99,207.99,87.92
ITM-000009091,ORD-00006591,PRD-00012,1,374.49,207.75,374.49,374.49,166.74
ITM-000009092,ORD-00006591,PRD-00036,2,73.99,30.02,147.98,147.98,87.94
ITM-000009093,ORD-00006592,PRD-00096,2,199.99,116.57,399.98,399.98,166.84
ITM-000009094,ORD-00006592,PRD-00026,1,94.99,41.91,94.99,94.99,53.08
ITM-000009095,ORD-00006592,PRD-00082,1,151.49,68.21,151.49,151.49,83.28
ITM-000009096,ORD-00006593,PRD-00030,1,67.99,29.21,67.99,67.99,38.78
ITM-000009097,ORD-00006594,PRD-00060,3,176.49,84.75,529.47,529.47,275.22
ITM-000009098,ORD-00006594,PRD-00019,1,339.99,208.97,339.99,339.99,131.02
ITM-000009099,ORD-00006594,PRD-00098,1,199.49,113.09,199.49,199.49,86.4
ITM-000009100,ORD-00006595,PRD-00031,1,110.99,51.16,110.99,110.99,59.83
ITM-000009101,ORD-00006596,PRD-00050,2,173.99,93.04,347.98,347.98,161.9
ITM-000009102,ORD-00006597,PRD-00013,1,275.99,176.16,275.99,275.99,99.83
ITM-000009103,ORD-00006598,PRD-00007,1,316.99,172.8,316.99,316.99,144.19
ITM-000009104,ORD-00006598,PRD-00099,1,50.99,27.57,50.99,50.99,23.42
ITM-000009105,ORD-00006599,PRD-00058,1,152.99,69.5,152.99,152.99,83.49
ITM-000009106,ORD-00006599,PRD-00065,1,24.99,5.84,24.99,24.99,19.15
ITM-000009107,ORD-00006600,PRD-00063,1,70.49,27.76,70.49,70.49,42.73
ITM-000009108,ORD-00006601,PRD-00078,1,25.99,9.37,25.99,25.99,16.62
ITM-000009109,ORD-00006602,PRD-00036,1,73.99,30.02,73.99,73.99,43.97
ITM-000009110,ORD-00006603,PRD-00005,1,82.99,47.75,82.99,82.99,35.24
ITM-000009111,ORD-00006604,PRD-00088,1,211.99,101.84,211.99,211.99,110.15
ITM-000009112,ORD-00006605,PRD-00065,1,24.99,5.84,24.99,24.99,19.15
ITM-000009113,ORD-00006605,PRD-00083,1,115.99,58.28,115.99,115.99,57.71
ITM-000009114,ORD-00006606,PRD-00014,1,337.99,200.36,337.99,337.99,137.63
ITM-000009115,ORD-00006606,PRD-00080,1,87.99,32.75,87.99,87.99,55.24
ITM-000009116,ORD-00006607,PRD-00095,1,204.99,100.6,204.99,204.99,104.39
ITM-000009117,ORD-00006608,PRD-00038,1,77.49,36.23,77.49,77.49,41.26
ITM-000009118,ORD-00006609,PRD-00077,1,22.99,8.27,22.99,22.99,14.72
ITM-000009119,ORD-00006610,PRD-00030,1,67.99,29.21,67.99,67.99,38.78
ITM-000009120,ORD-00006611,PRD-00066,1,84.99,33.73,84.99,84.99,51.26
ITM-000009121,ORD-00006612,PRD-00097,2,167.49,87.54,334.98,334.98,159.9
ITM-000009122,ORD-00006612,PRD-00010,1,207.99,120.07,207.99,207.99,87.92
ITM-000009123,ORD-00006613,PRD-00003,1,350.49,212.61,350.49,350.49,137.88
ITM-000009124,ORD-00006613,PRD-00032,3,42.49,17.54,127.47,127.47,74.85
ITM-000009125,ORD-00006614,PRD-00001,1,320.99,176.63,320.99,320.99,144.36
ITM-000009126,ORD-00006615,PRD-00029,1,94.49,33.63,94.49,94.49,60.86
ITM-000009127,ORD-00006616,PRD-00047,1,100.99,42.27,100.99,100.99,58.72
ITM-000009128,ORD-00006616,PRD-00077,1,22.99,8.27,22.99,22.99,14.72
ITM-000009129,ORD-00006617,PRD-00067,1,44.99,16.41,44.99,44.99,28.58
ITM-000009130,ORD-00006618,PRD-00017,1,244.99,144.79,244.99,244.99,100.2
ITM-000009131,ORD-00006619,PRD-00066,2,84.99,33.73,169.98,169.98,102.52
ITM-000009132,ORD-00006619,PRD-00073,1,84.49,28.1,84.49,84.49,56.39
ITM-000009133,ORD-00006620,PRD-00043,1,105.99,49.95,105.99,105.99,56.04
ITM-000009134,ORD-00006621,PRD-00009,1,94.99,52.51,94.99,94.99,42.48
ITM-000009135,ORD-00006622,PRD-00054,1,137.99,68.35,137.99,137.99,69.64
ITM-000009136,ORD-00006623,PRD-00074,1,16.99,6.2,16.99,16.99,10.79
ITM-000009137,ORD-00006623,PRD-00036,1,73.99,30.02,73.99,73.99,43.97
ITM-000009138,ORD-00006624,PRD-00060,1,176.49,84.75,176.49,176.49,91.74
ITM-000009139,ORD-00006625,PRD-00066,1,84.99,33.73,84.99,84.99,51.26
ITM-000009140,ORD-00006626,PRD-00063,1,70.49,27.76,70.49,70.49,42.73
ITM-000009141,ORD-00006627,PRD-00037,1,41.99,15.18,41.99,41.99,26.81
ITM-000009142,ORD-00006627,PRD-00088,1,211.99,101.84,211.99,211.99,110.15
ITM-000009143,ORD-00006628,PRD-00039,1,40.99,18.26,40.99,40.99,22.73
ITM-000009144,ORD-00006629,PRD-00018,1,72.99,37.97,72.99,72.99,35.02
ITM-000009145,ORD-00006630,PRD-00091,2,42.99,22.68,85.98,85.98,40.62
ITM-000009146,ORD-00006630,PRD-00082,2,151.49,68.21,302.98,302.98,166.56
ITM-000009147,ORD-00006631,PRD-00034,1,34.99,12.79,34.99,34.99,22.2
ITM-000009148,ORD-00006632,PRD-00027,1,83.99,34.49,83.99,83.99,49.5
ITM-000009149,ORD-00006633,PRD-00050,1,173.99,93.04,173.99,173.99,80.95
ITM-000009150,ORD-00006634,PRD-00083,1,115.99,58.28,115.99,115.99,57.71
ITM-000009151,ORD-00006635,PRD-00099,1,50.99,27.57,50.99,50.99,23.42
ITM-000009152,ORD-00006636,PRD-00083,1,115.99,58.28,115.99,115.99,57.71
ITM-000009153,ORD-00006637,PRD-00020,1,271.99,147.22,271.99,271.99,124.77
ITM-000009154,ORD-00006638,PRD-00084,1,31.99,15.58,31.99,31.99,16.41
ITM-000009155,ORD-00006638,PRD-00090,2,232.99,113.86,465.98,465.98,238.26
ITM-000009156,ORD-00006639,PRD-00048,1,33.49,15.83,33.49,33.49,17.66
ITM-000009157,ORD-00006640,PRD-00062,1,68.49,27.5,68.49,68.49,40.99
ITM-000009158,ORD-00006640,PRD-00059,1,47.49,23.54,47.49,47.49,23.95
ITM-000009159,ORD-00006641,PRD-00026,1,94.99,41.91,94.99,94.99,53.08
ITM-000009160,ORD-00006642,PRD-00071,1,86.99,31.3,86.99,86.99,55.69
ITM-000009161,ORD-00006642,PRD-00063,1,70.49,27.76,70.49,70.49,42.73
ITM-000009162,ORD-00006643,PRD-00009,1,94.99,52.51,94.99,94.99,42.48
ITM-000009163,ORD-00006644,PRD-00093,1,227.99,111.71,227.99,227.99,116.28
ITM-000009164,ORD-00006645,PRD-00090,2,232.99,113.86,465.98,465.98,238.26
ITM-000009165,ORD-00006646,PRD-00001,1,320.99,176.63,320.99,320.99,144.36
ITM-000009166,ORD-00006647,PRD-00011,1,179.99,102.31,179.99,179.99,77.68
ITM-000009167,ORD-00006647,PRD-00021,1,114.99,46.3,114.99,114.99,68.69
ITM-000009168,ORD-00006647,PRD-00085,1,105.99,56.37,105.99,105.99,49.62
ITM-000009169,ORD-00006648,PRD-00025,1,55.99,23.35,55.99,55.99,32.64
ITM-000009170,ORD-00006649,PRD-00074,1,16.99,6.2,16.99,16.99,10.79
ITM-000009171,ORD-00006650,PRD-00030,1,67.99,29.21,67.99,67.99,38.78
ITM-000009172,ORD-00006650,PRD-00004,1,294.49,168.07,294.49,294.49,126.42
ITM-000009173,ORD-00006651,PRD-00075,1,56.99,20.25,56.99,56.99,36.74
ITM-000009174,ORD-00006652,PRD-00065,2,24.99,5.84,49.98,49.98,38.3
ITM-000009175,ORD-00006653,PRD-00070,1,64.99,25.31,64.99,64.99,39.68
ITM-000009176,ORD-00006653,PRD-00093,2,227.99,111.71,455.98,455.98,232.56
ITM-000009177,ORD-00006653,PRD-00014,1,337.99,200.36,337.99,337.99,137.63
ITM-000009178,ORD-00006654,PRD-00099,1,50.99,27.57,50.99,50.99,23.42
ITM-000009179,ORD-00006655,PRD-00066,1,84.99,33.73,84.99,84.99,51.26
ITM-000009180,ORD-00006656,PRD-00059,1,47.49,23.54,47.49,47.49,23.95
ITM-000009181,ORD-00006657,PRD-00094,1,245.99,110.0,245.99,245.99,135.99
ITM-000009182,ORD-00006658,PRD-00056,1,135.49,71.03,135.49,135.49,64.46
ITM-000009183,ORD-00006658,PRD-00061,1,75.99,20.12,75.99,75.99,55.87
ITM-000009184,ORD-00006659,PRD-00010,1,207.99,120.07,207.99,207.99,87.92
ITM-000009185,ORD-00006660,PRD-00083,1,115.99,58.28,115.99,115.99,57.71
ITM-000009186,ORD-00006661,PRD-00086,1,140.99,72.94,140.99,140.99,68.05
ITM-000009187,ORD-00006661,PRD-00093,1,227.99,111.71,227.99,227.99,116.28
ITM-000009188,ORD-00006661,PRD-00024,1,54.99,26.28,54.99,54.99,28.71
ITM-000009189,ORD-00006662,PRD-00021,3,114.99,46.3,344.97,344.97,206.07
ITM-000009190,ORD-00006662,PRD-00019,1,339.99,208.97,339.99,339.99,131.02
ITM-000009191,ORD-00006663,PRD-00022,1,49.99,20.52,49.99,49.99,29.47
ITM-000009192,ORD-00006663,PRD-00069,1,51.99,14.6,51.99,51.99,37.39
ITM-000009193,ORD-00006663,PRD-00093,1,227.99,111.71,227.99,227.99,116.28
ITM-000009194,ORD-00006664,PRD-00093,1,227.99,111.71,227.99,227.99,116.28
ITM-000009195,ORD-00006665,PRD-00008,1,325.99,186.16,325.99,325.99,139.83
ITM-000009196,ORD-00006665,PRD-00024,1,54.99,26.28,54.99,54.99,28.71
ITM-000009197,ORD-00006665,PRD-00003,1,350.49,212.61,350.49,350.49,137.88
ITM-000009198,ORD-00006666,PRD-00062,1,68.49,27.5,68.49,68.49,40.99
ITM-000009199,ORD-00006667,PRD-00003,1,350.49,212.61,350.49,350.49,137.88
ITM-000009200,ORD-00006668,PRD-00019,1,339.99,208.97,339.99,339.99,131.02
ITM-000009201,ORD-00006669,PRD-00095,1,204.99,100.6,204.99,204.99,104.39
ITM-000009202,ORD-00006670,PRD-00089,1,31.99,18.14,31.99,31.99,13.85
ITM-000009203,ORD-00006671,PRD-00053,1,47.99,23.38,47.99,47.99,24.61
ITM-000009204,ORD-00006672,PRD-00025,1,55.99,23.35,55.99,55.99,32.64
ITM-000009205,ORD-00006673,PRD-00016,1,129.99,78.72,129.99,129.99,51.27
ITM-000009206,ORD-00006674,PRD-00051,1,52.99,21.94,52.99,52.99,31.05
ITM-000009207,ORD-00006675,PRD-00012,1,374.49,207.75,374.49,374.49,166.74
ITM-000009208,ORD-00006676,PRD-00051,1,52.99,21.94,52.99,52.99,31.05
ITM-000009209,ORD-00006676,PRD-00053,1,47.99,23.38,47.99,47.99,24.61
ITM-000009210,ORD-00006676,PRD-00048,1,33.49,15.83,33.49,33.49,17.66
ITM-000009211,ORD-00006677,PRD-00069,1,51.99,14.6,51.99,51.99,37.39
ITM-000009212,ORD-00006677,PRD-00059,2,47.49,23.54,94.98,94.98,47.9
ITM-000009213,ORD-00006678,PRD-00034,1,34.99,12.79,34.99,34.99,22.2
ITM-000009214,ORD-00006678,PRD-00041,1,180.99,84.81,180.99,180.99,96.18
ITM-000009215,ORD-00006679,PRD-00056,1,135.49,71.03,135.49,135.49,64.46
ITM-000009216,ORD-00006680,PRD-00072,1,36.99,11.8,36.99,36.99,25.19
ITM-000009217,ORD-00006680,PRD-00051,1,52.99,21.94,52.99,52.99,31.05
ITM-000009218,ORD-00006681,PRD-00030,1,67.99,29.21,67.99,67.99,38.78
ITM-000009219,ORD-00006682,PRD-00089,1,31.99,18.14,31.99,31.99,13.85
ITM-000009220,ORD-00006682,PRD-00055,1,74.99,31.61,74.99,74.99,43.38
ITM-000009221,ORD-00006683,PRD-00016,1,129.99,78.72,129.99,129.99,51.27
ITM-000009222,ORD-00006683,PRD-00060,1,176.49,84.75,176.49,176.49,91.74
ITM-000009223,ORD-00006683,PRD-00012,1,374.49,207.75,374.49,374.49,166.74
ITM-000009224,ORD-00006684,PRD-00084,1,31.99,15.58,31.99,31.99,16.41
ITM-000009225,ORD-00006685,PRD-00056,1,135.49,71.03,135.49,135.49,64.46
ITM-000009226,ORD-00006685,PRD-00089,1,31.99,18.14,31.99,31.99,13.85
ITM-000009227,ORD-00006686,PRD-00059,1,47.49,23.54,47.49,47.49,23.95
ITM-000009228,ORD-00006686,PRD-00081,1,77.99,39.19,77.99,77.99,38.8
ITM-000009229,ORD-00006687,PRD-00040,1,98.99,45.24,98.99,98.99,53.75
ITM-000009230,ORD-00006688,PRD-00008,2,325.99,186.16,651.98,651.98,279.66
ITM-000009231,ORD-00006689,PRD-00032,1,42.49,17.54,42.49,42.49,24.95
ITM-000009232,ORD-00006690,PRD-00011,1,179.99,102.31,179.99,179.99,77.68
ITM-000009233,ORD-00006690,PRD-00044,1,72.99,36.23,72.99,72.99,36.76
ITM-000009234,ORD-00006691,PRD-00027,1,83.99,34.49,83.99,83.99,49.5
ITM-000009235,ORD-00006692,PRD-00009,1,94.99,52.51,94.99,94.99,42.48
ITM-000009236,ORD-00006693,PRD-00013,1,275.99,176.16,275.99,275.99,99.83
ITM-000009237,ORD-00006694,PRD-00077,1,22.99,8.27,22.99,22.99,14.72
ITM-000009238,ORD-00006694,PRD-00053,2,47.99,23.38,95.98,95.98,49.22
ITM-000009239,ORD-00006694,PRD-00012,2,374.49,207.75,748.98,748.98,333.48
ITM-000009240,ORD-00006695,PRD-00002,1,203.99,113.88,203.99,203.99,90.11
ITM-000009241,ORD-00006696,PRD-00028,1,107.49,45.05,107.49,107.49,62.44
ITM-000009242,ORD-00006697,PRD-00050,1,173.99,93.04,173.99,173.99,80.95
ITM-000009243,ORD-00006698,PRD-00007,1,316.99,172.8,316.99,316.99,144.19
ITM-000009244,ORD-00006699,PRD-00066,1,84.99,33.73,84.99,84.99,51.26
ITM-000009245,ORD-00006699,PRD-00009,2,94.99,52.51,189.98,189.98,84.96
ITM-000009246,ORD-00006700,PRD-00053,1,47.99,23.38,47.99,47.99,24.61
ITM-000009247,ORD-00006701,PRD-00055,1,74.99,31.61,74.99,74.99,43.38
ITM-000009248,ORD-00006701,PRD-00084,1,31.99,15.58,31.99,31.99,16.41
ITM-000009249,ORD-00006702,PRD-00031,2,110.99,51.16,221.98,221.98,119.66
ITM-000009250,ORD-00006703,PRD-00076,2,62.99,25.51,125.98,125.98,74.96
ITM-000009251,ORD-00006704,PRD-00008,1,325.99,186.16,325.99,325.99,139.83
ITM-000009252,ORD-00006705,PRD-00036,1,73.99,30.02,73.99,73.99,43.97
ITM-000009253,ORD-00006706,PRD-00046,1,113.49,52.53,113.49,113.49,60.96
ITM-000009254,ORD-00006707,PRD-00070,1,64.99,25.31,64.99,64.99,39.68
ITM-000009255,ORD-00006708,PRD-00076,1,62.99,25.51,62.99,62.99,37.48
ITM-000009256,ORD-00006708,PRD-00027,1,83.99,34.49,83.99,83.99,49.5
ITM-000009257,ORD-00006708,PRD-00033,1,27.99,11.51,27.99,27.99,16.48
ITM-000009258,ORD-00006709,PRD-00094,2,245.99,110.0,491.98,491.98,271.98
ITM-000009259,ORD-00006710,PRD-00034,1,34.99,12.79,34.99,34.99,22.2
ITM-000009260,ORD-00006711,PRD-00033,1,27.99,11.51,27.99,27.99,16.48
ITM-000009261,ORD-00006712,PRD-00073,1,84.49,28.1,84.49,84.49,56.39
ITM-000009262,ORD-00006713,PRD-00060,1,176.49,84.75,176.49,176.49,91.74
ITM-000009263,ORD-00006713,PRD-00014,1,337.99,200.36,337.99,337.99,137.63
ITM-000009264,ORD-00006714,PRD-00082,1,151.49,68.21,151.49,151.49,83.28
ITM-000009265,ORD-00006715,PRD-00080,1,87.99,32.75,87.99,87.99,55.24
ITM-000009266,ORD-00006716,PRD-00090,1,232.99,113.86,232.99,232.99,119.13
ITM-000009267,ORD-00006716,PRD-00034,1,34.99,12.79,34.99,34.99,22.2
ITM-000009268,ORD-00006717,PRD-00023,1,31.99,14.2,31.99,31.99,17.79
ITM-000009269,ORD-00006718,PRD-00005,1,82.99,47.75,82.99,82.99,35.24
ITM-000009270,ORD-00006718,PRD-00069,1,51.99,14.6,51.99,51.99,37.39
ITM-000009271,ORD-00006719,PRD-00014,1,337.99,200.36,337.99,337.99,137.63
ITM-000009272,ORD-00006719,PRD-00050,2,173.99,93.04,347.98,347.98,161.9
ITM-000009273,ORD-00006719,PRD-00086,1,140.99,72.94,140.99,140.99,68.05
ITM-000009274,ORD-00006720,PRD-00050,1,173.99,93.04,173.99,173.99,80.95
ITM-000009275,ORD-00006721,PRD-00065,1,24.99,5.84,24.99,24.99,19.15
ITM-000009276,ORD-00006722,PRD-00065,1,24.99,5.84,24.99,24.99,19.15
ITM-000009277,ORD-00006723,PRD-00063,1,70.49,27.76,70.49,70.49,42.73
ITM-000009278,ORD-00006724,PRD-00076,1,62.99,25.51,62.99,62.99,37.48
ITM-000009279,ORD-00006725,PRD-00041,1,180.99,84.81,180.99,180.99,96.18
ITM-000009280,ORD-00006726,PRD-00037,3,41.99,15.18,125.97,125.97,80.43
ITM-000009281,ORD-00006726,PRD-00035,2,100.99,39.04,201.98,201.98,123.9
ITM-000009282,ORD-00006727,PRD-00030,1,67.99,29.21,67.99,67.99,38.78
ITM-000009283,ORD-00006728,PRD-00073,1,84.49,28.1,84.49,84.49,56.39
ITM-000009284,ORD-00006729,PRD-00086,2,140.99,72.94,281.98,281.98,136.1
ITM-000009285,ORD-00006730,PRD-00023,1,31.99,14.2,31.99,31.99,17.79
ITM-000009286,ORD-00006731,PRD-00032,1,42.49,17.54,42.49,42.49,24.95
ITM-000009287,ORD-00006731,PRD-00089,1,31.99,18.14,31.99,31.99,13.85
ITM-000009288,ORD-00006732,PRD-00031,1,110.99,51.16,110.99,110.99,59.83
ITM-000009289,ORD-00006733,PRD-00007,1,316.99,172.8,316.99,316.99,144.19
ITM-000009290,ORD-00006734,PRD-00031,1,110.99,51.16,110.99,110.99,59.83
ITM-000009291,ORD-00006734,PRD-00024,1,54.99,26.28,54.99,54.99,28.71
ITM-000009292,ORD-00006734,PRD-00086,1,140.99,72.94,140.99,140.99,68.05
ITM-000009293,ORD-00006735,PRD-00045,1,83.49,36.38,83.49,83.49,47.11
ITM-000009294,ORD-00006735,PRD-00053,1,47.99,23.38,47.99,47.99,24.61
ITM-000009295,ORD-00006736,PRD-00033,1,27.99,11.51,27.99,27.99,16.48
ITM-000009296,ORD-00006737,PRD-00098,2,199.49,113.09,398.98,398.98,172.8
ITM-000009297,ORD-00006737,PRD-00070,2,64.99,25.31,129.98,129.98,79.36
ITM-000009298,ORD-00006738,PRD-00030,1,67.99,29.21,67.99,67.99,38.78
ITM-000009299,ORD-00006739,PRD-00003,1,350.49,212.61,350.49,350.49,137.88
ITM-000009300,ORD-00006740,PRD-00083,1,115.99,58.28,115.99,115.99,57.71
ITM-000009301,ORD-00006740,PRD-00075,1,56.99,20.25,56.99,56.99,36.74
ITM-000009302,ORD-00006741,PRD-00015,1,205.99,123.35,205.99,205.99,82.64
ITM-000009303,ORD-00006742,PRD-00021,1,114.99,46.3,114.99,114.99,68.69
ITM-000009304,ORD-00006743,PRD-00089,1,31.99,18.14,31.99,31.99,13.85
ITM-000009305,ORD-00006744,PRD-00015,1,205.99,123.35,205.99,205.99,82.64
ITM-000009306,ORD-00006745,PRD-00079,1,46.49,15.84,46.49,46.49,30.65
ITM-000009307,ORD-00006746,PRD-00087,1,43.99,24.1,43.99,43.99,19.89
ITM-000009308,ORD-00006746,PRD-00050,1,173.99,93.04,173.99,173.99,80.95
ITM-000009309,ORD-00006747,PRD-00047,1,100.99,42.27,100.99,100.99,58.72
ITM-000009310,ORD-00006747,PRD-00028,1,107.49,45.05,107.49,107.49,62.44
ITM-000009311,ORD-00006748,PRD-00043,2,105.99,49.95,211.98,211.98,112.08
ITM-000009312,ORD-00006749,PRD-00014,1,337.99,200.36,337.99,337.99,137.63
ITM-000009313,ORD-00006750,PRD-00094,1,245.99,110.0,245.99,245.99,135.99
ITM-000009314,ORD-00006750,PRD-00017,1,244.99,144.79,244.99,244.99,100.2
ITM-000009315,ORD-00006751,PRD-00057,1,146.49,75.56,146.49,146.49,70.93
ITM-000009316,ORD-00006752,PRD-00079,1,46.49,15.84,46.49,46.49,30.65
ITM-000009317,ORD-00006753,PRD-00012,1,374.49,207.75,374.49,374.49,166.74
ITM-000009318,ORD-00006753,PRD-00031,1,110.99,51.16,110.99,110.99,59.83
ITM-000009319,ORD-00006753,PRD-00036,1,73.99,30.02,73.99,73.99,43.97
ITM-000009320,ORD-00006754,PRD-00030,1,67.99,29.21,67.99,67.99,38.78
ITM-000009321,ORD-00006755,PRD-00031,1,110.99,51.16,110.99,110.99,59.83
ITM-000009322,ORD-00006756,PRD-00005,1,82.99,47.75,82.99,82.99,35.24
ITM-000009323,ORD-00006757,PRD-00090,1,232.99,113.86,232.99,232.99,119.13
ITM-000009324,ORD-00006758,PRD-00036,1,73.99,30.02,73.99,73.99,43.97
ITM-000009325,ORD-00006759,PRD-00092,1,214.99,101.72,214.99,214.99,113.27
ITM-000009326,ORD-00006760,PRD-00010,1,207.99,120.07,207.99,207.99,87.92
ITM-000009327,ORD-00006760,PRD-00084,1,31.99,15.58,31.99,31.99,16.41
ITM-000009328,ORD-00006761,PRD-00006,3,391.99,223.93,1175.97,1175.97,504.18
ITM-000009329,ORD-00006762,PRD-00097,1,167.49,87.54,167.49,167.49,79.95
ITM-000009330,ORD-00006763,PRD-00030,1,67.99,29.21,67.99,67.99,38.78
ITM-000009331,ORD-00006763,PRD-00072,1,36.99,11.8,36.99,36.99,25.19
ITM-000009332,ORD-00006764,PRD-00097,1,167.49,87.54,167.49,167.49,79.95
ITM-000009333,ORD-00006764,PRD-00090,1,232.99,113.86,232.99,232.99,119.13
ITM-000009334,ORD-00006765,PRD-00095,1,204.99,100.6,204.99,204.99,104.39
ITM-000009335,ORD-00006766,PRD-00100,1,143.99,66.17,143.99,143.99,77.82
ITM-000009336,ORD-00006766,PRD-00092,2,214.99,101.72,429.98,429.98,226.54
ITM-000009337,ORD-00006767,PRD-00072,1,36.99,11.8,36.99,36.99,25.19
ITM-000009338,ORD-00006768,PRD-00086,1,140.99,72.94,140.99,140.99,68.05
ITM-000009339,ORD-00006769,PRD-00037,2,41.99,15.18,83.98,83.98,53.62
ITM-000009340,ORD-00006770,PRD-00039,1,40.99,18.26,40.99,40.99,22.73
ITM-000009341,ORD-00006771,PRD-00037,1,41.99,15.18,41.99,41.99,26.81
ITM-000009342,ORD-00006772,PRD-00041,1,180.99,84.81,180.99,180.99,96.18
ITM-000009343,ORD-00006773,PRD-00096,1,199.99,116.57,199.99,199.99,83.42
ITM-000009344,ORD-00006774,PRD-00023,1,31.99,14.2,31.99,31.99,17.79
ITM-000009345,ORD-00006775,PRD-00067,1,44.99,16.41,44.99,44.99,28.58
ITM-000009346,ORD-00006775,PRD-00080,1,87.99,32.75,87.99,87.99,55.24
ITM-000009347,ORD-00006776,PRD-00032,1,42.49,17.54,42.49,42.49,24.95
ITM-000009348,ORD-00006777,PRD-00057,1,146.49,75.56,146.49,146.49,70.93
ITM-000009349,ORD-00006777,PRD-00072,1,36.99,11.8,36.99,36.99,25.19
ITM-000009350,ORD-00006777,PRD-00085,1,105.99,56.37,105.99,105.99,49.62
ITM-000009351,ORD-00006778,PRD-00091,3,42.99,22.68,128.97,128.97,60.93
ITM-000009352,ORD-00006779,PRD-00035,1,100.99,39.04,100.99,100.99,61.95
ITM-000009353,ORD-00006780,PRD-00097,1,167.49,87.54,167.49,167.49,79.95
ITM-000009354,ORD-00006781,PRD-00040,2,98.99,45.24,197.98,197.98,107.5
ITM-000009355,ORD-00006782,PRD-00078,1,25.99,9.37,25.99,25.99,16.62
ITM-000009356,ORD-00006782,PRD-00016,1,129.99,78.72,129.99,129.99,51.27
ITM-000009357,ORD-00006782,PRD-00063,2,70.49,27.76,140.98,140.98,85.46
ITM-000009358,ORD-00006783,PRD-00053,1,47.99,23.38,47.99,47.99,24.61
ITM-000009359,ORD-00006783,PRD-00020,1,271.99,147.22,271.99,271.99,124.77
ITM-000009360,ORD-00006784,PRD-00071,1,86.99,31.3,86.99,86.99,55.69
ITM-000009361,ORD-00006785,PRD-00034,1,34.99,12.79,34.99,34.99,22.2
ITM-000009362,ORD-00006786,PRD-00048,2,33.49,15.83,66.98,66.98,35.32
ITM-000009363,ORD-00006787,PRD-00003,2,350.49,212.61,700.98,700.98,275.76
ITM-000009364,ORD-00006788,PRD-00089,1,31.99,18.14,31.99,31.99,13.85
ITM-000009365,ORD-00006789,PRD-00079,1,46.49,15.84,46.49,46.49,30.65
ITM-000009366,ORD-00006790,PRD-00027,1,83.99,34.49,83.99,83.99,49.5
ITM-000009367,ORD-00006791,PRD-00099,1,50.99,27.57,50.99,50.99,23.42
ITM-000009368,ORD-00006791,PRD-00016,1,129.99,78.72,129.99,129.99,51.27
ITM-000009369,ORD-00006791,PRD-00026,1,94.99,41.91,94.99,94.99,53.08
ITM-000009370,ORD-00006792,PRD-00077,1,22.99,8.27,22.99,22.99,14.72
ITM-000009371,ORD-00006793,PRD-00004,1,294.49,168.07,294.49,294.49,126.42
ITM-000009372,ORD-00006793,PRD-00099,1,50.99,27.57,50.99,50.99,23.42
ITM-000009373,ORD-00006794,PRD-00011,3,179.99,102.31,539.97,539.97,233.04
ITM-000009374,ORD-00006794,PRD-00042,1,121.99,52.18,121.99,121.99,69.81
ITM-000009375,ORD-00006795,PRD-00076,1,62.99,25.51,62.99,62.99,37.48
ITM-000009376,ORD-00006796,PRD-00089,1,31.99,18.14,31.99,31.99,13.85
ITM-000009377,ORD-00006797,PRD-00003,1,350.49,212.61,350.49,350.49,137.88
ITM-000009378,ORD-00006798,PRD-00033,1,27.99,11.51,27.99,27.99,16.48
ITM-000009379,ORD-00006799,PRD-00050,1,173.99,93.04,173.99,173.99,80.95
ITM-000009380,ORD-00006800,PRD-00077,1,22.99,8.27,22.99,22.99,14.72
ITM-000009381,ORD-00006800,PRD-00050,1,173.99,93.04,173.99,173.99,80.95
ITM-000009382,ORD-00006801,PRD-00088,1,211.99,101.84,211.99,211.99,110.15
ITM-000009383,ORD-00006802,PRD-00059,1,47.49,23.54,47.49,47.49,23.95
ITM-000009384,ORD-00006802,PRD-00070,2,64.99,25.31,129.98,129.98,79.36
ITM-000009385,ORD-00006803,PRD-00007,1,316.99,172.8,316.99,316.99,144.19
ITM-000009386,ORD-00006804,PRD-00095,1,204.99,100.6,204.99,204.99,104.39
ITM-000009387,ORD-00006804,PRD-00073,1,84.49,28.1,84.49,84.49,56.39
ITM-000009388,ORD-00006804,PRD-00055,1,74.99,31.61,74.99,74.99,43.38
ITM-000009389,ORD-00006805,PRD-00021,1,114.99,46.3,114.99,114.99,68.69
ITM-000009390,ORD-00006805,PRD-00091,1,42.99,22.68,42.99,42.99,20.31
ITM-000009391,ORD-00006806,PRD-00096,1,199.99,116.57,199.99,199.99,83.42
ITM-000009392,ORD-00006807,PRD-00058,3,152.99,69.5,458.97,458.97,250.47
ITM-000009393,ORD-00006808,PRD-00066,1,84.99,33.73,84.99,84.99,51.26
ITM-000009394,ORD-00006809,PRD-00078,1,25.99,9.37,25.99,25.99,16.62
ITM-000009395,ORD-00006810,PRD-00006,1,391.99,223.93,391.99,391.99,168.06
ITM-000009396,ORD-00006811,PRD-00033,1,27.99,11.51,27.99,27.99,16.48
ITM-000009397,ORD-00006811,PRD-00001,1,320.99,176.63,320.99,320.99,144.36
ITM-000009398,ORD-00006812,PRD-00016,1,129.99,78.72,129.99,129.99,51.27
ITM-000009399,ORD-00006813,PRD-00045,1,83.49,36.38,83.49,83.49,47.11
ITM-000009400,ORD-00006814,PRD-00044,1,72.99,36.23,72.99,72.99,36.76
ITM-000009401,ORD-00006815,PRD-00018,1,72.99,37.97,72.99,72.99,35.02
ITM-000009402,ORD-00006816,PRD-00003,1,350.49,212.61,350.49,350.49,137.88
ITM-000009403,ORD-00006817,PRD-00022,1,49.99,20.52,49.99,49.99,29.47
ITM-000009404,ORD-00006817,PRD-00098,1,199.49,113.09,199.49,199.49,86.4
ITM-000009405,ORD-00006817,PRD-00089,1,31.99,18.14,31.99,31.99,13.85
ITM-000009406,ORD-00006818,PRD-00017,2,244.99,144.79,489.98,489.98,200.4
ITM-000009407,ORD-00006819,PRD-00050,2,173.99,93.04,347.98,347.98,161.9
ITM-000009408,ORD-00006820,PRD-00013,1,275.99,176.16,275.99,275.99,99.83
ITM-000009409,ORD-00006820,PRD-00047,1,100.99,42.27,100.99,100.99,58.72
ITM-000009410,ORD-00006821,PRD-00082,1,151.49,68.21,151.49,151.49,83.28
ITM-000009411,ORD-00006822,PRD-00089,2,31.99,18.14,63.98,63.98,27.7
ITM-000009412,ORD-00006823,PRD-00041,1,180.99,84.81,180.99,180.99,96.18
ITM-000009413,ORD-00006824,PRD-00009,1,94.99,52.51,94.99,94.99,42.48
ITM-000009414,ORD-00006825,PRD-00083,1,115.99,58.28,115.99,115.99,57.71
ITM-000009415,ORD-00006825,PRD-00047,1,100.99,42.27,100.99,100.99,58.72
ITM-000009416,ORD-00006826,PRD-00040,3,98.99,45.24,296.97,296.97,161.25
ITM-000009417,ORD-00006827,PRD-00092,1,214.99,101.72,214.99,214.99,113.27
ITM-000009418,ORD-00006828,PRD-00014,1,337.99,200.36,337.99,337.99,137.63
ITM-000009419,ORD-00006829,PRD-00061,1,75.99,20.12,75.99,75.99,55.87
ITM-000009420,ORD-00006830,PRD-00018,3,72.99,37.97,218.97,218.97,105.06
ITM-000009421,ORD-00006831,PRD-00046,1,113.49,52.53,113.49,113.49,60.96
ITM-000009422,ORD-00006832,PRD-00029,1,94.49,33.63,94.49,94.49,60.86
ITM-000009423,ORD-00006833,PRD-00017,1,244.99,144.79,244.99,244.99,100.2
ITM-000009424,ORD-00006834,PRD-00093,1,227.99,111.71,227.99,227.99,116.28
ITM-000009425,ORD-00006835,PRD-00085,2,105.99,56.37,211.98,211.98,99.24
ITM-000009426,ORD-00006836,PRD-00006,1,391.99,223.93,391.99,391.99,168.06
ITM-000009427,ORD-00006837,PRD-00060,2,176.49,84.75,352.98,352.98,183.48
ITM-000009428,ORD-00006838,PRD-00036,1,73.99,30.02,73.99,73.99,43.97
ITM-000009429,ORD-00006839,PRD-00028,2,107.49,45.05,214.98,214.98,124.88
ITM-000009430,ORD-00006840,PRD-00097,1,167.49,87.54,167.49,167.49,79.95
ITM-000009431,ORD-00006841,PRD-00005,1,82.99,47.75,82.99,82.99,35.24
ITM-000009432,ORD-00006842,PRD-00045,1,83.49,36.38,83.49,83.49,47.11
ITM-000009433,ORD-00006842,PRD-00003,1,350.49,212.61,350.49,350.49,137.88
ITM-000009434,ORD-00006842,PRD-00038,1,77.49,36.23,77.49,77.49,41.26
ITM-000009435,ORD-00006843,PRD-00013,1,275.99,176.16,275.99,275.99,99.83
ITM-000009436,ORD-00006843,PRD-00075,1,56.99,20.25,56.99,56.99,36.74
ITM-000009437,ORD-00006844,PRD-00003,1,350.49,212.61,350.49,350.49,137.88
ITM-000009438,ORD-00006844,PRD-00003,3,350.49,212.61,1051.47,1051.47,413.64
ITM-000009439,ORD-00006845,PRD-00037,1,41.99,15.18,41.99,41.99,26.81
ITM-000009440,ORD-00006846,PRD-00073,1,84.49,28.1,84.49,84.49,56.39
ITM-000009441,ORD-00006847,PRD-00093,1,227.99,111.71,227.99,227.99,116.28
ITM-000009442,ORD-00006848,PRD-00022,1,49.99,20.52,49.99,49.99,29.47
ITM-000009443,ORD-00006848,PRD-00023,1,31.99,14.2,31.99,31.99,17.79
ITM-000009444,ORD-00006849,PRD-00045,1,83.49,36.38,83.49,83.49,47.11
ITM-000009445,ORD-00006850,PRD-00090,2,232.99,113.86,465.98,465.98,238.26
ITM-000009446,ORD-00006850,PRD-00076,1,62.99,25.51,62.99,62.99,37.48
ITM-000009447,ORD-00006851,PRD-00100,1,143.99,66.17,143.99,143.99,77.82
ITM-000009448,ORD-00006852,PRD-00069,1,51.99,14.6,51.99,51.99,37.39
ITM-000009449,ORD-00006853,PRD-00072,1,36.99,11.8,36.99,36.99,25.19
ITM-000009450,ORD-00006854,PRD-00025,1,55.99,23.35,55.99,55.99,32.64
ITM-000009451,ORD-00006855,PRD-00046,2,113.49,52.53,226.98,226.98,121.92
ITM-000009452,ORD-00006855,PRD-00100,2,143.99,66.17,287.98,287.98,155.64
ITM-000009453,ORD-00006856,PRD-00093,2,227.99,111.71,455.98,455.98,232.56
ITM-000009454,ORD-00006857,PRD-00013,1,275.99,176.16,275.99,275.99,99.83
ITM-000009455,ORD-00006858,PRD-00030,1,67.99,29.21,67.99,67.99,38.78
ITM-000009456,ORD-00006858,PRD-00038,1,77.49,36.23,77.49,77.49,41.26
ITM-000009457,ORD-00006859,PRD-00035,1,100.99,39.04,100.99,100.99,61.95
ITM-000009458,ORD-00006860,PRD-00046,1,113.49,52.53,113.49,113.49,60.96
ITM-000009459,ORD-00006861,PRD-00012,1,374.49,207.75,374.49,374.49,166.74
ITM-000009460,ORD-00006861,PRD-00088,1,211.99,101.84,211.99,211.99,110.15
ITM-000009461,ORD-00006862,PRD-00064,1,24.99,6.91,24.99,24.99,18.08
ITM-000009462,ORD-00006863,PRD-00061,1,75.99,20.12,75.99,75.99,55.87
ITM-000009463,ORD-00006864,PRD-00033,1,27.99,11.51,27.99,27.99,16.48
ITM-000009464,ORD-00006865,PRD-00014,1,337.99,200.36,337.99,337.99,137.63
ITM-000009465,ORD-00006866,PRD-00011,1,179.99,102.31,179.99,179.99,77.68
ITM-000009466,ORD-00006866,PRD-00093,1,227.99,111.71,227.99,227.99,116.28
ITM-000009467,ORD-00006866,PRD-00095,1,204.99,100.6,204.99,204.99,104.39
ITM-000009468,ORD-00006867,PRD-00063,1,70.49,27.76,70.49,70.49,42.73
ITM-000009469,ORD-00006868,PRD-00032,1,42.49,17.54,42.49,42.49,24.95
ITM-000009470,ORD-00006869,PRD-00013,1,275.99,176.16,275.99,275.99,99.83
ITM-000009471,ORD-00006870,PRD-00094,2,245.99,110.0,491.98,491.98,271.98
ITM-000009472,ORD-00006870,PRD-00007,1,316.99,172.8,316.99,316.99,144.19
ITM-000009473,ORD-00006871,PRD-00097,1,167.49,87.54,167.49,167.49,79.95
ITM-000009474,ORD-00006872,PRD-00034,3,34.99,12.79,104.97,104.97,66.6
ITM-000009475,ORD-00006873,PRD-00057,1,146.49,75.56,146.49,146.49,70.93
ITM-000009476,ORD-00006874,PRD-00076,1,62.99,25.51,62.99,62.99,37.48
ITM-000009477,ORD-00006875,PRD-00054,1,137.99,68.35,137.99,137.99,69.64
ITM-000009478,ORD-00006875,PRD-00073,1,84.49,28.1,84.49,84.49,56.39
ITM-000009479,ORD-00006875,PRD-00092,2,214.99,101.72,429.98,429.98,226.54
ITM-000009480,ORD-00006876,PRD-00025,1,55.99,23.35,55.99,55.99,32.64
ITM-000009481,ORD-00006877,PRD-00086,1,140.99,72.94,140.99,140.99,68.05
ITM-000009482,ORD-00006878,PRD-00017,1,244.99,144.79,244.99,244.99,100.2
ITM-000009483,ORD-00006878,PRD-00003,1,350.49,212.61,350.49,350.49,137.88
ITM-000009484,ORD-00006878,PRD-00070,1,64.99,25.31,64.99,64.99,39.68
ITM-000009485,ORD-00006879,PRD-00067,1,44.99,16.41,44.99,44.99,28.58
ITM-000009486,ORD-00006880,PRD-00031,1,110.99,51.16,110.99,110.99,59.83
ITM-000009487,ORD-00006881,PRD-00080,1,87.99,32.75,87.99,87.99,55.24
ITM-000009488,ORD-00006881,PRD-00018,1,72.99,37.97,72.99,72.99,35.02
ITM-000009489,ORD-00006882,PRD-00047,1,100.99,42.27,100.99,100.99,58.72
ITM-000009490,ORD-00006882,PRD-00033,1,27.99,11.51,27.99,27.99,16.48
ITM-000009491,ORD-00006883,PRD-00057,1,146.49,75.56,146.49,146.49,70.93
ITM-000009492,ORD-00006883,PRD-00026,3,94.99,41.91,284.97,284.97,159.24
ITM-000009493,ORD-00006883,PRD-00067,2,44.99,16.41,89.98,89.98,57.16
ITM-000009494,ORD-00006884,PRD-00084,1,31.99,15.58,31.99,31.99,16.41
ITM-000009495,ORD-00006885,PRD-00044,1,72.99,36.23,72.99,72.99,36.76
ITM-000009496,ORD-00006886,PRD-00073,1,84.49,28.1,84.49,84.49,56.39
ITM-000009497,ORD-00006887,PRD-00048,1,33.49,15.83,33.49,33.49,17.66
ITM-000009498,ORD-00006887,PRD-00026,1,94.99,41.91,94.99,94.99,53.08
ITM-000009499,ORD-00006888,PRD-00066,1,84.99,33.73,84.99,84.99,51.26
ITM-000009500,ORD-00006888,PRD-00029,1,94.49,33.63,94.49,94.49,60.86
ITM-000009501,ORD-00006889,PRD-00042,1,121.99,52.18,121.99,121.99,69.81
ITM-000009502,ORD-00006889,PRD-00046,1,113.49,52.53,113.49,113.49,60.96
ITM-000009503,ORD-00006889,PRD-00060,1,176.49,84.75,176.49,176.49,91.74
ITM-000009504,ORD-00006890,PRD-00075,1,56.99,20.25,56.99,56.99,36.74
ITM-000009505,ORD-00006891,PRD-00076,1,62.99,25.51,62.99,62.99,37.48
ITM-000009506,ORD-00006892,PRD-00082,1,151.49,68.21,151.49,151.49,83.28
ITM-000009507,ORD-00006893,PRD-00028,1,107.49,45.05,107.49,107.49,62.44
ITM-000009508,ORD-00006893,PRD-00078,1,25.99,9.37,25.99,25.99,16.62
ITM-000009509,ORD-00006894,PRD-00053,1,47.99,23.38,47.99,47.99,24.61
ITM-000009510,ORD-00006895,PRD-00028,1,107.49,45.05,107.49,107.49,62.44
ITM-000009511,ORD-00006896,PRD-00040,1,98.99,45.24,98.99,98.99,53.75
ITM-000009512,ORD-00006897,PRD-00054,1,137.99,68.35,137.99,137.99,69.64
ITM-000009513,ORD-00006898,PRD-00069,1,51.99,14.6,51.99,51.99,37.39
ITM-000009514,ORD-00006898,PRD-00007,1,316.99,172.8,316.99,316.99,144.19
ITM-000009515,ORD-00006899,PRD-00090,1,232.99,113.86,232.99,232.99,119.13
ITM-000009516,ORD-00006899,PRD-00079,1,46.49,15.84,46.49,46.49,30.65
ITM-000009517,ORD-00006900,PRD-00072,1,36.99,11.8,36.99,36.99,25.19
ITM-000009518,ORD-00006901,PRD-00034,1,34.99,12.79,34.99,34.99,22.2
ITM-000009519,ORD-00006901,PRD-00094,1,245.99,110.0,245.99,245.99,135.99
ITM-000009520,ORD-00006901,PRD-00038,2,77.49,36.23,154.98,154.98,82.52
ITM-000009521,ORD-00006902,PRD-00077,1,22.99,8.27,22.99,22.99,14.72
ITM-000009522,ORD-00006903,PRD-00088,1,211.99,101.84,211.99,211.99,110.15
ITM-000009523,ORD-00006904,PRD-00055,2,74.99,31.61,149.98,149.98,86.76
ITM-000009524,ORD-00006904,PRD-00005,1,82.99,47.75,82.99,82.99,35.24
ITM-000009525,ORD-00006904,PRD-00083,1,115.99,58.28,115.99,115.99,57.71
ITM-000009526,ORD-00006905,PRD-00055,1,74.99,31.61,74.99,74.99,43.38
ITM-000009527,ORD-00006905,PRD-00094,1,245.99,110.0,245.99,245.99,135.99
ITM-000009528,ORD-00006906,PRD-00070,1,64.99,25.31,64.99,64.99,39.68
ITM-000009529,ORD-00006907,PRD-00021,1,114.99,46.3,114.99,114.99,68.69
ITM-000009530,ORD-00006908,PRD-00089,2,31.99,18.14,63.98,63.98,27.7
ITM-000009531,ORD-00006908,PRD-00004,2,294.49,168.07,588.98,588.98,252.84
ITM-000009532,ORD-00006909,PRD-00068,1,37.49,12.61,37.49,37.49,24.88
ITM-000009533,ORD-00006910,PRD-00089,1,31.99,18.14,31.99,31.99,13.85
ITM-000009534,ORD-00006911,PRD-00092,1,214.99,101.72,214.99,214.99,113.27
ITM-000009535,ORD-00006912,PRD-00032,2,42.49,17.54,84.98,84.98,49.9
ITM-000009536,ORD-00006912,PRD-00081,1,77.99,39.19,77.99,77.99,38.8
ITM-000009537,ORD-00006913,PRD-00008,1,325.99,186.16,325.99,325.99,139.83
ITM-000009538,ORD-00006913,PRD-00062,1,68.49,27.5,68.49,68.49,40.99
ITM-000009539,ORD-00006914,PRD-00063,1,70.49,27.76,70.49,70.49,42.73
ITM-000009540,ORD-00006914,PRD-00040,1,98.99,45.24,98.99,98.99,53.75
ITM-000009541,ORD-00006914,PRD-00053,1,47.99,23.38,47.99,47.99,24.61
ITM-000009542,ORD-00006915,PRD-00056,1,135.49,71.03,135.49,135.49,64.46
ITM-000009543,ORD-00006915,PRD-00003,1,350.49,212.61,350.49,350.49,137.88
ITM-000009544,ORD-00006916,PRD-00040,1,98.99,45.24,98.99,98.99,53.75
ITM-000009545,ORD-00006917,PRD-00008,1,325.99,186.16,325.99,325.99,139.83
ITM-000009546,ORD-00006918,PRD-00004,1,294.49,168.07,294.49,294.49,126.42
ITM-000009547,ORD-00006919,PRD-00028,1,107.49,45.05,107.49,107.49,62.44
ITM-000009548,ORD-00006920,PRD-00005,1,82.99,47.75,82.99,82.99,35.24
ITM-000009549,ORD-00006921,PRD-00023,1,31.99,14.2,31.99,31.99,17.79
ITM-000009550,ORD-00006922,PRD-00081,1,77.99,39.19,77.99,77.99,38.8
ITM-000009551,ORD-00006922,PRD-00080,2,87.99,32.75,175.98,175.98,110.48
ITM-000009552,ORD-00006922,PRD-00085,1,105.99,56.37,105.99,105.99,49.62
ITM-000009553,ORD-00006923,PRD-00037,1,41.99,15.18,41.99,41.99,26.81
ITM-000009554,ORD-00006924,PRD-00070,1,64.99,25.31,64.99,64.99,39.68
ITM-000009555,ORD-00006925,PRD-00054,1,137.99,68.35,137.99,137.99,69.64
ITM-000009556,ORD-00006926,PRD-00093,1,227.99,111.71,227.99,227.99,116.28
ITM-000009557,ORD-00006927,PRD-00034,1,34.99,12.79,34.99,34.99,22.2
ITM-000009558,ORD-00006927,PRD-00094,2,245.99,110.0,491.98,491.98,271.98
ITM-000009559,ORD-00006928,PRD-00001,1,320.99,176.63,320.99,320.99,144.36
ITM-000009560,ORD-00006928,PRD-00066,1,84.99,33.73,84.99,84.99,51.26
ITM-000009561,ORD-00006929,PRD-00015,1,205.99,123.35,205.99,205.99,82.64
ITM-000009562,ORD-00006930,PRD-00044,1,72.99,36.23,72.99,72.99,36.76
ITM-000009563,ORD-00006931,PRD-00032,2,42.49,17.54,84.98,84.98,49.9
ITM-000009564,ORD-00006931,PRD-00056,1,135.49,71.03,135.49,135.49,64.46
ITM-000009565,ORD-00006932,PRD-00042,1,121.99,52.18,121.99,121.99,69.81
ITM-000009566,ORD-00006933,PRD-00069,1,51.99,14.6,51.99,51.99,37.39
ITM-000009567,ORD-00006934,PRD-00081,1,77.99,39.19,77.99,77.99,38.8
ITM-000009568,ORD-00006935,PRD-00028,1,107.49,45.05,107.49,107.49,62.44
ITM-000009569,ORD-00006935,PRD-00038,2,77.49,36.23,154.98,154.98,82.52
ITM-000009570,ORD-00006936,PRD-00056,1,135.49,71.03,135.49,135.49,64.46
ITM-000009571,ORD-00006936,PRD-00011,1,179.99,102.31,179.99,179.99,77.68
ITM-000009572,ORD-00006937,PRD-00092,1,214.99,101.72,214.99,214.99,113.27
ITM-000009573,ORD-00006938,PRD-00038,1,77.49,36.23,77.49,77.49,41.26
ITM-000009574,ORD-00006939,PRD-00029,1,94.49,33.63,94.49,94.49,60.86
ITM-000009575,ORD-00006940,PRD-00076,1,62.99,25.51,62.99,62.99,37.48
ITM-000009576,ORD-00006940,PRD-00092,1,214.99,101.72,214.99,214.99,113.27
ITM-000009577,ORD-00006940,PRD-00071,1,86.99,31.3,86.99,86.99,55.69
ITM-000009578,ORD-00006941,PRD-00017,1,244.99,144.79,244.99,244.99,100.2
ITM-000009579,ORD-00006941,PRD-00011,1,179.99,102.31,179.99,179.99,77.68
ITM-000009580,ORD-00006942,PRD-00045,1,83.49,36.38,83.49,83.49,47.11
ITM-000009581,ORD-00006943,PRD-00031,1,110.99,51.16,110.99,110.99,59.83
ITM-000009582,ORD-00006944,PRD-00071,1,86.99,31.3,86.99,86.99,55.69
ITM-000009583,ORD-00006944,PRD-00069,1,51.99,14.6,51.99,51.99,37.39
ITM-000009584,ORD-00006945,PRD-00055,1,74.99,31.61,74.99,74.99,43.38
ITM-000009585,ORD-00006945,PRD-00007,1,316.99,172.8,316.99,316.99,144.19
ITM-000009586,ORD-00006946,PRD-00056,2,135.49,71.03,270.98,270.98,128.92
ITM-000009587,ORD-00006946,PRD-00046,1,113.49,52.53,113.49,113.49,60.96
ITM-000009588,ORD-00006946,PRD-00018,1,72.99,37.97,72.99,72.99,35.02
ITM-000009589,ORD-00006947,PRD-00050,1,173.99,93.04,173.99,173.99,80.95
ITM-000009590,ORD-00006947,PRD-00060,1,176.49,84.75,176.49,176.49,91.74
ITM-000009591,ORD-00006948,PRD-00028,2,107.49,45.05,214.98,214.98,124.88
ITM-000009592,ORD-00006948,PRD-00059,1,47.49,23.54,47.49,47.49,23.95
ITM-000009593,ORD-00006948,PRD-00004,1,294.49,168.07,294.49,294.49,126.42
ITM-000009594,ORD-00006949,PRD-00057,1,146.49,75.56,146.49,146.49,70.93
ITM-000009595,ORD-00006950,PRD-00008,1,325.99,186.16,325.99,325.99,139.83
ITM-000009596,ORD-00006951,PRD-00012,1,374.49,207.75,374.49,374.49,166.74
ITM-000009597,ORD-00006951,PRD-00085,1,105.99,56.37,105.99,105.99,49.62
ITM-000009598,ORD-00006951,PRD-00031,2,110.99,51.16,221.98,221.98,119.66
ITM-000009599,ORD-00006952,PRD-00030,1,67.99,29.21,67.99,67.99,38.78
ITM-000009600,ORD-00006952,PRD-00090,2,232.99,113.86,465.98,465.98,238.26
ITM-000009601,ORD-00006953,PRD-00047,2,100.99,42.27,201.98,201.98,117.44
ITM-000009602,ORD-00006954,PRD-00051,1,52.99,21.94,52.99,52.99,31.05
ITM-000009603,ORD-00006955,PRD-00071,1,86.99,31.3,86.99,86.99,55.69
ITM-000009604,ORD-00006956,PRD-00031,1,110.99,51.16,110.99,110.99,59.83
ITM-000009605,ORD-00006957,PRD-00052,2,118.49,48.71,236.98,236.98,139.56
ITM-000009606,ORD-00006958,PRD-00006,1,391.99,223.93,391.99,391.99,168.06
ITM-000009607,ORD-00006959,PRD-00031,1,110.99,51.16,110.99,110.99,59.83
ITM-000009608,ORD-00006959,PRD-00083,1,115.99,58.28,115.99,115.99,57.71
ITM-000009609,ORD-00006960,PRD-00020,1,271.99,147.22,271.99,271.99,124.77
ITM-000009610,ORD-00006961,PRD-00088,1,211.99,101.84,211.99,211.99,110.15
ITM-000009611,ORD-00006962,PRD-00089,1,31.99,18.14,31.99,31.99,13.85
ITM-000009612,ORD-00006963,PRD-00065,1,24.99,5.84,24.99,24.99,19.15
ITM-000009613,ORD-00006964,PRD-00017,1,244.99,144.79,244.99,244.99,100.2
ITM-000009614,ORD-00006965,PRD-00071,1,86.99,31.3,86.99,86.99,55.69
ITM-000009615,ORD-00006966,PRD-00033,1,27.99,11.51,27.99,27.99,16.48
ITM-000009616,ORD-00006967,PRD-00086,1,140.99,72.94,140.99,140.99,68.05
ITM-000009617,ORD-00006967,PRD-00076,1,62.99,25.51,62.99,62.99,37.48
ITM-000009618,ORD-00006968,PRD-00090,1,232.99,113.86,232.99,232.99,119.13
ITM-000009619,ORD-00006968,PRD-00041,1,180.99,84.81,180.99,180.99,96.18
ITM-000009620,ORD-00006968,PRD-00022,2,49.99,20.52,99.98,99.98,58.94
ITM-000009621,ORD-00006969,PRD-00067,1,44.99,16.41,44.99,44.99,28.58
ITM-000009622,ORD-00006970,PRD-00013,1,275.99,176.16,275.99,275.99,99.83
ITM-000009623,ORD-00006971,PRD-00063,1,70.49,27.76,70.49,70.49,42.73
ITM-000009624,ORD-00006971,PRD-00020,1,271.99,147.22,271.99,271.99,124.77
ITM-000009625,ORD-00006972,PRD-00054,2,137.99,68.35,275.98,275.98,139.28
ITM-000009626,ORD-00006973,PRD-00047,1,100.99,42.27,100.99,100.99,58.72
ITM-000009627,ORD-00006973,PRD-00089,1,31.99,18.14,31.99,31.99,13.85
ITM-000009628,ORD-00006973,PRD-00093,3,227.99,111.71,683.97,683.97,348.84
ITM-000009629,ORD-00006974,PRD-00024,1,54.99,26.28,54.99,54.99,28.71
ITM-000009630,ORD-00006975,PRD-00099,3,50.99,27.57,152.97,152.97,70.26
ITM-000009631,ORD-00006976,PRD-00016,1,129.99,78.72,129.99,129.99,51.27
ITM-000009632,ORD-00006976,PRD-00001,1,320.99,176.63,320.99,320.99,144.36
ITM-000009633,ORD-00006976,PRD-00055,2,74.99,31.61,149.98,149.98,86.76
ITM-000009634,ORD-00006977,PRD-00065,1,24.99,5.84,24.99,24.99,19.15
ITM-000009635,ORD-00006978,PRD-00060,1,176.49,84.75,176.49,176.49,91.74
ITM-000009636,ORD-00006979,PRD-00044,1,72.99,36.23,72.99,72.99,36.76
ITM-000009637,ORD-00006979,PRD-00009,3,94.99,52.51,284.97,284.97,127.44
ITM-000009638,ORD-00006979,PRD-00072,3,36.99,11.8,110.97,110.97,75.57
ITM-000009639,ORD-00006980,PRD-00067,2,44.99,16.41,89.98,89.98,57.16
ITM-000009640,ORD-00006981,PRD-00050,2,173.99,93.04,347.98,347.98,161.9
ITM-000009641,ORD-00006982,PRD-00093,1,227.99,111.71,227.99,227.99,116.28
ITM-000009642,ORD-00006983,PRD-00086,1,140.99,72.94,140.99,140.99,68.05
ITM-000009643,ORD-00006983,PRD-00073,1,84.49,28.1,84.49,84.49,56.39
ITM-000009644,ORD-00006984,PRD-00033,1,27.99,11.51,27.99,27.99,16.48
ITM-000009645,ORD-00006984,PRD-00057,1,146.49,75.56,146.49,146.49,70.93
ITM-000009646,ORD-00006985,PRD-00002,1,203.99,113.88,203.99,203.99,90.11
ITM-000009647,ORD-00006986,PRD-00099,1,50.99,27.57,50.99,50.99,23.42
ITM-000009648,ORD-00006987,PRD-00066,1,84.99,33.73,84.99,84.99,51.26
ITM-000009649,ORD-00006987,PRD-00024,2,54.99,26.28,109.98,109.98,57.42
ITM-000009650,ORD-00006988,PRD-00077,1,22.99,8.27,22.99,22.99,14.72
ITM-000009651,ORD-00006989,PRD-00039,1,40.99,18.26,40.99,40.99,22.73
ITM-000009652,ORD-00006990,PRD-00006,1,391.99,223.93,391.99,391.99,168.06
ITM-000009653,ORD-00006991,PRD-00066,1,84.99,33.73,84.99,84.99,51.26
ITM-000009654,ORD-00006992,PRD-00001,1,320.99,176.63,320.99,320.99,144.36
ITM-000009655,ORD-00006993,PRD-00053,1,47.99,23.38,47.99,47.99,24.61
ITM-000009656,ORD-00006994,PRD-00048,1,33.49,15.83,33.49,33.49,17.66
ITM-000009657,ORD-00006994,PRD-00058,1,152.99,69.5,152.99,152.99,83.49
ITM-000009658,ORD-00006995,PRD-00014,1,337.99,200.36,337.99,337.99,137.63
ITM-000009659,ORD-00006996,PRD-00034,3,34.99,12.79,104.97,104.97,66.6
ITM-000009660,ORD-00006997,PRD-00048,1,33.49,15.83,33.49,33.49,17.66
ITM-000009661,ORD-00006998,PRD-00076,1,62.99,25.51,62.99,62.99,37.48
ITM-000009662,ORD-00006999,PRD-00057,1,146.49,75.56,146.49,146.49,70.93
ITM-000009663,ORD-00007000,PRD-00098,1,199.49,113.09,199.49,199.49,86.4
ITM-000009664,ORD-00007001,PRD-00080,1,87.99,32.75,87.99,87.99,55.24
ITM-000009665,ORD-00007002,PRD-00061,1,75.99,20.12,75.99,75.99,55.87
ITM-000009666,ORD-00007003,PRD-00041,1,180.99,84.81,180.99,180.99,96.18
ITM-000009667,ORD-00007004,PRD-00043,1,105.99,49.95,105.99,105.99,56.04
ITM-000009668,ORD-00007004,PRD-00009,1,94.99,52.51,94.99,94.99,42.48
ITM-000009669,ORD-00007004,PRD-00089,2,31.99,18.14,63.98,63.98,27.7
ITM-000009670,ORD-00007005,PRD-00008,1,325.99,186.16,325.99,325.99,139.83
ITM-000009671,ORD-00007006,PRD-00100,1,143.99,66.17,143.99,143.99,77.82
ITM-000009672,ORD-00007006,PRD-00084,1,31.99,15.58,31.99,31.99,16.41
ITM-000009673,ORD-00007007,PRD-00045,1,83.49,36.38,83.49,83.49,47.11
ITM-000009674,ORD-00007008,PRD-00091,1,42.99,22.68,42.99,42.99,20.31
ITM-000009675,ORD-00007008,PRD-00027,1,83.99,34.49,83.99,83.99,49.5
ITM-000009676,ORD-00007009,PRD-00087,1,43.99,24.1,43.99,43.99,19.89
ITM-000009677,ORD-00007010,PRD-00038,1,77.49,36.23,77.49,77.49,41.26
ITM-000009678,ORD-00007011,PRD-00034,1,34.99,12.79,34.99,34.99,22.2
ITM-000009679,ORD-00007012,PRD-00006,2,391.99,223.93,783.98,783.98,336.12
ITM-000009680,ORD-00007013,PRD-00047,1,100.99,42.27,100.99,100.99,58.72
ITM-000009681,ORD-00007014,PRD-00079,1,46.49,15.84,46.49,46.49,30.65
ITM-000009682,ORD-00007015,PRD-00023,1,31.99,14.2,31.99,31.99,17.79
ITM-000009683,ORD-00007015,PRD-00045,1,83.49,36.38,83.49,83.49,47.11
ITM-000009684,ORD-00007015,PRD-00019,1,339.99,208.97,339.99,339.99,131.02
ITM-000009685,ORD-00007016,PRD-00100,1,143.99,66.17,143.99,143.99,77.82
ITM-000009686,ORD-00007017,PRD-00001,1,320.99,176.63,320.99,320.99,144.36
ITM-000009687,ORD-00007017,PRD-00052,1,118.49,48.71,118.49,118.49,69.78
ITM-000009688,ORD-00007017,PRD-00091,2,42.99,22.68,85.98,85.98,40.62
ITM-000009689,ORD-00007018,PRD-00040,1,98.99,45.24,98.99,98.99,53.75
ITM-000009690,ORD-00007019,PRD-00096,2,199.99,116.57,399.98,399.98,166.84
ITM-000009691,ORD-00007020,PRD-00047,1,100.99,42.27,100.99,100.99,58.72
ITM-000009692,ORD-00007021,PRD-00026,1,94.99,41.91,94.99,94.99,53.08
ITM-000009693,ORD-00007022,PRD-00029,1,94.49,33.63,94.49,94.49,60.86
ITM-000009694,ORD-00007023,PRD-00070,1,64.99,25.31,64.99,64.99,39.68
ITM-000009695,ORD-00007024,PRD-00001,1,320.99,176.63,320.99,320.99,144.36
ITM-000009696,ORD-00007025,PRD-00046,1,113.49,52.53,113.49,113.49,60.96
ITM-000009697,ORD-00007026,PRD-00035,1,100.99,39.04,100.99,100.99,61.95
ITM-000009698,ORD-00007027,PRD-00085,1,105.99,56.37,105.99,105.99,49.62
ITM-000009699,ORD-00007027,PRD-00053,1,47.99,23.38,47.99,47.99,24.61
ITM-000009700,ORD-00007028,PRD-00009,2,94.99,52.51,189.98,189.98,84.96
ITM-000009701,ORD-00007028,PRD-00081,1,77.99,39.19,77.99,77.99,38.8
ITM-000009702,ORD-00007029,PRD-00087,1,43.99,24.1,43.99,43.99,19.89
ITM-000009703,ORD-00007029,PRD-00077,1,22.99,8.27,22.99,22.99,14.72
ITM-000009704,ORD-00007029,PRD-00038,1,77.49,36.23,77.49,77.49,41.26
ITM-000009705,ORD-00007030,PRD-00020,1,271.99,147.22,271.99,271.99,124.77
ITM-000009706,ORD-00007031,PRD-00043,2,105.99,49.95,211.98,211.98,112.08
ITM-000009707,ORD-00007032,PRD-00001,1,320.99,176.63,320.99,320.99,144.36
ITM-000009708,ORD-00007032,PRD-00003,1,350.49,212.61,350.49,350.49,137.88
ITM-000009709,ORD-00007033,PRD-00075,1,56.99,20.25,56.99,56.99,36.74
ITM-000009710,ORD-00007034,PRD-00010,2,207.99,120.07,415.98,415.98,175.84
ITM-000009711,ORD-00007035,PRD-00015,1,205.99,123.35,205.99,205.99,82.64
ITM-000009712,ORD-00007036,PRD-00060,1,176.49,84.75,176.49,176.49,91.74
ITM-000009713,ORD-00007037,PRD-00005,1,82.99,47.75,82.99,82.99,35.24
ITM-000009714,ORD-00007037,PRD-00056,1,135.49,71.03,135.49,135.49,64.46
ITM-000009715,ORD-00007038,PRD-00014,1,337.99,200.36,337.99,337.99,137.63
ITM-000009716,ORD-00007039,PRD-00034,2,34.99,12.79,69.98,69.98,44.4
ITM-000009717,ORD-00007040,PRD-00085,1,105.99,56.37,105.99,105.99,49.62
ITM-000009718,ORD-00007041,PRD-00047,1,100.99,42.27,100.99,100.99,58.72
ITM-000009719,ORD-00007042,PRD-00061,1,75.99,20.12,75.99,75.99,55.87
ITM-000009720,ORD-00007043,PRD-00005,1,82.99,47.75,82.99,82.99,35.24
ITM-000009721,ORD-00007044,PRD-00018,1,72.99,37.97,72.99,72.99,35.02
ITM-000009722,ORD-00007045,PRD-00006,1,391.99,223.93,391.99,391.99,168.06
ITM-000009723,ORD-00007046,PRD-00064,3,24.99,6.91,74.97,74.97,54.24
ITM-000009724,ORD-00007047,PRD-00092,3,214.99,101.72,644.97,644.97,339.81
ITM-000009725,ORD-00007047,PRD-00074,1,16.99,6.2,16.99,16.99,10.79
ITM-000009726,ORD-00007048,PRD-00021,1,114.99,46.3,114.99,114.99,68.69
ITM-000009727,ORD-00007049,PRD-00030,2,67.99,29.21,135.98,135.98,77.56
ITM-000009728,ORD-00007050,PRD-00050,1,173.99,93.04,173.99,173.99,80.95
ITM-000009729,ORD-00007051,PRD-00030,1,67.99,29.21,67.99,67.99,38.78
ITM-000009730,ORD-00007052,PRD-00074,1,16.99,6.2,16.99,16.99,10.79
ITM-000009731,ORD-00007053,PRD-00021,1,114.99,46.3,114.99,114.99,68.69
ITM-000009732,ORD-00007054,PRD-00099,1,50.99,27.57,50.99,50.99,23.42
ITM-000009733,ORD-00007055,PRD-00028,1,107.49,45.05,107.49,107.49,62.44
ITM-000009734,ORD-00007055,PRD-00050,1,173.99,93.04,173.99,173.99,80.95
ITM-000009735,ORD-00007055,PRD-00029,1,94.49,33.63,94.49,94.49,60.86
ITM-000009736,ORD-00007056,PRD-00032,3,42.49,17.54,127.47,127.47,74.85
ITM-000009737,ORD-00007056,PRD-00003,1,350.49,212.61,350.49,350.49,137.88
ITM-000009738,ORD-00007057,PRD-00055,1,74.99,31.61,74.99,74.99,43.38
ITM-000009739,ORD-00007057,PRD-00020,1,271.99,147.22,271.99,271.99,124.77
ITM-000009740,ORD-00007058,PRD-00021,1,114.99,46.3,114.99,114.99,68.69
ITM-000009741,ORD-00007058,PRD-00030,1,67.99,29.21,67.99,67.99,38.78
ITM-000009742,ORD-00007059,PRD-00084,1,31.99,15.58,31.99,31.99,16.41
ITM-000009743,ORD-00007060,PRD-00027,1,83.99,34.49,83.99,83.99,49.5
ITM-000009744,ORD-00007061,PRD-00091,1,42.99,22.68,42.99,42.99,20.31
ITM-000009745,ORD-00007062,PRD-00100,1,143.99,66.17,143.99,143.99,77.82
ITM-000009746,ORD-00007062,PRD-00010,1,207.99,120.07,207.99,207.99,87.92
ITM-000009747,ORD-00007063,PRD-00049,1,162.99,86.22,162.99,162.99,76.77
ITM-000009748,ORD-00007064,PRD-00051,1,52.99,21.94,52.99,52.99,31.05
ITM-000009749,ORD-00007065,PRD-00080,1,87.99,32.75,87.99,87.99,55.24
ITM-000009750,ORD-00007066,PRD-00008,1,325.99,186.16,325.99,325.99,139.83
ITM-000009751,ORD-00007067,PRD-00039,1,40.99,18.26,40.99,40.99,22.73
ITM-000009752,ORD-00007067,PRD-00091,1,42.99,22.68,42.99,42.99,20.31
ITM-000009753,ORD-00007068,PRD-00099,1,50.99,27.57,50.99,50.99,23.42
ITM-000009754,ORD-00007069,PRD-00093,1,227.99,111.71,227.99,227.99,116.28
ITM-000009755,ORD-00007070,PRD-00032,2,42.49,17.54,84.98,84.98,49.9
ITM-000009756,ORD-00007071,PRD-00085,1,105.99,56.37,105.99,105.99,49.62
ITM-000009757,ORD-00007071,PRD-00065,1,24.99,5.84,24.99,24.99,19.15
ITM-000009758,ORD-00007072,PRD-00039,1,40.99,18.26,40.99,40.99,22.73
ITM-000009759,ORD-00007073,PRD-00048,1,33.49,15.83,33.49,33.49,17.66
ITM-000009760,ORD-00007074,PRD-00054,1,137.99,68.35,137.99,137.99,69.64
ITM-000009761,ORD-00007075,PRD-00050,1,173.99,93.04,173.99,173.99,80.95
ITM-000009762,ORD-00007076,PRD-00081,1,77.99,39.19,77.99,77.99,38.8
ITM-000009763,ORD-00007076,PRD-00041,1,180.99,84.81,180.99,180.99,96.18
ITM-000009764,ORD-00007077,PRD-00004,1,294.49,168.07,294.49,294.49,126.42
ITM-000009765,ORD-00007078,PRD-00025,1,55.99,23.35,55.99,55.99,32.64
ITM-000009766,ORD-00007079,PRD-00093,1,227.99,111.71,227.99,227.99,116.28
ITM-000009767,ORD-00007080,PRD-00050,1,173.99,93.04,173.99,173.99,80.95
ITM-000009768,ORD-00007081,PRD-00097,1,167.49,87.54,167.49,167.49,79.95
ITM-000009769,ORD-00007081,PRD-00016,1,129.99,78.72,129.99,129.99,51.27
ITM-000009770,ORD-00007082,PRD-00015,1,205.99,123.35,205.99,205.99,82.64
ITM-000009771,ORD-00007082,PRD-00035,1,100.99,39.04,100.99,100.99,61.95
ITM-000009772,ORD-00007082,PRD-00057,1,146.49,75.56,146.49,146.49,70.93
ITM-000009773,ORD-00007083,PRD-00092,2,214.99,101.72,429.98,429.98,226.54
ITM-000009774,ORD-00007084,PRD-00062,1,68.49,27.5,68.49,68.49,40.99
ITM-000009775,ORD-00007084,PRD-00039,1,40.99,18.26,40.99,40.99,22.73
ITM-000009776,ORD-00007085,PRD-00080,1,87.99,32.75,87.99,87.99,55.24
ITM-000009777,ORD-00007086,PRD-00006,1,391.99,223.93,391.99,391.99,168.06
ITM-000009778,ORD-00007087,PRD-00060,1,176.49,84.75,176.49,176.49,91.74
ITM-000009779,ORD-00007088,PRD-00074,1,16.99,6.2,16.99,16.99,10.79
ITM-000009780,ORD-00007088,PRD-00001,1,320.99,176.63,320.99,320.99,144.36
ITM-000009781,ORD-00007088,PRD-00089,2,31.99,18.14,63.98,63.98,27.7
ITM-000009782,ORD-00007089,PRD-00005,1,82.99,47.75,82.99,82.99,35.24
ITM-000009783,ORD-00007090,PRD-00011,3,179.99,102.31,539.97,539.97,233.04
ITM-000009784,ORD-00007091,PRD-00070,1,64.99,25.31,64.99,64.99,39.68
ITM-000009785,ORD-00007092,PRD-00071,1,86.99,31.3,86.99,86.99,55.69
ITM-000009786,ORD-00007093,PRD-00100,1,143.99,66.17,143.99,143.99,77.82
ITM-000009787,ORD-00007094,PRD-00028,1,107.49,45.05,107.49,107.49,62.44
ITM-000009788,ORD-00007095,PRD-00095,1,204.99,100.6,204.99,204.99,104.39
ITM-000009789,ORD-00007096,PRD-00092,1,214.99,101.72,214.99,214.99,113.27
ITM-000009790,ORD-00007097,PRD-00002,1,203.99,113.88,203.99,203.99,90.11
ITM-000009791,ORD-00007098,PRD-00064,1,24.99,6.91,24.99,24.99,18.08
ITM-000009792,ORD-00007099,PRD-00018,1,72.99,37.97,72.99,72.99,35.02
ITM-000009793,ORD-00007100,PRD-00091,1,42.99,22.68,42.99,42.99,20.31
ITM-000009794,ORD-00007101,PRD-00030,1,67.99,29.21,67.99,67.99,38.78
ITM-000009795,ORD-00007102,PRD-00075,1,56.99,20.25,56.99,56.99,36.74
ITM-000009796,ORD-00007103,PRD-00060,1,176.49,84.75,176.49,176.49,91.74
ITM-000009797,ORD-00007104,PRD-00096,2,199.99,116.57,399.98,399.98,166.84
ITM-000009798,ORD-00007105,PRD-00046,1,113.49,52.53,113.49,113.49,60.96
ITM-000009799,ORD-00007105,PRD-00030,1,67.99,29.21,67.99,67.99,38.78
ITM-000009800,ORD-00007106,PRD-00081,1,77.99,39.19,77.99,77.99,38.8
ITM-000009801,ORD-00007107,PRD-00004,2,294.49,168.07,588.98,588.98,252.84
ITM-000009802,ORD-00007107,PRD-00033,1,27.99,11.51,27.99,27.99,16.48
ITM-000009803,ORD-00007107,PRD-00089,1,31.99,18.14,31.99,31.99,13.85
ITM-000009804,ORD-00007108,PRD-00047,1,100.99,42.27,100.99,100.99,58.72
ITM-000009805,ORD-00007109,PRD-00083,1,115.99,58.28,115.99,115.99,57.71
ITM-000009806,ORD-00007110,PRD-00033,1,27.99,11.51,27.99,27.99,16.48
ITM-000009807,ORD-00007111,PRD-00049,1,162.99,86.22,162.99,162.99,76.77
ITM-000009808,ORD-00007112,PRD-00069,3,51.99,14.6,155.97,155.97,112.17
ITM-000009809,ORD-00007113,PRD-00074,1,16.99,6.2,16.99,16.99,10.79
ITM-000009810,ORD-00007113,PRD-00005,1,82.99,47.75,82.99,82.99,35.24
ITM-000009811,ORD-00007114,PRD-00078,1,25.99,9.37,25.99,25.99,16.62
ITM-000009812,ORD-00007114,PRD-00098,1,199.49,113.09,199.49,199.49,86.4
ITM-000009813,ORD-00007115,PRD-00095,1,204.99,100.6,204.99,204.99,104.39
ITM-000009814,ORD-00007116,PRD-00030,1,67.99,29.21,67.99,67.99,38.78
ITM-000009815,ORD-00007117,PRD-00050,1,173.99,93.04,173.99,173.99,80.95
ITM-000009816,ORD-00007117,PRD-00074,2,16.99,6.2,33.98,33.98,21.58
ITM-000009817,ORD-00007118,PRD-00001,3,320.99,176.63,962.97,962.97,433.08
ITM-000009818,ORD-00007119,PRD-00066,1,84.99,33.73,84.99,84.99,51.26
ITM-000009819,ORD-00007120,PRD-00054,1,137.99,68.35,137.99,137.99,69.64
ITM-000009820,ORD-00007121,PRD-00028,1,107.49,45.05,107.49,107.49,62.44
ITM-000009821,ORD-00007121,PRD-00048,2,33.49,15.83,66.98,66.98,35.32
ITM-000009822,ORD-00007122,PRD-00041,1,180.99,84.81,180.99,180.99,96.18
ITM-000009823,ORD-00007123,PRD-00065,1,24.99,5.84,24.99,24.99,19.15
ITM-000009824,ORD-00007124,PRD-00016,1,129.99,78.72,129.99,129.99,51.27
ITM-000009825,ORD-00007124,PRD-00043,1,105.99,49.95,105.99,105.99,56.04
ITM-000009826,ORD-00007125,PRD-00003,1,350.49,212.61,350.49,350.49,137.88
ITM-000009827,ORD-00007125,PRD-00092,1,214.99,101.72,214.99,214.99,113.27
ITM-000009828,ORD-00007126,PRD-00023,1,31.99,14.2,31.99,31.99,17.79
ITM-000009829,ORD-00007127,PRD-00085,1,105.99,56.37,105.99,105.99,49.62
ITM-000009830,ORD-00007127,PRD-00040,1,98.99,45.24,98.99,98.99,53.75
ITM-000009831,ORD-00007127,PRD-00091,1,42.99,22.68,42.99,42.99,20.31
ITM-000009832,ORD-00007128,PRD-00091,1,42.99,22.68,42.99,42.99,20.31
ITM-000009833,ORD-00007129,PRD-00005,1,82.99,47.75,82.99,82.99,35.24
ITM-000009834,ORD-00007130,PRD-00044,2,72.99,36.23,145.98,145.98,73.52
ITM-000009835,ORD-00007131,PRD-00020,1,271.99,147.22,271.99,271.99,124.77
ITM-000009836,ORD-00007132,PRD-00098,1,199.49,113.09,199.49,199.49,86.4
ITM-000009837,ORD-00007132,PRD-00079,1,46.49,15.84,46.49,46.49,30.65
ITM-000009838,ORD-00007132,PRD-00052,1,118.49,48.71,118.49,118.49,69.78
ITM-000009839,ORD-00007133,PRD-00054,2,137.99,68.35,275.98,275.98,139.28
ITM-000009840,ORD-00007134,PRD-00021,1,114.99,46.3,114.99,114.99,68.69
ITM-000009841,ORD-00007135,PRD-00009,1,94.99,52.51,94.99,94.99,42.48
ITM-000009842,ORD-00007135,PRD-00014,1,337.99,200.36,337.99,337.99,137.63
ITM-000009843,ORD-00007135,PRD-00030,1,67.99,29.21,67.99,67.99,38.78
ITM-000009844,ORD-00007136,PRD-00042,1,121.99,52.18,121.99,121.99,69.81
ITM-000009845,ORD-00007137,PRD-00065,1,24.99,5.84,24.99,24.99,19.15
ITM-000009846,ORD-00007138,PRD-00008,1,325.99,186.16,325.99,325.99,139.83
ITM-000009847,ORD-00007139,PRD-00074,2,16.99,6.2,33.98,33.98,21.58
ITM-000009848,ORD-00007140,PRD-00057,3,146.49,75.56,439.47,439.47,212.79
ITM-000009849,ORD-00007140,PRD-00084,1,31.99,15.58,31.99,31.99,16.41
ITM-000009850,ORD-00007141,PRD-00055,1,74.99,31.61,74.99,74.99,43.38
ITM-000009851,ORD-00007142,PRD-00035,2,100.99,39.04,201.98,201.98,123.9
ITM-000009852,ORD-00007143,PRD-00063,1,70.49,27.76,70.49,70.49,42.73
ITM-000009853,ORD-00007144,PRD-00056,1,135.49,71.03,135.49,135.49,64.46
ITM-000009854,ORD-00007145,PRD-00011,1,179.99,102.31,179.99,179.99,77.68
ITM-000009855,ORD-00007145,PRD-00034,1,34.99,12.79,34.99,34.99,22.2
ITM-000009856,ORD-00007145,PRD-00071,1,86.99,31.3,86.99,86.99,55.69
ITM-000009857,ORD-00007146,PRD-00004,1,294.49,168.07,294.49,294.49,126.42
ITM-000009858,ORD-00007147,PRD-00003,1,350.49,212.61,350.49,350.49,137.88
ITM-000009859,ORD-00007148,PRD-00065,1,24.99,5.84,24.99,24.99,19.15
ITM-000009860,ORD-00007148,PRD-00071,1,86.99,31.3,86.99,86.99,55.69
ITM-000009861,ORD-00007149,PRD-00048,1,33.49,15.83,33.49,33.49,17.66
ITM-000009862,ORD-00007149,PRD-00044,1,72.99,36.23,72.99,72.99,36.76
ITM-000009863,ORD-00007150,PRD-00028,1,107.49,45.05,107.49,107.49,62.44
ITM-000009864,ORD-00007151,PRD-00012,1,374.49,207.75,374.49,374.49,166.74
ITM-000009865,ORD-00007152,PRD-00070,1,64.99,25.31,64.99,64.99,39.68
ITM-000009866,ORD-00007153,PRD-00037,2,41.99,15.18,83.98,83.98,53.62
ITM-000009867,ORD-00007153,PRD-00044,1,72.99,36.23,72.99,72.99,36.76
ITM-000009868,ORD-00007153,PRD-00045,1,83.49,36.38,83.49,83.49,47.11
ITM-000009869,ORD-00007154,PRD-00089,1,31.99,18.14,31.99,31.99,13.85
ITM-000009870,ORD-00007155,PRD-00010,1,207.99,120.07,207.99,207.99,87.92
ITM-000009871,ORD-00007156,PRD-00022,1,49.99,20.52,49.99,49.99,29.47
ITM-000009872,ORD-00007156,PRD-00051,1,52.99,21.94,52.99,52.99,31.05
ITM-000009873,ORD-00007157,PRD-00011,2,179.99,102.31,359.98,359.98,155.36
ITM-000009874,ORD-00007158,PRD-00063,1,70.49,27.76,70.49,70.49,42.73
ITM-000009875,ORD-00007159,PRD-00011,1,179.99,102.31,179.99,179.99,77.68
ITM-000009876,ORD-00007160,PRD-00006,1,391.99,223.93,391.99,391.99,168.06
ITM-000009877,ORD-00007161,PRD-00001,1,320.99,176.63,320.99,320.99,144.36
ITM-000009878,ORD-00007161,PRD-00077,1,22.99,8.27,22.99,22.99,14.72
ITM-000009879,ORD-00007162,PRD-00039,1,40.99,18.26,40.99,40.99,22.73
ITM-000009880,ORD-00007163,PRD-00001,1,320.99,176.63,320.99,320.99,144.36
ITM-000009881,ORD-00007164,PRD-00069,1,51.99,14.6,51.99,51.99,37.39
ITM-000009882,ORD-00007165,PRD-00036,1,73.99,30.02,73.99,73.99,43.97
ITM-000009883,ORD-00007166,PRD-00073,1,84.49,28.1,84.49,84.49,56.39
ITM-000009884,ORD-00007167,PRD-00021,1,114.99,46.3,114.99,114.99,68.69
ITM-000009885,ORD-00007168,PRD-00061,1,75.99,20.12,75.99,75.99,55.87
ITM-000009886,ORD-00007168,PRD-00024,1,54.99,26.28,54.99,54.99,28.71
ITM-000009887,ORD-00007169,PRD-00071,1,86.99,31.3,86.99,86.99,55.69
ITM-000009888,ORD-00007170,PRD-00052,1,118.49,48.71,118.49,118.49,69.78
ITM-000009889,ORD-00007171,PRD-00042,1,121.99,52.18,121.99,121.99,69.81
ITM-000009890,ORD-00007171,PRD-00086,1,140.99,72.94,140.99,140.99,68.05
ITM-000009891,ORD-00007171,PRD-00093,1,227.99,111.71,227.99,227.99,116.28
ITM-000009892,ORD-00007172,PRD-00026,1,94.99,41.91,94.99,94.99,53.08
ITM-000009893,ORD-00007173,PRD-00074,1,16.99,6.2,16.99,16.99,10.79
ITM-000009894,ORD-00007173,PRD-00062,1,68.49,27.5,68.49,68.49,40.99
ITM-000009895,ORD-00007173,PRD-00002,1,203.99,113.88,203.99,203.99,90.11
ITM-000009896,ORD-00007174,PRD-00012,1,374.49,207.75,374.49,374.49,166.74
ITM-000009897,ORD-00007174,PRD-00049,1,162.99,86.22,162.99,162.99,76.77
ITM-000009898,ORD-00007175,PRD-00044,1,72.99,36.23,72.99,72.99,36.76
ITM-000009899,ORD-00007176,PRD-00057,2,146.49,75.56,292.98,292.98,141.86
ITM-000009900,ORD-00007176,PRD-00089,1,31.99,18.14,31.99,31.99,13.85
ITM-000009901,ORD-00007177,PRD-00005,1,82.99,47.75,82.99,82.99,35.24
ITM-000009902,ORD-00007178,PRD-00043,1,105.99,49.95,105.99,105.99,56.04
ITM-000009903,ORD-00007179,PRD-00049,1,162.99,86.22,162.99,162.99,76.77
ITM-000009904,ORD-00007179,PRD-00051,1,52.99,21.94,52.99,52.99,31.05
ITM-000009905,ORD-00007180,PRD-00034,1,34.99,12.79,34.99,34.99,22.2
ITM-000009906,ORD-00007180,PRD-00004,1,294.49,168.07,294.49,294.49,126.42
ITM-000009907,ORD-00007181,PRD-00048,1,33.49,15.83,33.49,33.49,17.66
ITM-000009908,ORD-00007182,PRD-00096,1,199.99,116.57,199.99,199.99,83.42
ITM-000009909,ORD-00007183,PRD-00072,1,36.99,11.8,36.99,36.99,25.19
ITM-000009910,ORD-00007184,PRD-00081,1,77.99,39.19,77.99,77.99,38.8
ITM-000009911,ORD-00007185,PRD-00038,1,77.49,36.23,77.49,77.49,41.26
ITM-000009912,ORD-00007186,PRD-00084,1,31.99,15.58,31.99,31.99,16.41
ITM-000009913,ORD-00007186,PRD-00048,1,33.49,15.83,33.49,33.49,17.66
ITM-000009914,ORD-00007187,PRD-00056,1,135.49,71.03,135.49,135.49,64.46
ITM-000009915,ORD-00007187,PRD-00029,1,94.49,33.63,94.49,94.49,60.86
ITM-000009916,ORD-00007188,PRD-00096,2,199.99,116.57,399.98,399.98,166.84
ITM-000009917,ORD-00007189,PRD-00072,1,36.99,11.8,36.99,36.99,25.19
ITM-000009918,ORD-00007190,PRD-00037,1,41.99,15.18,41.99,41.99,26.81
ITM-000009919,ORD-00007191,PRD-00056,1,135.49,71.03,135.49,135.49,64.46
ITM-000009920,ORD-00007192,PRD-00050,1,173.99,93.04,173.99,173.99,80.95
ITM-000009921,ORD-00007193,PRD-00084,1,31.99,15.58,31.99,31.99,16.41
ITM-000009922,ORD-00007193,PRD-00043,1,105.99,49.95,105.99,105.99,56.04
ITM-000009923,ORD-00007194,PRD-00006,1,391.99,223.93,391.99,391.99,168.06
ITM-000009924,ORD-00007195,PRD-00083,1,115.99,58.28,115.99,115.99,57.71
ITM-000009925,ORD-00007196,PRD-00042,1,121.99,52.18,121.99,121.99,69.81
ITM-000009926,ORD-00007197,PRD-00035,1,100.99,39.04,100.99,100.99,61.95
ITM-000009927,ORD-00007197,PRD-00011,1,179.99,102.31,179.99,179.99,77.68
ITM-000009928,ORD-00007198,PRD-00059,1,47.49,23.54,47.49,47.49,23.95
ITM-000009929,ORD-00007199,PRD-00038,1,77.49,36.23,77.49,77.49,41.26
ITM-000009930,ORD-00007199,PRD-00046,1,113.49,52.53,113.49,113.49,60.96
ITM-000009931,ORD-00007199,PRD-00004,1,294.49,168.07,294.49,294.49,126.42
ITM-000009932,ORD-00007200,PRD-00051,1,52.99,21.94,52.99,52.99,31.05
ITM-000009933,ORD-00007200,PRD-00045,1,83.49,36.38,83.49,83.49,47.11
ITM-000009934,ORD-00007201,PRD-00041,1,180.99,84.81,180.99,180.99,96.18
ITM-000009935,ORD-00007202,PRD-00013,1,275.99,176.16,275.99,275.99,99.83
ITM-000009936,ORD-00007203,PRD-00008,1,325.99,186.16,325.99,325.99,139.83
ITM-000009937,ORD-00007204,PRD-00006,1,391.99,223.93,391.99,391.99,168.06
ITM-000009938,ORD-00007205,PRD-00054,2,137.99,68.35,275.98,275.98,139.28
ITM-000009939,ORD-00007205,PRD-00061,1,75.99,20.12,75.99,75.99,55.87
ITM-000009940,ORD-00007206,PRD-00077,1,22.99,8.27,22.99,22.99,14.72
ITM-000009941,ORD-00007207,PRD-00051,1,52.99,21.94,52.99,52.99,31.05
ITM-000009942,ORD-00007207,PRD-00038,1,77.49,36.23,77.49,77.49,41.26
ITM-000009943,ORD-00007208,PRD-00070,1,64.99,25.31,64.99,64.99,39.68
ITM-000009944,ORD-00007208,PRD-00009,1,94.99,52.51,94.99,94.99,42.48
ITM-000009945,ORD-00007209,PRD-00025,1,55.99,23.35,55.99,55.99,32.64
ITM-000009946,ORD-00007209,PRD-00034,1,34.99,12.79,34.99,34.99,22.2
ITM-000009947,ORD-00007210,PRD-00074,1,16.99,6.2,16.99,16.99,10.79
ITM-000009948,ORD-00007210,PRD-00033,1,27.99,11.51,27.99,27.99,16.48
ITM-000009949,ORD-00007211,PRD-00052,1,118.49,48.71,118.49,118.49,69.78
ITM-000009950,ORD-00007212,PRD-00096,1,199.99,116.57,199.99,199.99,83.42
ITM-000009951,ORD-00007212,PRD-00062,1,68.49,27.5,68.49,68.49,40.99
ITM-000009952,ORD-00007212,PRD-00046,1,113.49,52.53,113.49,113.49,60.96
ITM-000009953,ORD-00007213,PRD-00099,1,50.99,27.57,50.99,50.99,23.42
ITM-000009954,ORD-00007214,PRD-00074,1,16.99,6.2,16.99,16.99,10.79
ITM-000009955,ORD-00007214,PRD-00084,1,31.99,15.58,31.99,31.99,16.41
ITM-000009956,ORD-00007214,PRD-00099,1,50.99,27.57,50.99,50.99,23.42
ITM-000009957,ORD-00007215,PRD-00085,2,105.99,56.37,211.98,211.98,99.24
ITM-000009958,ORD-00007216,PRD-00094,2,245.99,110.0,491.98,491.98,271.98
ITM-000009959,ORD-00007217,PRD-00033,1,27.99,11.51,27.99,27.99,16.48
ITM-000009960,ORD-00007217,PRD-00006,2,391.99,223.93,783.98,783.98,336.12
ITM-000009961,ORD-00007218,PRD-00045,1,83.49,36.38,83.49,83.49,47.11
ITM-000009962,ORD-00007219,PRD-00060,1,176.49,84.75,176.49,176.49,91.74
ITM-000009963,ORD-00007220,PRD-00016,1,129.99,78.72,129.99,129.99,51.27
ITM-000009964,ORD-00007220,PRD-00083,1,115.99,58.28,115.99,115.99,57.71
ITM-000009965,ORD-00007220,PRD-00049,2,162.99,86.22,325.98,325.98,153.54
ITM-000009966,ORD-00007221,PRD-00076,1,62.99,25.51,62.99,62.99,37.48
ITM-000009967,ORD-00007222,PRD-00081,1,77.99,39.19,77.99,77.99,38.8
ITM-000009968,ORD-00007223,PRD-00076,1,62.99,25.51,62.99,62.99,37.48
ITM-000009969,ORD-00007224,PRD-00039,1,40.99,18.26,40.99,40.99,22.73
ITM-000009970,ORD-00007225,PRD-00026,2,94.99,41.91,189.98,189.98,106.16
ITM-000009971,ORD-00007226,PRD-00028,1,107.49,45.05,107.49,107.49,62.44
ITM-000009972,ORD-00007227,PRD-00072,1,36.99,11.8,36.99,36.99,25.19
ITM-000009973,ORD-00007228,PRD-00001,1,320.99,176.63,320.99,320.99,144.36
ITM-000009974,ORD-00007229,PRD-00098,1,199.49,113.09,199.49,199.49,86.4
ITM-000009975,ORD-00007229,PRD-00055,1,74.99,31.61,74.99,74.99,43.38
ITM-000009976,ORD-00007230,PRD-00068,1,37.49,12.61,37.49,37.49,24.88
ITM-000009977,ORD-00007230,PRD-00021,1,114.99,46.3,114.99,114.99,68.69
ITM-000009978,ORD-00007230,PRD-00048,1,33.49,15.83,33.49,33.49,17.66
ITM-000009979,ORD-00007231,PRD-00050,1,173.99,93.04,173.99,173.99,80.95
ITM-000009980,ORD-00007232,PRD-00050,3,173.99,93.04,521.97,521.97,242.85
ITM-000009981,ORD-00007232,PRD-00062,1,68.49,27.5,68.49,68.49,40.99
ITM-000009982,ORD-00007233,PRD-00064,1,24.99,6.91,24.99,24.99,18.08
ITM-000009983,ORD-00007233,PRD-00074,2,16.99,6.2,33.98,33.98,21.58
ITM-000009984,ORD-00007233,PRD-00017,1,244.99,144.79,244.99,244.99,100.2
ITM-000009985,ORD-00007234,PRD-00078,1,25.99,9.37,25.99,25.99,16.62
ITM-000009986,ORD-00007235,PRD-00081,1,77.99,39.19,77.99,77.99,38.8
ITM-000009987,ORD-00007235,PRD-00025,1,55.99,23.35,55.99,55.99,32.64
ITM-000009988,ORD-00007236,PRD-00020,1,271.99,147.22,271.99,271.99,124.77
ITM-000009989,ORD-00007237,PRD-00078,1,25.99,9.37,25.99,25.99,16.62
ITM-000009990,ORD-00007238,PRD-00091,1,42.99,22.68,42.99,42.99,20.31
ITM-000009991,ORD-00007239,PRD-00038,1,77.49,36.23,77.49,77.49,41.26
ITM-000009992,ORD-00007240,PRD-00041,1,180.99,84.81,180.99,180.99,96.18
ITM-000009993,ORD-00007241,PRD-00016,1,129.99,78.72,129.99,129.99,51.27
ITM-000009994,ORD-00007242,PRD-00036,1,73.99,30.02,73.99,73.99,43.97
ITM-000009995,ORD-00007243,PRD-00047,1,100.99,42.27,100.99,100.99,58.72
ITM-000009996,ORD-00007244,PRD-00070,1,64.99,25.31,64.99,64.99,39.68
ITM-000009997,ORD-00007245,PRD-00090,1,232.99,113.86,232.99,232.99,119.13
ITM-000009998,ORD-00007246,PRD-00052,1,118.49,48.71,118.49,118.49,69.78
ITM-000009999,ORD-00007247,PRD-00010,1,207.99,120.07,207.99,207.99,87.92
ITM-000010000,ORD-00007248,PRD-00020,1,271.99,147.22,271.99,271.99,124.77
ITM-000010001,ORD-00007249,PRD-00051,1,52.99,21.94,52.99,52.99,31.05
ITM-000010002,ORD-00007250,PRD-00018,1,72.99,37.97,72.99,72.99,35.02
ITM-000010003,ORD-00007251,PRD-00093,1,227.99,111.71,227.99,227.99,116.28
ITM-000010004,ORD-00007252,PRD-00031,1,110.99,51.16,110.99,110.99,59.83
ITM-000010005,ORD-00007253,PRD-00025,1,55.99,23.35,55.99,55.99,32.64
ITM-000010006,ORD-00007254,PRD-00044,1,72.99,36.23,72.99,72.99,36.76
ITM-000010007,ORD-00007255,PRD-00003,1,350.49,212.61,350.49,350.49,137.88
ITM-000010008,ORD-00007255,PRD-00046,1,113.49,52.53,113.49,113.49,60.96
ITM-000010009,ORD-00007256,PRD-00052,1,118.49,48.71,118.49,118.49,69.78
ITM-000010010,ORD-00007256,PRD-00036,1,73.99,30.02,73.99,73.99,43.97
ITM-000010011,ORD-00007257,PRD-00010,1,207.99,120.07,207.99,207.99,87.92
ITM-000010012,ORD-00007258,PRD-00007,2,316.99,172.8,633.98,633.98,288.38
ITM-000010013,ORD-00007258,PRD-00030,1,67.99,29.21,67.99,67.99,38.78
ITM-000010014,ORD-00007259,PRD-00022,1,49.99,20.52,49.99,49.99,29.47
ITM-000010015,ORD-00007260,PRD-00013,1,275.99,176.16,275.99,275.99,99.83
ITM-000010016,ORD-00007260,PRD-00042,1,121.99,52.18,121.99,121.99,69.81
ITM-000010017,ORD-00007261,PRD-00092,1,214.99,101.72,214.99,214.99,113.27
ITM-000010018,ORD-00007261,PRD-00020,1,271.99,147.22,271.99,271.99,124.77
ITM-000010019,ORD-00007262,PRD-00072,1,36.99,11.8,36.99,36.99,25.19
ITM-000010020,ORD-00007262,PRD-00081,1,77.99,39.19,77.99,77.99,38.8
ITM-000010021,ORD-00007263,PRD-00029,1,94.49,33.63,94.49,94.49,60.86
ITM-000010022,ORD-00007264,PRD-00074,1,16.99,6.2,16.99,16.99,10.79
ITM-000010023,ORD-00007264,PRD-00029,2,94.49,33.63,188.98,188.98,121.72
ITM-000010024,ORD-00007264,PRD-00064,1,24.99,6.91,24.99,24.99,18.08
ITM-000010025,ORD-00007265,PRD-00033,1,27.99,11.51,27.99,27.99,16.48
ITM-000010026,ORD-00007266,PRD-00061,1,75.99,20.12,75.99,75.99,55.87
ITM-000010027,ORD-00007266,PRD-00072,1,36.99,11.8,36.99,36.99,25.19
ITM-000010028,ORD-00007266,PRD-00014,2,337.99,200.36,675.98,675.98,275.26
ITM-000010029,ORD-00007267,PRD-00039,1,40.99,18.26,40.99,40.99,22.73
ITM-000010030,ORD-00007268,PRD-00087,1,43.99,24.1,43.99,43.99,19.89
ITM-000010031,ORD-00007269,PRD-00081,1,77.99,39.19,77.99,77.99,38.8
ITM-000010032,ORD-00007270,PRD-00049,1,162.99,86.22,162.99,162.99,76.77
ITM-000010033,ORD-00007271,PRD-00046,1,113.49,52.53,113.49,113.49,60.96
ITM-000010034,ORD-00007272,PRD-00100,1,143.99,66.17,143.99,143.99,77.82
ITM-000010035,ORD-00007272,PRD-00001,1,320.99,176.63,320.99,320.99,144.36
ITM-000010036,ORD-00007273,PRD-00034,1,34.99,12.79,34.99,34.99,22.2
ITM-000010037,ORD-00007273,PRD-00063,1,70.49,27.76,70.49,70.49,42.73
ITM-000010038,ORD-00007273,PRD-00054,1,137.99,68.35,137.99,137.99,69.64
ITM-000010039,ORD-00007274,PRD-00032,1,42.49,17.54,42.49,42.49,24.95
ITM-000010040,ORD-00007275,PRD-00025,1,55.99,23.35,55.99,55.99,32.64
ITM-000010041,ORD-00007276,PRD-00052,1,118.49,48.71,118.49,118.49,69.78
ITM-000010042,ORD-00007276,PRD-00057,1,146.49,75.56,146.49,146.49,70.93
ITM-000010043,ORD-00007277,PRD-00021,2,114.99,46.3,229.98,229.98,137.38
ITM-000010044,ORD-00007278,PRD-00019,1,339.99,208.97,339.99,339.99,131.02
ITM-000010045,ORD-00007278,PRD-00004,1,294.49,168.07,294.49,294.49,126.42
ITM-000010046,ORD-00007278,PRD-00010,1,207.99,120.07,207.99,207.99,87.92
ITM-000010047,ORD-00007279,PRD-00099,1,50.99,27.57,50.99,50.99,23.42
ITM-000010048,ORD-00007280,PRD-00001,1,320.99,176.63,320.99,320.99,144.36
ITM-000010049,ORD-00007280,PRD-00009,1,94.99,52.51,94.99,94.99,42.48
ITM-000010050,ORD-00007281,PRD-00094,1,245.99,110.0,245.99,245.99,135.99
ITM-000010051,ORD-00007282,PRD-00047,1,100.99,42.27,100.99,100.99,58.72
ITM-000010052,ORD-00007282,PRD-00072,1,36.99,11.8,36.99,36.99,25.19
ITM-000010053,ORD-00007283,PRD-00096,2,199.99,116.57,399.98,399.98,166.84
ITM-000010054,ORD-00007284,PRD-00063,1,70.49,27.76,70.49,70.49,42.73
ITM-000010055,ORD-00007285,PRD-00076,1,62.99,25.51,62.99,62.99,37.48
ITM-000010056,ORD-00007286,PRD-00069,2,51.99,14.6,103.98,103.98,74.78
ITM-000010057,ORD-00007287,PRD-00050,1,173.99,93.04,173.99,173.99,80.95
ITM-000010058,ORD-00007287,PRD-00078,1,25.99,9.37,25.99,25.99,16.62
ITM-000010059,ORD-00007287,PRD-00081,1,77.99,39.19,77.99,77.99,38.8
ITM-000010060,ORD-00007288,PRD-00082,1,151.49,68.21,151.49,151.49,83.28
ITM-000010061,ORD-00007289,PRD-00001,1,320.99,176.63,320.99,320.99,144.36
ITM-000010062,ORD-00007289,PRD-00014,1,337.99,200.36,337.99,337.99,137.63
ITM-000010063,ORD-00007290,PRD-00006,1,391.99,223.93,391.99,391.99,168.06
ITM-000010064,ORD-00007290,PRD-00029,1,94.49,33.63,94.49,94.49,60.86
ITM-000010065,ORD-00007291,PRD-00054,1,137.99,68.35,137.99,137.99,69.64
ITM-000010066,ORD-00007291,PRD-00069,1,51.99,14.6,51.99,51.99,37.39
ITM-000010067,ORD-00007292,PRD-00076,2,62.99,25.51,125.98,125.98,74.96
ITM-000010068,ORD-00007293,PRD-00055,1,74.99,31.61,74.99,74.99,43.38
ITM-000010069,ORD-00007294,PRD-00002,2,203.99,113.88,407.98,407.98,180.22
ITM-000010070,ORD-00007294,PRD-00031,1,110.99,51.16,110.99,110.99,59.83
ITM-000010071,ORD-00007295,PRD-00021,1,114.99,46.3,114.99,114.99,68.69
ITM-000010072,ORD-00007295,PRD-00045,1,83.49,36.38,83.49,83.49,47.11
ITM-000010073,ORD-00007296,PRD-00045,2,83.49,36.38,166.98,166.98,94.22
ITM-000010074,ORD-00007296,PRD-00067,3,44.99,16.41,134.97,134.97,85.74
ITM-000010075,ORD-00007297,PRD-00045,1,83.49,36.38,83.49,83.49,47.11
ITM-000010076,ORD-00007298,PRD-00055,1,74.99,31.61,74.99,74.99,43.38
ITM-000010077,ORD-00007299,PRD-00017,1,244.99,144.79,244.99,244.99,100.2
ITM-000010078,ORD-00007299,PRD-00051,1,52.99,21.94,52.99,52.99,31.05
ITM-000010079,ORD-00007300,PRD-00023,1,31.99,14.2,31.99,31.99,17.79
ITM-000010080,ORD-00007300,PRD-00009,1,94.99,52.51,94.99,94.99,42.48
ITM-000010081,ORD-00007301,PRD-00003,2,350.49,212.61,700.98,700.98,275.76
ITM-000010082,ORD-00007302,PRD-00040,1,98.99,45.24,98.99,98.99,53.75
ITM-000010083,ORD-00007302,PRD-00031,1,110.99,51.16,110.99,110.99,59.83
ITM-000010084,ORD-00007302,PRD-00053,1,47.99,23.38,47.99,47.99,24.61
ITM-000010085,ORD-00007303,PRD-00024,1,54.99,26.28,54.99,54.99,28.71
ITM-000010086,ORD-00007304,PRD-00062,1,68.49,27.5,68.49,68.49,40.99
ITM-000010087,ORD-00007304,PRD-00088,1,211.99,101.84,211.99,211.99,110.15
ITM-000010088,ORD-00007305,PRD-00005,1,82.99,47.75,82.99,82.99,35.24
ITM-000010089,ORD-00007305,PRD-00079,1,46.49,15.84,46.49,46.49,30.65
ITM-000010090,ORD-00007306,PRD-00079,1,46.49,15.84,46.49,46.49,30.65
ITM-000010091,ORD-00007307,PRD-00038,1,77.49,36.23,77.49,77.49,41.26
ITM-000010092,ORD-00007307,PRD-00079,1,46.49,15.84,46.49,46.49,30.65
ITM-000010093,ORD-00007308,PRD-00019,1,339.99,208.97,339.99,339.99,131.02
ITM-000010094,ORD-00007308,PRD-00098,1,199.49,113.09,199.49,199.49,86.4
ITM-000010095,ORD-00007308,PRD-00054,1,137.99,68.35,137.99,137.99,69.64
ITM-000010096,ORD-00007309,PRD-00037,1,41.99,15.18,41.99,41.99,26.81
ITM-000010097,ORD-00007310,PRD-00045,1,83.49,36.38,83.49,83.49,47.11
ITM-000010098,ORD-00007310,PRD-00049,1,162.99,86.22,162.99,162.99,76.77
ITM-000010099,ORD-00007311,PRD-00058,1,152.99,69.5,152.99,152.99,83.49
ITM-000010100,ORD-00007312,PRD-00034,1,34.99,12.79,34.99,34.99,22.2
ITM-000010101,ORD-00007313,PRD-00046,1,113.49,52.53,113.49,113.49,60.96
ITM-000010102,ORD-00007313,PRD-00087,1,43.99,24.1,43.99,43.99,19.89
ITM-000010103,ORD-00007314,PRD-00099,1,50.99,27.57,50.99,50.99,23.42
ITM-000010104,ORD-00007315,PRD-00041,1,180.99,84.81,180.99,180.99,96.18
ITM-000010105,ORD-00007316,PRD-00056,1,135.49,71.03,135.49,135.49,64.46
ITM-000010106,ORD-00007317,PRD-00069,1,51.99,14.6,51.99,51.99,37.39
ITM-000010107,ORD-00007318,PRD-00062,1,68.49,27.5,68.49,68.49,40.99
ITM-000010108,ORD-00007318,PRD-00023,1,31.99,14.2,31.99,31.99,17.79
ITM-000010109,ORD-00007319,PRD-00039,1,40.99,18.26,40.99,40.99,22.73
ITM-000010110,ORD-00007320,PRD-00002,1,203.99,113.88,203.99,203.99,90.11
ITM-000010111,ORD-00007321,PRD-00038,3,77.49,36.23,232.47,232.47,123.78
ITM-000010112,ORD-00007321,PRD-00008,1,325.99,186.16,325.99,325.99,139.83
ITM-000010113,ORD-00007321,PRD-00057,1,146.49,75.56,146.49,146.49,70.93
ITM-000010114,ORD-00007322,PRD-00056,3,135.49,71.03,406.47,406.47,193.38
ITM-000010115,ORD-00007322,PRD-00036,1,73.99,30.02,73.99,73.99,43.97
ITM-000010116,ORD-00007323,PRD-00004,1,294.49,168.07,294.49,294.49,126.42
ITM-000010117,ORD-00007324,PRD-00067,1,44.99,16.41,44.99,44.99,28.58
ITM-000010118,ORD-00007325,PRD-00051,1,52.99,21.94,52.99,52.99,31.05
ITM-000010119,ORD-00007326,PRD-00071,2,86.99,31.3,173.98,173.98,111.38
ITM-000010120,ORD-00007327,PRD-00086,1,140.99,72.94,140.99,140.99,68.05
ITM-000010121,ORD-00007328,PRD-00035,1,100.99,39.04,100.99,100.99,61.95
ITM-000010122,ORD-00007329,PRD-00027,1,83.99,34.49,83.99,83.99,49.5
ITM-000010123,ORD-00007330,PRD-00026,2,94.99,41.91,189.98,189.98,106.16
ITM-000010124,ORD-00007331,PRD-00084,1,31.99,15.58,31.99,31.99,16.41
ITM-000010125,ORD-00007332,PRD-00027,1,83.99,34.49,83.99,83.99,49.5
ITM-000010126,ORD-00007333,PRD-00097,1,167.49,87.54,167.49,167.49,79.95
ITM-000010127,ORD-00007333,PRD-00059,2,47.49,23.54,94.98,94.98,47.9
ITM-000010128,ORD-00007334,PRD-00001,1,320.99,176.63,320.99,320.99,144.36
ITM-000010129,ORD-00007334,PRD-00046,2,113.49,52.53,226.98,226.98,121.92
ITM-000010130,ORD-00007335,PRD-00044,1,72.99,36.23,72.99,72.99,36.76
ITM-000010131,ORD-00007336,PRD-00085,1,105.99,56.37,105.99,105.99,49.62
ITM-000010132,ORD-00007337,PRD-00063,1,70.49,27.76,70.49,70.49,42.73
ITM-000010133,ORD-00007338,PRD-00071,1,86.99,31.3,86.99,86.99,55.69
ITM-000010134,ORD-00007339,PRD-00020,1,271.99,147.22,271.99,271.99,124.77
ITM-000010135,ORD-00007340,PRD-00080,1,87.99,32.75,87.99,87.99,55.24
ITM-000010136,ORD-00007340,PRD-00010,1,207.99,120.07,207.99,207.99,87.92
ITM-000010137,ORD-00007341,PRD-00014,1,337.99,200.36,337.99,337.99,137.63
ITM-000010138,ORD-00007341,PRD-00011,1,179.99,102.31,179.99,179.99,77.68
ITM-000010139,ORD-00007342,PRD-00090,1,232.99,113.86,232.99,232.99,119.13
ITM-000010140,ORD-00007343,PRD-00012,1,374.49,207.75,374.49,374.49,166.74
ITM-000010141,ORD-00007344,PRD-00011,1,179.99,102.31,179.99,179.99,77.68
ITM-000010142,ORD-00007345,PRD-00024,1,54.99,26.28,54.99,54.99,28.71
ITM-000010143,ORD-00007346,PRD-00088,1,211.99,101.84,211.99,211.99,110.15
ITM-000010144,ORD-00007347,PRD-00098,1,199.49,113.09,199.49,199.49,86.4
ITM-000010145,ORD-00007348,PRD-00100,1,143.99,66.17,143.99,143.99,77.82
ITM-000010146,ORD-00007348,PRD-00074,1,16.99,6.2,16.99,16.99,10.79
ITM-000010147,ORD-00007349,PRD-00034,1,34.99,12.79,34.99,34.99,22.2
ITM-000010148,ORD-00007349,PRD-00053,2,47.99,23.38,95.98,95.98,49.22
ITM-000010149,ORD-00007350,PRD-00016,1,129.99,78.72,129.99,129.99,51.27
ITM-000010150,ORD-00007351,PRD-00016,1,129.99,78.72,129.99,129.99,51.27
ITM-000010151,ORD-00007352,PRD-00023,2,31.99,14.2,63.98,63.98,35.58
ITM-000010152,ORD-00007352,PRD-00094,1,245.99,110.0,245.99,245.99,135.99
ITM-000010153,ORD-00007352,PRD-00067,1,44.99,16.41,44.99,44.99,28.58
ITM-000010154,ORD-00007353,PRD-00094,1,245.99,110.0,245.99,245.99,135.99
ITM-000010155,ORD-00007353,PRD-00035,3,100.99,39.04,302.97,302.97,185.85
ITM-000010156,ORD-00007354,PRD-00058,1,152.99,69.5,152.99,152.99,83.49
ITM-000010157,ORD-00007355,PRD-00098,1,199.49,113.09,199.49,199.49,86.4
ITM-000010158,ORD-00007356,PRD-00099,1,50.99,27.57,50.99,50.99,23.42
ITM-000010159,ORD-00007357,PRD-00008,1,325.99,186.16,325.99,325.99,139.83
ITM-000010160,ORD-00007358,PRD-00043,3,105.99,49.95,317.97,317.97,168.12
ITM-000010161,ORD-00007358,PRD-00082,1,151.49,68.21,151.49,151.49,83.28
ITM-000010162,ORD-00007359,PRD-00011,1,179.99,102.31,179.99,179.99,77.68
ITM-000010163,ORD-00007360,PRD-00083,1,115.99,58.28,115.99,115.99,57.71
ITM-000010164,ORD-00007361,PRD-00077,1,22.99,8.27,22.99,22.99,14.72
ITM-000010165,ORD-00007361,PRD-00052,1,118.49,48.71,118.49,118.49,69.78
ITM-000010166,ORD-00007362,PRD-00096,1,199.99,116.57,199.99,199.99,83.42
ITM-000010167,ORD-00007362,PRD-00007,2,316.99,172.8,633.98,633.98,288.38
ITM-000010168,ORD-00007362,PRD-00066,1,84.99,33.73,84.99,84.99,51.26
ITM-000010169,ORD-00007363,PRD-00056,1,135.49,71.03,135.49,135.49,64.46
ITM-000010170,ORD-00007364,PRD-00020,1,271.99,147.22,271.99,271.99,124.77
ITM-000010171,ORD-00007365,PRD-00011,1,179.99,102.31,179.99,179.99,77.68
ITM-000010172,ORD-00007366,PRD-00094,2,245.99,110.0,491.98,491.98,271.98
ITM-000010173,ORD-00007367,PRD-00037,1,41.99,15.18,41.99,41.99,26.81
ITM-000010174,ORD-00007368,PRD-00083,1,115.99,58.28,115.99,115.99,57.71
ITM-000010175,ORD-00007368,PRD-00088,1,211.99,101.84,211.99,211.99,110.15
ITM-000010176,ORD-00007369,PRD-00066,1,84.99,33.73,84.99,84.99,51.26
ITM-000010177,ORD-00007370,PRD-00039,3,40.99,18.26,122.97,122.97,68.19
ITM-000010178,ORD-00007370,PRD-00059,1,47.49,23.54,47.49,47.49,23.95
ITM-000010179,ORD-00007370,PRD-00070,1,64.99,25.31,64.99,64.99,39.68
ITM-000010180,ORD-00007371,PRD-00051,1,52.99,21.94,52.99,52.99,31.05
ITM-000010181,ORD-00007372,PRD-00042,1,121.99,52.18,121.99,121.99,69.81
ITM-000010182,ORD-00007373,PRD-00005,1,82.99,47.75,82.99,82.99,35.24
ITM-000010183,ORD-00007374,PRD-00029,2,94.49,33.63,188.98,188.98,121.72
ITM-000010184,ORD-00007375,PRD-00032,3,42.49,17.54,127.47,127.47,74.85
ITM-000010185,ORD-00007376,PRD-00070,2,64.99,25.31,129.98,129.98,79.36
ITM-000010186,ORD-00007376,PRD-00007,1,316.99,172.8,316.99,316.99,144.19
ITM-000010187,ORD-00007377,PRD-00070,1,64.99,25.31,64.99,64.99,39.68
ITM-000010188,ORD-00007378,PRD-00062,1,68.49,27.5,68.49,68.49,40.99
ITM-000010189,ORD-00007379,PRD-00082,1,151.49,68.21,151.49,151.49,83.28
ITM-000010190,ORD-00007380,PRD-00047,1,100.99,42.27,100.99,100.99,58.72
ITM-000010191,ORD-00007381,PRD-00086,1,140.99,72.94,140.99,140.99,68.05
ITM-000010192,ORD-00007382,PRD-00017,2,244.99,144.79,489.98,489.98,200.4
ITM-000010193,ORD-00007383,PRD-00081,1,77.99,39.19,77.99,77.99,38.8
ITM-000010194,ORD-00007384,PRD-00043,1,105.99,49.95,105.99,105.99,56.04
ITM-000010195,ORD-00007385,PRD-00078,2,25.99,9.37,51.98,51.98,33.24
ITM-000010196,ORD-00007385,PRD-00079,1,46.49,15.84,46.49,46.49,30.65
ITM-000010197,ORD-00007385,PRD-00013,1,275.99,176.16,275.99,275.99,99.83
ITM-000010198,ORD-00007386,PRD-00084,1,31.99,15.58,31.99,31.99,16.41
ITM-000010199,ORD-00007387,PRD-00017,1,244.99,144.79,244.99,244.99,100.2
ITM-000010200,ORD-00007388,PRD-00069,1,51.99,14.6,51.99,51.99,37.39
ITM-000010201,ORD-00007389,PRD-00005,1,82.99,47.75,82.99,82.99,35.24
ITM-000010202,ORD-00007390,PRD-00017,1,244.99,144.79,244.99,244.99,100.2
ITM-000010203,ORD-00007390,PRD-00040,2,98.99,45.24,197.98,197.98,107.5
ITM-000010204,ORD-00007391,PRD-00089,1,31.99,18.14,31.99,31.99,13.85
ITM-000010205,ORD-00007392,PRD-00052,3,118.49,48.71,355.47,355.47,209.34
ITM-000010206,ORD-00007392,PRD-00057,1,146.49,75.56,146.49,146.49,70.93
ITM-000010207,ORD-00007392,PRD-00099,1,50.99,27.57,50.99,50.99,23.42
ITM-000010208,ORD-00007393,PRD-00035,1,100.99,39.04,100.99,100.99,61.95
ITM-000010209,ORD-00007394,PRD-00028,1,107.49,45.05,107.49,107.49,62.44
ITM-000010210,ORD-00007394,PRD-00054,1,137.99,68.35,137.99,137.99,69.64
ITM-000010211,ORD-00007394,PRD-00062,1,68.49,27.5,68.49,68.49,40.99
ITM-000010212,ORD-00007395,PRD-00042,1,121.99,52.18,121.99,121.99,69.81
ITM-000010213,ORD-00007396,PRD-00049,1,162.99,86.22,162.99,162.99,76.77
ITM-000010214,ORD-00007397,PRD-00063,1,70.49,27.76,70.49,70.49,42.73
ITM-000010215,ORD-00007398,PRD-00038,1,77.49,36.23,77.49,77.49,41.26
ITM-000010216,ORD-00007399,PRD-00098,2,199.49,113.09,398.98,398.98,172.8
ITM-000010217,ORD-00007400,PRD-00081,1,77.99,39.19,77.99,77.99,38.8
ITM-000010218,ORD-00007400,PRD-00029,1,94.49,33.63,94.49,94.49,60.86
ITM-000010219,ORD-00007401,PRD-00013,1,275.99,176.16,275.99,275.99,99.83
ITM-000010220,ORD-00007402,PRD-00022,1,49.99,20.52,49.99,49.99,29.47
ITM-000010221,ORD-00007403,PRD-00065,1,24.99,5.84,24.99,24.99,19.15
ITM-000010222,ORD-00007404,PRD-00050,1,173.99,93.04,173.99,173.99,80.95
ITM-000010223,ORD-00007405,PRD-00084,1,31.99,15.58,31.99,31.99,16.41
ITM-000010224,ORD-00007405,PRD-00038,1,77.49,36.23,77.49,77.49,41.26
ITM-000010225,ORD-00007406,PRD-00031,1,110.99,51.16,110.99,110.99,59.83
ITM-000010226,ORD-00007406,PRD-00027,1,83.99,34.49,83.99,83.99,49.5
ITM-000010227,ORD-00007407,PRD-00001,1,320.99,176.63,320.99,320.99,144.36
ITM-000010228,ORD-00007408,PRD-00076,1,62.99,25.51,62.99,62.99,37.48
ITM-000010229,ORD-00007409,PRD-00036,1,73.99,30.02,73.99,73.99,43.97
ITM-000010230,ORD-00007410,PRD-00043,1,105.99,49.95,105.99,105.99,56.04
ITM-000010231,ORD-00007410,PRD-00052,1,118.49,48.71,118.49,118.49,69.78
ITM-000010232,ORD-00007411,PRD-00055,2,74.99,31.61,149.98,149.98,86.76
ITM-000010233,ORD-00007411,PRD-00081,1,77.99,39.19,77.99,77.99,38.8
ITM-000010234,ORD-00007412,PRD-00097,2,167.49,87.54,334.98,334.98,159.9
ITM-000010235,ORD-00007413,PRD-00015,1,205.99,123.35,205.99,205.99,82.64
ITM-000010236,ORD-00007413,PRD-00005,1,82.99,47.75,82.99,82.99,35.24
ITM-000010237,ORD-00007414,PRD-00030,1,67.99,29.21,67.99,67.99,38.78
ITM-000010238,ORD-00007415,PRD-00029,1,94.49,33.63,94.49,94.49,60.86
ITM-000010239,ORD-00007416,PRD-00078,1,25.99,9.37,25.99,25.99,16.62
ITM-000010240,ORD-00007416,PRD-00076,1,62.99,25.51,62.99,62.99,37.48
ITM-000010241,ORD-00007417,PRD-00003,1,350.49,212.61,350.49,350.49,137.88
ITM-000010242,ORD-00007418,PRD-00075,2,56.99,20.25,113.98,113.98,73.48
ITM-000010243,ORD-00007419,PRD-00014,2,337.99,200.36,675.98,675.98,275.26
ITM-000010244,ORD-00007420,PRD-00023,1,31.99,14.2,31.99,31.99,17.79
ITM-000010245,ORD-00007421,PRD-00023,1,31.99,14.2,31.99,31.99,17.79
ITM-000010246,ORD-00007421,PRD-00002,1,203.99,113.88,203.99,203.99,90.11
ITM-000010247,ORD-00007421,PRD-00009,1,94.99,52.51,94.99,94.99,42.48
ITM-000010248,ORD-00007422,PRD-00098,1,199.49,113.09,199.49,199.49,86.4
ITM-000010249,ORD-00007422,PRD-00080,1,87.99,32.75,87.99,87.99,55.24
ITM-000010250,ORD-00007423,PRD-00048,1,33.49,15.83,33.49,33.49,17.66
ITM-000010251,ORD-00007424,PRD-00003,2,350.49,212.61,700.98,700.98,275.76
ITM-000010252,ORD-00007425,PRD-00015,1,205.99,123.35,205.99,205.99,82.64
ITM-000010253,ORD-00007426,PRD-00024,1,54.99,26.28,54.99,54.99,28.71
ITM-000010254,ORD-00007427,PRD-00051,1,52.99,21.94,52.99,52.99,31.05
ITM-000010255,ORD-00007428,PRD-00069,1,51.99,14.6,51.99,51.99,37.39
ITM-000010256,ORD-00007429,PRD-00023,1,31.99,14.2,31.99,31.99,17.79
ITM-000010257,ORD-00007430,PRD-00070,1,64.99,25.31,64.99,64.99,39.68
ITM-000010258,ORD-00007430,PRD-00090,1,232.99,113.86,232.99,232.99,119.13
ITM-000010259,ORD-00007431,PRD-00068,1,37.49,12.61,37.49,37.49,24.88
ITM-000010260,ORD-00007432,PRD-00023,1,31.99,14.2,31.99,31.99,17.79
ITM-000010261,ORD-00007433,PRD-00088,1,211.99,101.84,211.99,211.99,110.15
ITM-000010262,ORD-00007433,PRD-00085,1,105.99,56.37,105.99,105.99,49.62
ITM-000010263,ORD-00007433,PRD-00029,1,94.49,33.63,94.49,94.49,60.86
ITM-000010264,ORD-00007434,PRD-00041,1,180.99,84.81,180.99,180.99,96.18
ITM-000010265,ORD-00007435,PRD-00073,1,84.49,28.1,84.49,84.49,56.39
ITM-000010266,ORD-00007435,PRD-00021,1,114.99,46.3,114.99,114.99,68.69
ITM-000010267,ORD-00007436,PRD-00061,1,75.99,20.12,75.99,75.99,55.87
ITM-000010268,ORD-00007436,PRD-00034,2,34.99,12.79,69.98,69.98,44.4
ITM-000010269,ORD-00007436,PRD-00011,1,179.99,102.31,179.99,179.99,77.68
ITM-000010270,ORD-00007437,PRD-00068,1,37.49,12.61,37.49,37.49,24.88
ITM-000010271,ORD-00007438,PRD-00020,1,271.99,147.22,271.99,271.99,124.77
ITM-000010272,ORD-00007439,PRD-00043,1,105.99,49.95,105.99,105.99,56.04
ITM-000010273,ORD-00007440,PRD-00059,1,47.49,23.54,47.49,47.49,23.95
ITM-000010274,ORD-00007441,PRD-00023,1,31.99,14.2,31.99,31.99,17.79
ITM-000010275,ORD-00007442,PRD-00014,1,337.99,200.36,337.99,337.99,137.63
ITM-000010276,ORD-00007443,PRD-00011,2,179.99,102.31,359.98,359.98,155.36
ITM-000010277,ORD-00007444,PRD-00063,1,70.49,27.76,70.49,70.49,42.73
ITM-000010278,ORD-00007444,PRD-00039,1,40.99,18.26,40.99,40.99,22.73
ITM-000010279,ORD-00007445,PRD-00019,1,339.99,208.97,339.99,339.99,131.02
ITM-000010280,ORD-00007446,PRD-00038,1,77.49,36.23,77.49,77.49,41.26
ITM-000010281,ORD-00007447,PRD-00005,1,82.99,47.75,82.99,82.99,35.24
ITM-000010282,ORD-00007448,PRD-00035,1,100.99,39.04,100.99,100.99,61.95
ITM-000010283,ORD-00007448,PRD-00008,1,325.99,186.16,325.99,325.99,139.83
ITM-000010284,ORD-00007448,PRD-00009,1,94.99,52.51,94.99,94.99,42.48
ITM-000010285,ORD-00007449,PRD-00051,1,52.99,21.94,52.99,52.99,31.05
ITM-000010286,ORD-00007450,PRD-00088,1,211.99,101.84,211.99,211.99,110.15
ITM-000010287,ORD-00007450,PRD-00089,1,31.99,18.14,31.99,31.99,13.85
ITM-000010288,ORD-00007451,PRD-00055,1,74.99,31.61,74.99,74.99,43.38
ITM-000010289,ORD-00007451,PRD-00070,1,64.99,25.31,64.99,64.99,39.68
ITM-000010290,ORD-00007451,PRD-00033,1,27.99,11.51,27.99,27.99,16.48
ITM-000010291,ORD-00007452,PRD-00080,1,87.99,32.75,87.99,87.99,55.24
ITM-000010292,ORD-00007453,PRD-00017,1,244.99,144.79,244.99,244.99,100.2
ITM-000010293,ORD-00007453,PRD-00029,1,94.49,33.63,94.49,94.49,60.86
ITM-000010294,ORD-00007453,PRD-00008,1,325.99,186.16,325.99,325.99,139.83
ITM-000010295,ORD-00007454,PRD-00027,1,83.99,34.49,83.99,83.99,49.5
ITM-000010296,ORD-00007455,PRD-00067,1,44.99,16.41,44.99,44.99,28.58
ITM-000010297,ORD-00007455,PRD-00057,1,146.49,75.56,146.49,146.49,70.93
ITM-000010298,ORD-00007455,PRD-00073,1,84.49,28.1,84.49,84.49,56.39
ITM-000010299,ORD-00007456,PRD-00057,1,146.49,75.56,146.49,146.49,70.93
ITM-000010300,ORD-00007456,PRD-00095,1,204.99,100.6,204.99,204.99,104.39
ITM-000010301,ORD-00007457,PRD-00055,1,74.99,31.61,74.99,74.99,43.38
ITM-000010302,ORD-00007458,PRD-00092,1,214.99,101.72,214.99,214.99,113.27
ITM-000010303,ORD-00007458,PRD-00092,1,214.99,101.72,214.99,214.99,113.27
ITM-000010304,ORD-00007458,PRD-00097,1,167.49,87.54,167.49,167.49,79.95
ITM-000010305,ORD-00007459,PRD-00001,2,320.99,176.63,641.98,641.98,288.72
ITM-000010306,ORD-00007459,PRD-00012,2,374.49,207.75,748.98,748.98,333.48
ITM-000010307,ORD-00007459,PRD-00054,1,137.99,68.35,137.99,137.99,69.64
ITM-000010308,ORD-00007460,PRD-00091,3,42.99,22.68,128.97,128.97,60.93
ITM-000010309,ORD-00007461,PRD-00094,1,245.99,110.0,245.99,245.99,135.99
ITM-000010310,ORD-00007462,PRD-00033,1,27.99,11.51,27.99,27.99,16.48
ITM-000010311,ORD-00007462,PRD-00014,1,337.99,200.36,337.99,337.99,137.63
ITM-000010312,ORD-00007463,PRD-00089,2,31.99,18.14,63.98,63.98,27.7
ITM-000010313,ORD-00007463,PRD-00042,1,121.99,52.18,121.99,121.99,69.81
ITM-000010314,ORD-00007464,PRD-00068,2,37.49,12.61,74.98,74.98,49.76
ITM-000010315,ORD-00007465,PRD-00067,1,44.99,16.41,44.99,44.99,28.58
ITM-000010316,ORD-00007465,PRD-00011,1,179.99,102.31,179.99,179.99,77.68
ITM-000010317,ORD-00007465,PRD-00084,1,31.99,15.58,31.99,31.99,16.41
ITM-000010318,ORD-00007466,PRD-00086,1,140.99,72.94,140.99,140.99,68.05
ITM-000010319,ORD-00007466,PRD-00090,1,232.99,113.86,232.99,232.99,119.13
ITM-000010320,ORD-00007466,PRD-00052,1,118.49,48.71,118.49,118.49,69.78
ITM-000010321,ORD-00007467,PRD-00083,1,115.99,58.28,115.99,115.99,57.71
ITM-000010322,ORD-00007467,PRD-00063,1,70.49,27.76,70.49,70.49,42.73
ITM-000010323,ORD-00007468,PRD-00034,1,34.99,12.79,34.99,34.99,22.2
ITM-000010324,ORD-00007468,PRD-00042,1,121.99,52.18,121.99,121.99,69.81
ITM-000010325,ORD-00007469,PRD-00094,1,245.99,110.0,245.99,245.99,135.99
ITM-000010326,ORD-00007469,PRD-00023,1,31.99,14.2,31.99,31.99,17.79
ITM-000010327,ORD-00007470,PRD-00026,1,94.99,41.91,94.99,94.99,53.08
ITM-000010328,ORD-00007470,PRD-00045,1,83.49,36.38,83.49,83.49,47.11
ITM-000010329,ORD-00007471,PRD-00034,1,34.99,12.79,34.99,34.99,22.2
ITM-000010330,ORD-00007472,PRD-00087,1,43.99,24.1,43.99,43.99,19.89
ITM-000010331,ORD-00007473,PRD-00065,1,24.99,5.84,24.99,24.99,19.15
ITM-000010332,ORD-00007474,PRD-00044,1,72.99,36.23,72.99,72.99,36.76
ITM-000010333,ORD-00007475,PRD-00053,1,47.99,23.38,47.99,47.99,24.61
ITM-000010334,ORD-00007476,PRD-00091,1,42.99,22.68,42.99,42.99,20.31
ITM-000010335,ORD-00007477,PRD-00064,2,24.99,6.91,49.98,49.98,36.16
ITM-000010336,ORD-00007478,PRD-00044,1,72.99,36.23,72.99,72.99,36.76
ITM-000010337,ORD-00007479,PRD-00001,1,320.99,176.63,320.99,320.99,144.36
ITM-000010338,ORD-00007479,PRD-00097,1,167.49,87.54,167.49,167.49,79.95
ITM-000010339,ORD-00007480,PRD-00031,1,110.99,51.16,110.99,110.99,59.83
ITM-000010340,ORD-00007481,PRD-00031,1,110.99,51.16,110.99,110.99,59.83
ITM-000010341,ORD-00007481,PRD-00005,1,82.99,47.75,82.99,82.99,35.24
ITM-000010342,ORD-00007482,PRD-00089,1,31.99,18.14,31.99,31.99,13.85
ITM-000010343,ORD-00007483,PRD-00050,1,173.99,93.04,173.99,173.99,80.95
ITM-000010344,ORD-00007484,PRD-00055,1,74.99,31.61,74.99,74.99,43.38
ITM-000010345,ORD-00007485,PRD-00043,1,105.99,49.95,105.99,105.99,56.04
ITM-000010346,ORD-00007486,PRD-00070,1,64.99,25.31,64.99,64.99,39.68
ITM-000010347,ORD-00007487,PRD-00058,1,152.99,69.5,152.99,152.99,83.49
ITM-000010348,ORD-00007488,PRD-00029,1,94.49,33.63,94.49,94.49,60.86
ITM-000010349,ORD-00007488,PRD-00062,1,68.49,27.5,68.49,68.49,40.99
ITM-000010350,ORD-00007489,PRD-00040,1,98.99,45.24,98.99,98.99,53.75
ITM-000010351,ORD-00007490,PRD-00058,1,152.99,69.5,152.99,152.99,83.49
ITM-000010352,ORD-00007490,PRD-00005,1,82.99,47.75,82.99,82.99,35.24
ITM-000010353,ORD-00007490,PRD-00095,1,204.99,100.6,204.99,204.99,104.39
ITM-000010354,ORD-00007491,PRD-00018,1,72.99,37.97,72.99,72.99,35.02
ITM-000010355,ORD-00007492,PRD-00025,1,55.99,23.35,55.99,55.99,32.64
ITM-000010356,ORD-00007493,PRD-00024,1,54.99,26.28,54.99,54.99,28.71
ITM-000010357,ORD-00007494,PRD-00051,1,52.99,21.94,52.99,52.99,31.05
ITM-000010358,ORD-00007494,PRD-00076,1,62.99,25.51,62.99,62.99,37.48
ITM-000010359,ORD-00007495,PRD-00093,1,227.99,111.71,227.99,227.99,116.28
ITM-000010360,ORD-00007495,PRD-00025,1,55.99,23.35,55.99,55.99,32.64
ITM-000010361,ORD-00007496,PRD-00002,1,203.99,113.88,203.99,203.99,90.11
ITM-000010362,ORD-00007496,PRD-00028,1,107.49,45.05,107.49,107.49,62.44
ITM-000010363,ORD-00007497,PRD-00050,1,173.99,93.04,173.99,173.99,80.95
ITM-000010364,ORD-00007498,PRD-00008,2,325.99,186.16,651.98,651.98,279.66
ITM-000010365,ORD-00007499,PRD-00088,1,211.99,101.84,211.99,211.99,110.15
ITM-000010366,ORD-00007500,PRD-00050,3,173.99,93.04,521.97,521.97,242.85
ITM-000010367,ORD-00007501,PRD-00086,1,140.99,72.94,140.99,140.99,68.05
ITM-000010368,ORD-00007502,PRD-00039,1,40.99,18.26,40.99,40.99,22.73
ITM-000010369,ORD-00007503,PRD-00003,1,350.49,212.61,350.49,350.49,137.88
ITM-000010370,ORD-00007503,PRD-00042,1,121.99,52.18,121.99,121.99,69.81
ITM-000010371,ORD-00007504,PRD-00011,1,179.99,102.31,179.99,179.99,77.68
ITM-000010372,ORD-00007504,PRD-00037,1,41.99,15.18,41.99,41.99,26.81
ITM-000010373,ORD-00007505,PRD-00083,1,115.99,58.28,115.99,115.99,57.71
ITM-000010374,ORD-00007506,PRD-00021,1,114.99,46.3,114.99,114.99,68.69
ITM-000010375,ORD-00007506,PRD-00065,1,24.99,5.84,24.99,24.99,19.15
ITM-000010376,ORD-00007507,PRD-00002,2,203.99,113.88,407.98,407.98,180.22
ITM-000010377,ORD-00007507,PRD-00048,1,33.49,15.83,33.49,33.49,17.66
ITM-000010378,ORD-00007508,PRD-00006,1,391.99,223.93,391.99,391.99,168.06
ITM-000010379,ORD-00007509,PRD-00084,2,31.99,15.58,63.98,63.98,32.82
ITM-000010380,ORD-00007510,PRD-00075,1,56.99,20.25,56.99,56.99,36.74
ITM-000010381,ORD-00007510,PRD-00040,1,98.99,45.24,98.99,98.99,53.75
ITM-000010382,ORD-00007511,PRD-00049,1,162.99,86.22,162.99,162.99,76.77
ITM-000010383,ORD-00007512,PRD-00015,1,205.99,123.35,205.99,205.99,82.64
ITM-000010384,ORD-00007513,PRD-00027,1,83.99,34.49,83.99,83.99,49.5
ITM-000010385,ORD-00007514,PRD-00051,1,52.99,21.94,52.99,52.99,31.05
ITM-000010386,ORD-00007515,PRD-00031,1,110.99,51.16,110.99,110.99,59.83
ITM-000010387,ORD-00007515,PRD-00018,1,72.99,37.97,72.99,72.99,35.02
ITM-000010388,ORD-00007515,PRD-00089,1,31.99,18.14,31.99,31.99,13.85
ITM-000010389,ORD-00007516,PRD-00025,1,55.99,23.35,55.99,55.99,32.64
ITM-000010390,ORD-00007517,PRD-00047,1,100.99,42.27,100.99,100.99,58.72
ITM-000010391,ORD-00007518,PRD-00024,1,54.99,26.28,54.99,54.99,28.71
ITM-000010392,ORD-00007518,PRD-00012,1,374.49,207.75,374.49,374.49,166.74
ITM-000010393,ORD-00007518,PRD-00027,1,83.99,34.49,83.99,83.99,49.5
ITM-000010394,ORD-00007519,PRD-00012,1,374.49,207.75,374.49,374.49,166.74
ITM-000010395,ORD-00007520,PRD-00051,1,52.99,21.94,52.99,52.99,31.05
ITM-000010396,ORD-00007520,PRD-00059,1,47.49,23.54,47.49,47.49,23.95
ITM-000010397,ORD-00007521,PRD-00095,1,204.99,100.6,204.99,204.99,104.39
ITM-000010398,ORD-00007522,PRD-00031,1,110.99,51.16,110.99,110.99,59.83
ITM-000010399,ORD-00007523,PRD-00004,1,294.49,168.07,294.49,294.49,126.42
ITM-000010400,ORD-00007524,PRD-00035,1,100.99,39.04,100.99,100.99,61.95
ITM-000010401,ORD-00007524,PRD-00091,1,42.99,22.68,42.99,42.99,20.31
ITM-000010402,ORD-00007525,PRD-00031,1,110.99,51.16,110.99,110.99,59.83
ITM-000010403,ORD-00007526,PRD-00071,1,86.99,31.3,86.99,86.99,55.69
ITM-000010404,ORD-00007527,PRD-00007,1,316.99,172.8,316.99,316.99,144.19
ITM-000010405,ORD-00007527,PRD-00065,1,24.99,5.84,24.99,24.99,19.15
ITM-000010406,ORD-00007527,PRD-00007,1,316.99,172.8,316.99,316.99,144.19
ITM-000010407,ORD-00007528,PRD-00034,1,34.99,12.79,34.99,34.99,22.2
ITM-000010408,ORD-00007528,PRD-00010,1,207.99,120.07,207.99,207.99,87.92
ITM-000010409,ORD-00007529,PRD-00088,1,211.99,101.84,211.99,211.99,110.15
ITM-000010410,ORD-00007529,PRD-00085,1,105.99,56.37,105.99,105.99,49.62
ITM-000010411,ORD-00007530,PRD-00023,1,31.99,14.2,31.99,31.99,17.79
ITM-000010412,ORD-00007531,PRD-00081,1,77.99,39.19,77.99,77.99,38.8
ITM-000010413,ORD-00007532,PRD-00041,1,180.99,84.81,180.99,180.99,96.18
ITM-000010414,ORD-00007533,PRD-00073,2,84.49,28.1,168.98,168.98,112.78
ITM-000010415,ORD-00007533,PRD-00065,1,24.99,5.84,24.99,24.99,19.15
ITM-000010416,ORD-00007534,PRD-00055,1,74.99,31.61,74.99,74.99,43.38
ITM-000010417,ORD-00007535,PRD-00055,1,74.99,31.61,74.99,74.99,43.38
ITM-000010418,ORD-00007536,PRD-00036,1,73.99,30.02,73.99,73.99,43.97
ITM-000010419,ORD-00007537,PRD-00077,1,22.99,8.27,22.99,22.99,14.72
ITM-000010420,ORD-00007538,PRD-00065,1,24.99,5.84,24.99,24.99,19.15
ITM-000010421,ORD-00007538,PRD-00017,1,244.99,144.79,244.99,244.99,100.2
ITM-000010422,ORD-00007538,PRD-00055,1,74.99,31.61,74.99,74.99,43.38
ITM-000010423,ORD-00007539,PRD-00027,1,83.99,34.49,83.99,83.99,49.5
ITM-000010424,ORD-00007540,PRD-00037,1,41.99,15.18,41.99,41.99,26.81
ITM-000010425,ORD-00007540,PRD-00068,1,37.49,12.61,37.49,37.49,24.88
ITM-000010426,ORD-00007540,PRD-00005,1,82.99,47.75,82.99,82.99,35.24
ITM-000010427,ORD-00007541,PRD-00004,1,294.49,168.07,294.49,294.49,126.42
ITM-000010428,ORD-00007542,PRD-00085,1,105.99,56.37,105.99,105.99,49.62
ITM-000010429,ORD-00007542,PRD-00026,1,94.99,41.91,94.99,94.99,53.08
ITM-000010430,ORD-00007543,PRD-00042,1,121.99,52.18,121.99,121.99,69.81
ITM-000010431,ORD-00007544,PRD-00015,1,205.99,123.35,205.99,205.99,82.64
ITM-000010432,ORD-00007545,PRD-00088,3,211.99,101.84,635.97,635.97,330.45
ITM-000010433,ORD-00007545,PRD-00100,1,143.99,66.17,143.99,143.99,77.82
ITM-000010434,ORD-00007546,PRD-00010,2,207.99,120.07,415.98,415.98,175.84
ITM-000010435,ORD-00007547,PRD-00011,1,179.99,102.31,179.99,179.99,77.68
ITM-000010436,ORD-00007548,PRD-00064,1,24.99,6.91,24.99,24.99,18.08
ITM-000010437,ORD-00007549,PRD-00043,1,105.99,49.95,105.99,105.99,56.04
ITM-000010438,ORD-00007550,PRD-00011,1,179.99,102.31,179.99,179.99,77.68
ITM-000010439,ORD-00007551,PRD-00094,2,245.99,110.0,491.98,491.98,271.98
ITM-000010440,ORD-00007552,PRD-00011,1,179.99,102.31,179.99,179.99,77.68
ITM-000010441,ORD-00007553,PRD-00060,1,176.49,84.75,176.49,176.49,91.74
ITM-000010442,ORD-00007553,PRD-00087,1,43.99,24.1,43.99,43.99,19.89
ITM-000010443,ORD-00007554,PRD-00003,1,350.49,212.61,350.49,350.49,137.88
ITM-000010444,ORD-00007554,PRD-00013,1,275.99,176.16,275.99,275.99,99.83
ITM-000010445,ORD-00007554,PRD-00032,2,42.49,17.54,84.98,84.98,49.9
ITM-000010446,ORD-00007555,PRD-00045,1,83.49,36.38,83.49,83.49,47.11
ITM-000010447,ORD-00007556,PRD-00077,2,22.99,8.27,45.98,45.98,29.44
ITM-000010448,ORD-00007557,PRD-00033,1,27.99,11.51,27.99,27.99,16.48
ITM-000010449,ORD-00007558,PRD-00025,1,55.99,23.35,55.99,55.99,32.64
ITM-000010450,ORD-00007559,PRD-00034,1,34.99,12.79,34.99,34.99,22.2
ITM-000010451,ORD-00007559,PRD-00012,1,374.49,207.75,374.49,374.49,166.74
ITM-000010452,ORD-00007560,PRD-00052,1,118.49,48.71,118.49,118.49,69.78
ITM-000010453,ORD-00007561,PRD-00081,1,77.99,39.19,77.99,77.99,38.8
ITM-000010454,ORD-00007561,PRD-00081,2,77.99,39.19,155.98,155.98,77.6
ITM-000010455,ORD-00007562,PRD-00076,1,62.99,25.51,62.99,62.99,37.48
ITM-000010456,ORD-00007562,PRD-00051,1,52.99,21.94,52.99,52.99,31.05
ITM-000010457,ORD-00007563,PRD-00084,1,31.99,15.58,31.99,31.99,16.41
ITM-000010458,ORD-00007564,PRD-00015,1,205.99,123.35,205.99,205.99,82.64
ITM-000010459,ORD-00007565,PRD-00031,1,110.99,51.16,110.99,110.99,59.83
ITM-000010460,ORD-00007566,PRD-00015,1,205.99,123.35,205.99,205.99,82.64
ITM-000010461,ORD-00007567,PRD-00071,1,86.99,31.3,86.99,86.99,55.69
ITM-000010462,ORD-00007568,PRD-00062,1,68.49,27.5,68.49,68.49,40.99
ITM-000010463,ORD-00007569,PRD-00032,1,42.49,17.54,42.49,42.49,24.95
ITM-000010464,ORD-00007569,PRD-00098,1,199.49,113.09,199.49,199.49,86.4
ITM-000010465,ORD-00007569,PRD-00057,1,146.49,75.56,146.49,146.49,70.93
ITM-000010466,ORD-00007570,PRD-00024,2,54.99,26.28,109.98,109.98,57.42
ITM-000010467,ORD-00007570,PRD-00084,1,31.99,15.58,31.99,31.99,16.41
ITM-000010468,ORD-00007570,PRD-00015,1,205.99,123.35,205.99,205.99,82.64
ITM-000010469,ORD-00007571,PRD-00028,1,107.49,45.05,107.49,107.49,62.44
ITM-000010470,ORD-00007571,PRD-00046,1,113.49,52.53,113.49,113.49,60.96
ITM-000010471,ORD-00007572,PRD-00003,1,350.49,212.61,350.49,350.49,137.88
ITM-000010472,ORD-00007573,PRD-00085,1,105.99,56.37,105.99,105.99,49.62
ITM-000010473,ORD-00007574,PRD-00034,2,34.99,12.79,69.98,69.98,44.4
ITM-000010474,ORD-00007574,PRD-00040,1,98.99,45.24,98.99,98.99,53.75
ITM-000010475,ORD-00007575,PRD-00031,1,110.99,51.16,110.99,110.99,59.83
ITM-000010476,ORD-00007575,PRD-00033,1,27.99,11.51,27.99,27.99,16.48
ITM-000010477,ORD-00007575,PRD-00035,1,100.99,39.04,100.99,100.99,61.95
ITM-000010478,ORD-00007576,PRD-00016,1,129.99,78.72,129.99,129.99,51.27
ITM-000010479,ORD-00007577,PRD-00045,1,83.49,36.38,83.49,83.49,47.11
ITM-000010480,ORD-00007578,PRD-00025,1,55.99,23.35,55.99,55.99,32.64
ITM-000010481,ORD-00007578,PRD-00012,1,374.49,207.75,374.49,374.49,166.74
ITM-000010482,ORD-00007579,PRD-00081,1,77.99,39.19,77.99,77.99,38.8
ITM-000010483,ORD-00007579,PRD-00011,1,179.99,102.31,179.99,179.99,77.68
ITM-000010484,ORD-00007579,PRD-00051,2,52.99,21.94,105.98,105.98,62.1
ITM-000010485,ORD-00007580,PRD-00062,1,68.49,27.5,68.49,68.49,40.99
ITM-000010486,ORD-00007580,PRD-00055,3,74.99,31.61,224.97,224.97,130.14
ITM-000010487,ORD-00007580,PRD-00003,2,350.49,212.61,700.98,700.98,275.76
ITM-000010488,ORD-00007581,PRD-00076,1,62.99,25.51,62.99,62.99,37.48
ITM-000010489,ORD-00007581,PRD-00098,1,199.49,113.09,199.49,199.49,86.4
ITM-000010490,ORD-00007581,PRD-00074,1,16.99,6.2,16.99,16.99,10.79
ITM-000010491,ORD-00007582,PRD-00088,1,211.99,101.84,211.99,211.99,110.15
ITM-000010492,ORD-00007583,PRD-00032,2,42.49,17.54,84.98,84.98,49.9
ITM-000010493,ORD-00007583,PRD-00037,1,41.99,15.18,41.99,41.99,26.81
ITM-000010494,ORD-00007584,PRD-00015,1,205.99,123.35,205.99,205.99,82.64
ITM-000010495,ORD-00007585,PRD-00026,2,94.99,41.91,189.98,189.98,106.16
ITM-000010496,ORD-00007586,PRD-00043,1,105.99,49.95,105.99,105.99,56.04
ITM-000010497,ORD-00007586,PRD-00090,3,232.99,113.86,698.97,698.97,357.39
ITM-000010498,ORD-00007586,PRD-00035,1,100.99,39.04,100.99,100.99,61.95
ITM-000010499,ORD-00007587,PRD-00011,1,179.99,102.31,179.99,179.99,77.68
ITM-000010500,ORD-00007588,PRD-00017,1,244.99,144.79,244.99,244.99,100.2
ITM-000010501,ORD-00007589,PRD-00081,3,77.99,39.19,233.97,233.97,116.4
ITM-000010502,ORD-00007590,PRD-00040,1,98.99,45.24,98.99,98.99,53.75
ITM-000010503,ORD-00007591,PRD-00067,1,44.99,16.41,44.99,44.99,28.58
ITM-000010504,ORD-00007592,PRD-00020,1,271.99,147.22,271.99,271.99,124.77
ITM-000010505,ORD-00007593,PRD-00095,1,204.99,100.6,204.99,204.99,104.39
ITM-000010506,ORD-00007594,PRD-00013,2,275.99,176.16,551.98,551.98,199.66
ITM-000010507,ORD-00007594,PRD-00063,1,70.49,27.76,70.49,70.49,42.73
ITM-000010508,ORD-00007595,PRD-00045,1,83.49,36.38,83.49,83.49,47.11
ITM-000010509,ORD-00007596,PRD-00067,1,44.99,16.41,44.99,44.99,28.58
ITM-000010510,ORD-00007597,PRD-00089,2,31.99,18.14,63.98,63.98,27.7
ITM-000010511,ORD-00007598,PRD-00055,1,74.99,31.61,74.99,74.99,43.38
ITM-000010512,ORD-00007598,PRD-00041,1,180.99,84.81,180.99,180.99,96.18
ITM-000010513,ORD-00007599,PRD-00073,2,84.49,28.1,168.98,168.98,112.78
ITM-000010514,ORD-00007600,PRD-00075,1,56.99,20.25,56.99,56.99,36.74
ITM-000010515,ORD-00007601,PRD-00028,2,107.49,45.05,214.98,214.98,124.88
ITM-000010516,ORD-00007602,PRD-00063,1,70.49,27.76,70.49,70.49,42.73
ITM-000010517,ORD-00007603,PRD-00098,1,199.49,113.09,199.49,199.49,86.4
ITM-000010518,ORD-00007604,PRD-00083,1,115.99,58.28,115.99,115.99,57.71
ITM-000010519,ORD-00007605,PRD-00059,1,47.49,23.54,47.49,47.49,23.95
ITM-000010520,ORD-00007605,PRD-00054,1,137.99,68.35,137.99,137.99,69.64
ITM-000010521,ORD-00007606,PRD-00003,1,350.49,212.61,350.49,350.49,137.88
ITM-000010522,ORD-00007606,PRD-00068,1,37.49,12.61,37.49,37.49,24.88
ITM-000010523,ORD-00007607,PRD-00021,1,114.99,46.3,114.99,114.99,68.69
ITM-000010524,ORD-00007607,PRD-00004,1,294.49,168.07,294.49,294.49,126.42
ITM-000010525,ORD-00007608,PRD-00091,1,42.99,22.68,42.99,42.99,20.31
ITM-000010526,ORD-00007609,PRD-00015,1,205.99,123.35,205.99,205.99,82.64
ITM-000010527,ORD-00007610,PRD-00050,1,173.99,93.04,173.99,173.99,80.95
ITM-000010528,ORD-00007611,PRD-00044,1,72.99,36.23,72.99,72.99,36.76
ITM-000010529,ORD-00007611,PRD-00013,2,275.99,176.16,551.98,551.98,199.66
ITM-000010530,ORD-00007612,PRD-00046,1,113.49,52.53,113.49,113.49,60.96
ITM-000010531,ORD-00007612,PRD-00019,2,339.99,208.97,679.98,679.98,262.04
ITM-000010532,ORD-00007613,PRD-00083,3,115.99,58.28,347.97,347.97,173.13
ITM-000010533,ORD-00007614,PRD-00093,1,227.99,111.71,227.99,227.99,116.28
ITM-000010534,ORD-00007615,PRD-00019,1,339.99,208.97,339.99,339.99,131.02
ITM-000010535,ORD-00007615,PRD-00062,1,68.49,27.5,68.49,68.49,40.99
ITM-000010536,ORD-00007616,PRD-00052,1,118.49,48.71,118.49,118.49,69.78
ITM-000010537,ORD-00007617,PRD-00050,1,173.99,93.04,173.99,173.99,80.95
ITM-000010538,ORD-00007618,PRD-00034,1,34.99,12.79,34.99,34.99,22.2
ITM-000010539,ORD-00007619,PRD-00059,1,47.49,23.54,47.49,47.49,23.95
ITM-000010540,ORD-00007620,PRD-00020,1,271.99,147.22,271.99,271.99,124.77
ITM-000010541,ORD-00007621,PRD-00086,1,140.99,72.94,140.99,140.99,68.05
ITM-000010542,ORD-00007621,PRD-00053,1,47.99,23.38,47.99,47.99,24.61
ITM-000010543,ORD-00007621,PRD-00077,1,22.99,8.27,22.99,22.99,14.72
ITM-000010544,ORD-00007622,PRD-00081,1,77.99,39.19,77.99,77.99,38.8
ITM-000010545,ORD-00007623,PRD-00095,1,204.99,100.6,204.99,204.99,104.39
ITM-000010546,ORD-00007623,PRD-00086,2,140.99,72.94,281.98,281.98,136.1
ITM-000010547,ORD-00007623,PRD-00031,1,110.99,51.16,110.99,110.99,59.83
ITM-000010548,ORD-00007624,PRD-00071,2,86.99,31.3,173.98,173.98,111.38
ITM-000010549,ORD-00007625,PRD-00063,1,70.49,27.76,70.49,70.49,42.73
ITM-000010550,ORD-00007626,PRD-00025,1,55.99,23.35,55.99,55.99,32.64
ITM-000010551,ORD-00007626,PRD-00009,1,94.99,52.51,94.99,94.99,42.48
ITM-000010552,ORD-00007627,PRD-00047,1,100.99,42.27,100.99,100.99,58.72
ITM-000010553,ORD-00007628,PRD-00057,1,146.49,75.56,146.49,146.49,70.93
ITM-000010554,ORD-00007629,PRD-00033,1,27.99,11.51,27.99,27.99,16.48
ITM-000010555,ORD-00007630,PRD-00062,1,68.49,27.5,68.49,68.49,40.99
ITM-000010556,ORD-00007631,PRD-00097,1,167.49,87.54,167.49,167.49,79.95
ITM-000010557,ORD-00007632,PRD-00084,1,31.99,15.58,31.99,31.99,16.41
ITM-000010558,ORD-00007633,PRD-00047,1,100.99,42.27,100.99,100.99,58.72
ITM-000010559,ORD-00007634,PRD-00011,1,179.99,102.31,179.99,179.99,77.68
ITM-000010560,ORD-00007635,PRD-00006,1,391.99,223.93,391.99,391.99,168.06
ITM-000010561,ORD-00007635,PRD-00011,1,179.99,102.31,179.99,179.99,77.68
ITM-000010562,ORD-00007636,PRD-00020,1,271.99,147.22,271.99,271.99,124.77
ITM-000010563,ORD-00007637,PRD-00006,3,391.99,223.93,1175.97,1175.97,504.18
ITM-000010564,ORD-00007638,PRD-00015,1,205.99,123.35,205.99,205.99,82.64
ITM-000010565,ORD-00007639,PRD-00017,1,244.99,144.79,244.99,244.99,100.2
ITM-000010566,ORD-00007640,PRD-00038,1,77.49,36.23,77.49,77.49,41.26
ITM-000010567,ORD-00007641,PRD-00099,1,50.99,27.57,50.99,50.99,23.42
ITM-000010568,ORD-00007642,PRD-00051,1,52.99,21.94,52.99,52.99,31.05
ITM-000010569,ORD-00007643,PRD-00080,1,87.99,32.75,87.99,87.99,55.24
ITM-000010570,ORD-00007643,PRD-00098,1,199.49,113.09,199.49,199.49,86.4
ITM-000010571,ORD-00007643,PRD-00090,3,232.99,113.86,698.97,698.97,357.39
ITM-000010572,ORD-00007644,PRD-00058,1,152.99,69.5,152.99,152.99,83.49
ITM-000010573,ORD-00007645,PRD-00040,1,98.99,45.24,98.99,98.99,53.75
ITM-000010574,ORD-00007646,PRD-00010,2,207.99,120.07,415.98,415.98,175.84
ITM-000010575,ORD-00007647,PRD-00066,1,84.99,33.73,84.99,84.99,51.26
ITM-000010576,ORD-00007647,PRD-00090,1,232.99,113.86,232.99,232.99,119.13
ITM-000010577,ORD-00007648,PRD-00041,1,180.99,84.81,180.99,180.99,96.18
ITM-000010578,ORD-00007648,PRD-00054,1,137.99,68.35,137.99,137.99,69.64
ITM-000010579,ORD-00007648,PRD-00025,3,55.99,23.35,167.97,167.97,97.92
ITM-000010580,ORD-00007649,PRD-00052,1,118.49,48.71,118.49,118.49,69.78
ITM-000010581,ORD-00007650,PRD-00007,1,316.99,172.8,316.99,316.99,144.19
ITM-000010582,ORD-00007651,PRD-00049,1,162.99,86.22,162.99,162.99,76.77
ITM-000010583,ORD-00007652,PRD-00001,1,320.99,176.63,320.99,320.99,144.36
ITM-000010584,ORD-00007652,PRD-00056,1,135.49,71.03,135.49,135.49,64.46
ITM-000010585,ORD-00007652,PRD-00020,1,271.99,147.22,271.99,271.99,124.77
ITM-000010586,ORD-00007653,PRD-00068,1,37.49,12.61,37.49,37.49,24.88
ITM-000010587,ORD-00007653,PRD-00100,1,143.99,66.17,143.99,143.99,77.82
ITM-000010588,ORD-00007654,PRD-00094,1,245.99,110.0,245.99,245.99,135.99
ITM-000010589,ORD-00007655,PRD-00066,1,84.99,33.73,84.99,84.99,51.26
ITM-000010590,ORD-00007656,PRD-00056,1,135.49,71.03,135.49,135.49,64.46
ITM-000010591,ORD-00007657,PRD-00015,2,205.99,123.35,411.98,411.98,165.28
ITM-000010592,ORD-00007658,PRD-00065,1,24.99,5.84,24.99,24.99,19.15
ITM-000010593,ORD-00007659,PRD-00008,1,325.99,186.16,325.99,325.99,139.83
ITM-000010594,ORD-00007660,PRD-00066,2,84.99,33.73,169.98,169.98,102.52
ITM-000010595,ORD-00007661,PRD-00066,1,84.99,33.73,84.99,84.99,51.26
ITM-000010596,ORD-00007662,PRD-00065,1,24.99,5.84,24.99,24.99,19.15
ITM-000010597,ORD-00007663,PRD-00058,1,152.99,69.5,152.99,152.99,83.49
ITM-000010598,ORD-00007664,PRD-00079,1,46.49,15.84,46.49,46.49,30.65
ITM-000010599,ORD-00007665,PRD-00053,1,47.99,23.38,47.99,47.99,24.61
ITM-000010600,ORD-00007666,PRD-00011,1,179.99,102.31,179.99,179.99,77.68
ITM-000010601,ORD-00007667,PRD-00040,1,98.99,45.24,98.99,98.99,53.75
ITM-000010602,ORD-00007668,PRD-00071,1,86.99,31.3,86.99,86.99,55.69
ITM-000010603,ORD-00007668,PRD-00069,1,51.99,14.6,51.99,51.99,37.39
ITM-000010604,ORD-00007669,PRD-00075,1,56.99,20.25,56.99,56.99,36.74
ITM-000010605,ORD-00007670,PRD-00080,1,87.99,32.75,87.99,87.99,55.24
ITM-000010606,ORD-00007670,PRD-00044,1,72.99,36.23,72.99,72.99,36.76
ITM-000010607,ORD-00007671,PRD-00048,1,33.49,15.83,33.49,33.49,17.66
ITM-000010608,ORD-00007672,PRD-00019,1,339.99,208.97,339.99,339.99,131.02
ITM-000010609,ORD-00007673,PRD-00039,1,40.99,18.26,40.99,40.99,22.73
ITM-000010610,ORD-00007673,PRD-00021,1,114.99,46.3,114.99,114.99,68.69
ITM-000010611,ORD-00007673,PRD-00087,1,43.99,24.1,43.99,43.99,19.89
ITM-000010612,ORD-00007674,PRD-00009,1,94.99,52.51,94.99,94.99,42.48
ITM-000010613,ORD-00007674,PRD-00013,1,275.99,176.16,275.99,275.99,99.83
ITM-000010614,ORD-00007675,PRD-00055,1,74.99,31.61,74.99,74.99,43.38
ITM-000010615,ORD-00007676,PRD-00036,1,73.99,30.02,73.99,73.99,43.97
ITM-000010616,ORD-00007677,PRD-00055,1,74.99,31.61,74.99,74.99,43.38
ITM-000010617,ORD-00007677,PRD-00035,1,100.99,39.04,100.99,100.99,61.95
ITM-000010618,ORD-00007678,PRD-00062,1,68.49,27.5,68.49,68.49,40.99
ITM-000010619,ORD-00007678,PRD-00027,1,83.99,34.49,83.99,83.99,49.5
ITM-000010620,ORD-00007679,PRD-00060,1,176.49,84.75,176.49,176.49,91.74
ITM-000010621,ORD-00007679,PRD-00010,1,207.99,120.07,207.99,207.99,87.92
ITM-000010622,ORD-00007680,PRD-00017,1,244.99,144.79,244.99,244.99,100.2
ITM-000010623,ORD-00007680,PRD-00083,1,115.99,58.28,115.99,115.99,57.71
ITM-000010624,ORD-00007681,PRD-00030,1,67.99,29.21,67.99,67.99,38.78
ITM-000010625,ORD-00007682,PRD-00012,2,374.49,207.75,748.98,748.98,333.48
ITM-000010626,ORD-00007683,PRD-00013,1,275.99,176.16,275.99,275.99,99.83
ITM-000010627,ORD-00007684,PRD-00065,1,24.99,5.84,24.99,24.99,19.15
ITM-000010628,ORD-00007684,PRD-00007,1,316.99,172.8,316.99,316.99,144.19
ITM-000010629,ORD-00007684,PRD-00034,1,34.99,12.79,34.99,34.99,22.2
ITM-000010630,ORD-00007685,PRD-00062,1,68.49,27.5,68.49,68.49,40.99
ITM-000010631,ORD-00007685,PRD-00009,1,94.99,52.51,94.99,94.99,42.48
ITM-000010632,ORD-00007686,PRD-00014,1,337.99,200.36,337.99,337.99,137.63
ITM-000010633,ORD-00007686,PRD-00019,1,339.99,208.97,339.99,339.99,131.02
ITM-000010634,ORD-00007686,PRD-00058,2,152.99,69.5,305.98,305.98,166.98
ITM-000010635,ORD-00007687,PRD-00069,1,51.99,14.6,51.99,51.99,37.39
ITM-000010636,ORD-00007688,PRD-00051,1,52.99,21.94,52.99,52.99,31.05
ITM-000010637,ORD-00007689,PRD-00002,1,203.99,113.88,203.99,203.99,90.11
ITM-000010638,ORD-00007689,PRD-00051,1,52.99,21.94,52.99,52.99,31.05
ITM-000010639,ORD-00007690,PRD-00033,1,27.99,11.51,27.99,27.99,16.48
ITM-000010640,ORD-00007691,PRD-00086,3,140.99,72.94,422.97,422.97,204.15
ITM-000010641,ORD-00007691,PRD-00083,1,115.99,58.28,115.99,115.99,57.71
ITM-000010642,ORD-00007692,PRD-00013,1,275.99,176.16,275.99,275.99,99.83
ITM-000010643,ORD-00007693,PRD-00018,1,72.99,37.97,72.99,72.99,35.02
ITM-000010644,ORD-00007694,PRD-00072,1,36.99,11.8,36.99,36.99,25.19
ITM-000010645,ORD-00007694,PRD-00037,2,41.99,15.18,83.98,83.98,53.62
ITM-000010646,ORD-00007694,PRD-00004,1,294.49,168.07,294.49,294.49,126.42
ITM-000010647,ORD-00007695,PRD-00098,1,199.49,113.09,199.49,199.49,86.4
ITM-000010648,ORD-00007696,PRD-00020,1,271.99,147.22,271.99,271.99,124.77
ITM-000010649,ORD-00007697,PRD-00054,1,137.99,68.35,137.99,137.99,69.64
ITM-000010650,ORD-00007698,PRD-00052,1,118.49,48.71,118.49,118.49,69.78
ITM-000010651,ORD-00007698,PRD-00096,1,199.99,116.57,199.99,199.99,83.42
ITM-000010652,ORD-00007698,PRD-00091,1,42.99,22.68,42.99,42.99,20.31
ITM-000010653,ORD-00007699,PRD-00040,1,98.99,45.24,98.99,98.99,53.75
ITM-000010654,ORD-00007699,PRD-00054,1,137.99,68.35,137.99,137.99,69.64
ITM-000010655,ORD-00007700,PRD-00091,1,42.99,22.68,42.99,42.99,20.31
ITM-000010656,ORD-00007701,PRD-00017,1,244.99,144.79,244.99,244.99,100.2
ITM-000010657,ORD-00007701,PRD-00036,1,73.99,30.02,73.99,73.99,43.97
ITM-000010658,ORD-00007702,PRD-00100,1,143.99,66.17,143.99,143.99,77.82
ITM-000010659,ORD-00007703,PRD-00018,1,72.99,37.97,72.99,72.99,35.02
ITM-000010660,ORD-00007704,PRD-00063,1,70.49,27.76,70.49,70.49,42.73
ITM-000010661,ORD-00007704,PRD-00071,1,86.99,31.3,86.99,86.99,55.69
ITM-000010662,ORD-00007705,PRD-00048,1,33.49,15.83,33.49,33.49,17.66
ITM-000010663,ORD-00007705,PRD-00096,1,199.99,116.57,199.99,199.99,83.42
ITM-000010664,ORD-00007705,PRD-00066,1,84.99,33.73,84.99,84.99,51.26
ITM-000010665,ORD-00007706,PRD-00026,1,94.99,41.91,94.99,94.99,53.08
ITM-000010666,ORD-00007707,PRD-00001,3,320.99,176.63,962.97,962.97,433.08
ITM-000010667,ORD-00007708,PRD-00090,1,232.99,113.86,232.99,232.99,119.13
ITM-000010668,ORD-00007709,PRD-00042,1,121.99,52.18,121.99,121.99,69.81
ITM-000010669,ORD-00007710,PRD-00063,1,70.49,27.76,70.49,70.49,42.73
ITM-000010670,ORD-00007711,PRD-00027,1,83.99,34.49,83.99,83.99,49.5
ITM-000010671,ORD-00007712,PRD-00089,1,31.99,18.14,31.99,31.99,13.85
ITM-000010672,ORD-00007713,PRD-00092,1,214.99,101.72,214.99,214.99,113.27
ITM-000010673,ORD-00007714,PRD-00014,1,337.99,200.36,337.99,337.99,137.63
ITM-000010674,ORD-00007715,PRD-00073,1,84.49,28.1,84.49,84.49,56.39
ITM-000010675,ORD-00007716,PRD-00050,1,173.99,93.04,173.99,173.99,80.95
ITM-000010676,ORD-00007716,PRD-00076,1,62.99,25.51,62.99,62.99,37.48
ITM-000010677,ORD-00007717,PRD-00084,1,31.99,15.58,31.99,31.99,16.41
ITM-000010678,ORD-00007717,PRD-00069,1,51.99,14.6,51.99,51.99,37.39
ITM-000010679,ORD-00007717,PRD-00012,1,374.49,207.75,374.49,374.49,166.74
ITM-000010680,ORD-00007718,PRD-00097,1,167.49,87.54,167.49,167.49,79.95
ITM-000010681,ORD-00007719,PRD-00067,1,44.99,16.41,44.99,44.99,28.58
ITM-000010682,ORD-00007720,PRD-00022,1,49.99,20.52,49.99,49.99,29.47
ITM-000010683,ORD-00007721,PRD-00090,2,232.99,113.86,465.98,465.98,238.26
ITM-000010684,ORD-00007721,PRD-00025,1,55.99,23.35,55.99,55.99,32.64
ITM-000010685,ORD-00007722,PRD-00083,1,115.99,58.28,115.99,115.99,57.71
ITM-000010686,ORD-00007722,PRD-00067,1,44.99,16.41,44.99,44.99,28.58
ITM-000010687,ORD-00007723,PRD-00090,1,232.99,113.86,232.99,232.99,119.13
ITM-000010688,ORD-00007724,PRD-00097,2,167.49,87.54,334.98,334.98,159.9
ITM-000010689,ORD-00007725,PRD-00096,1,199.99,116.57,199.99,199.99,83.42
ITM-000010690,ORD-00007726,PRD-00089,1,31.99,18.14,31.99,31.99,13.85
ITM-000010691,ORD-00007726,PRD-00037,1,41.99,15.18,41.99,41.99,26.81
ITM-000010692,ORD-00007727,PRD-00023,1,31.99,14.2,31.99,31.99,17.79
ITM-000010693,ORD-00007727,PRD-00001,1,320.99,176.63,320.99,320.99,144.36
ITM-000010694,ORD-00007728,PRD-00053,1,47.99,23.38,47.99,47.99,24.61
ITM-000010695,ORD-00007729,PRD-00039,1,40.99,18.26,40.99,40.99,22.73
ITM-000010696,ORD-00007730,PRD-00066,1,84.99,33.73,84.99,84.99,51.26
ITM-000010697,ORD-00007731,PRD-00027,1,83.99,34.49,83.99,83.99,49.5
ITM-000010698,ORD-00007732,PRD-00086,1,140.99,72.94,140.99,140.99,68.05
ITM-000010699,ORD-00007733,PRD-00072,1,36.99,11.8,36.99,36.99,25.19
ITM-000010700,ORD-00007734,PRD-00071,2,86.99,31.3,173.98,173.98,111.38
ITM-000010701,ORD-00007735,PRD-00063,1,70.49,27.76,70.49,70.49,42.73
ITM-000010702,ORD-00007736,PRD-00011,1,179.99,102.31,179.99,179.99,77.68
ITM-000010703,ORD-00007736,PRD-00077,1,22.99,8.27,22.99,22.99,14.72
ITM-000010704,ORD-00007737,PRD-00037,1,41.99,15.18,41.99,41.99,26.81
ITM-000010705,ORD-00007737,PRD-00090,1,232.99,113.86,232.99,232.99,119.13
ITM-000010706,ORD-00007738,PRD-00041,1,180.99,84.81,180.99,180.99,96.18
ITM-000010707,ORD-00007739,PRD-00020,1,271.99,147.22,271.99,271.99,124.77
ITM-000010708,ORD-00007739,PRD-00041,1,180.99,84.81,180.99,180.99,96.18
ITM-000010709,ORD-00007740,PRD-00058,1,152.99,69.5,152.99,152.99,83.49
ITM-000010710,ORD-00007741,PRD-00019,1,339.99,208.97,339.99,339.99,131.02
ITM-000010711,ORD-00007741,PRD-00014,1,337.99,200.36,337.99,337.99,137.63
ITM-000010712,ORD-00007741,PRD-00085,1,105.99,56.37,105.99,105.99,49.62
ITM-000010713,ORD-00007742,PRD-00040,1,98.99,45.24,98.99,98.99,53.75
ITM-000010714,ORD-00007742,PRD-00079,1,46.49,15.84,46.49,46.49,30.65
ITM-000010715,ORD-00007743,PRD-00002,1,203.99,113.88,203.99,203.99,90.11
ITM-000010716,ORD-00007744,PRD-00011,2,179.99,102.31,359.98,359.98,155.36
ITM-000010717,ORD-00007745,PRD-00033,1,27.99,11.51,27.99,27.99,16.48
ITM-000010718,ORD-00007746,PRD-00009,2,94.99,52.51,189.98,189.98,84.96
ITM-000010719,ORD-00007746,PRD-00041,1,180.99,84.81,180.99,180.99,96.18
ITM-000010720,ORD-00007747,PRD-00096,1,199.99,116.57,199.99,199.99,83.42
ITM-000010721,ORD-00007748,PRD-00091,1,42.99,22.68,42.99,42.99,20.31
ITM-000010722,ORD-00007749,PRD-00081,2,77.99,39.19,155.98,155.98,77.6
ITM-000010723,ORD-00007750,PRD-00013,1,275.99,176.16,275.99,275.99,99.83
ITM-000010724,ORD-00007750,PRD-00099,1,50.99,27.57,50.99,50.99,23.42
ITM-000010725,ORD-00007751,PRD-00015,1,205.99,123.35,205.99,205.99,82.64
ITM-000010726,ORD-00007752,PRD-00044,1,72.99,36.23,72.99,72.99,36.76
ITM-000010727,ORD-00007752,PRD-00038,1,77.49,36.23,77.49,77.49,41.26
ITM-000010728,ORD-00007753,PRD-00082,1,151.49,68.21,151.49,151.49,83.28
ITM-000010729,ORD-00007754,PRD-00053,1,47.99,23.38,47.99,47.99,24.61
ITM-000010730,ORD-00007755,PRD-00007,1,316.99,172.8,316.99,316.99,144.19
ITM-000010731,ORD-00007755,PRD-00062,1,68.49,27.5,68.49,68.49,40.99
ITM-000010732,ORD-00007755,PRD-00074,2,16.99,6.2,33.98,33.98,21.58
ITM-000010733,ORD-00007756,PRD-00058,1,152.99,69.5,152.99,152.99,83.49
ITM-000010734,ORD-00007757,PRD-00004,2,294.49,168.07,588.98,588.98,252.84
ITM-000010735,ORD-00007758,PRD-00012,1,374.49,207.75,374.49,374.49,166.74
ITM-000010736,ORD-00007759,PRD-00072,1,36.99,11.8,36.99,36.99,25.19
ITM-000010737,ORD-00007760,PRD-00061,3,75.99,20.12,227.97,227.97,167.61
ITM-000010738,ORD-00007761,PRD-00006,1,391.99,223.93,391.99,391.99,168.06
ITM-000010739,ORD-00007762,PRD-00083,1,115.99,58.28,115.99,115.99,57.71
ITM-000010740,ORD-00007763,PRD-00088,1,211.99,101.84,211.99,211.99,110.15
ITM-000010741,ORD-00007763,PRD-00075,1,56.99,20.25,56.99,56.99,36.74
ITM-000010742,ORD-00007764,PRD-00005,2,82.99,47.75,165.98,165.98,70.48
ITM-000010743,ORD-00007765,PRD-00086,1,140.99,72.94,140.99,140.99,68.05
ITM-000010744,ORD-00007765,PRD-00097,2,167.49,87.54,334.98,334.98,159.9
ITM-000010745,ORD-00007766,PRD-00078,1,25.99,9.37,25.99,25.99,16.62
ITM-000010746,ORD-00007766,PRD-00057,1,146.49,75.56,146.49,146.49,70.93
ITM-000010747,ORD-00007767,PRD-00052,1,118.49,48.71,118.49,118.49,69.78
ITM-000010748,ORD-00007768,PRD-00043,1,105.99,49.95,105.99,105.99,56.04
ITM-000010749,ORD-00007769,PRD-00092,1,214.99,101.72,214.99,214.99,113.27
ITM-000010750,ORD-00007769,PRD-00041,1,180.99,84.81,180.99,180.99,96.18
ITM-000010751,ORD-00007769,PRD-00099,1,50.99,27.57,50.99,50.99,23.42
ITM-000010752,ORD-00007770,PRD-00019,1,339.99,208.97,339.99,339.99,131.02
ITM-000010753,ORD-00007771,PRD-00072,1,36.99,11.8,36.99,36.99,25.19
ITM-000010754,ORD-00007772,PRD-00014,1,337.99,200.36,337.99,337.99,137.63
ITM-000010755,ORD-00007772,PRD-00003,1,350.49,212.61,350.49,350.49,137.88
ITM-000010756,ORD-00007773,PRD-00047,1,100.99,42.27,100.99,100.99,58.72
ITM-000010757,ORD-00007774,PRD-00083,1,115.99,58.28,115.99,115.99,57.71
ITM-000010758,ORD-00007775,PRD-00047,1,100.99,42.27,100.99,100.99,58.72
ITM-000010759,ORD-00007776,PRD-00085,2,105.99,56.37,211.98,211.98,99.24
ITM-000010760,ORD-00007777,PRD-00088,1,211.99,101.84,211.99,211.99,110.15
ITM-000010761,ORD-00007778,PRD-00015,1,205.99,123.35,205.99,205.99,82.64
ITM-000010762,ORD-00007779,PRD-00056,1,135.49,71.03,135.49,135.49,64.46
ITM-000010763,ORD-00007779,PRD-00020,1,271.99,147.22,271.99,271.99,124.77
ITM-000010764,ORD-00007780,PRD-00075,1,56.99,20.25,56.99,56.99,36.74
ITM-000010765,ORD-00007781,PRD-00058,2,152.99,69.5,305.98,305.98,166.98
ITM-000010766,ORD-00007782,PRD-00008,2,325.99,186.16,651.98,651.98,279.66
ITM-000010767,ORD-00007782,PRD-00082,1,151.49,68.21,151.49,151.49,83.28
ITM-000010768,ORD-00007783,PRD-00045,1,83.49,36.38,83.49,83.49,47.11
ITM-000010769,ORD-00007784,PRD-00068,1,37.49,12.61,37.49,37.49,24.88
ITM-000010770,ORD-00007784,PRD-00022,1,49.99,20.52,49.99,49.99,29.47
ITM-000010771,ORD-00007784,PRD-00055,1,74.99,31.61,74.99,74.99,43.38
ITM-000010772,ORD-00007785,PRD-00064,1,24.99,6.91,24.99,24.99,18.08
ITM-000010773,ORD-00007785,PRD-00033,1,27.99,11.51,27.99,27.99,16.48
ITM-000010774,ORD-00007786,PRD-00094,1,245.99,110.0,245.99,245.99,135.99
ITM-000010775,ORD-00007787,PRD-00011,1,179.99,102.31,179.99,179.99,77.68
ITM-000010776,ORD-00007788,PRD-00039,3,40.99,18.26,122.97,122.97,68.19
ITM-000010777,ORD-00007788,PRD-00059,2,47.49,23.54,94.98,94.98,47.9
ITM-000010778,ORD-00007789,PRD-00061,2,75.99,20.12,151.98,151.98,111.74
ITM-000010779,ORD-00007790,PRD-00084,1,31.99,15.58,31.99,31.99,16.41
ITM-000010780,ORD-00007791,PRD-00079,1,46.49,15.84,46.49,46.49,30.65
ITM-000010781,ORD-00007791,PRD-00037,1,41.99,15.18,41.99,41.99,26.81
ITM-000010782,ORD-00007792,PRD-00027,1,83.99,34.49,83.99,83.99,49.5
ITM-000010783,ORD-00007793,PRD-00031,1,110.99,51.16,110.99,110.99,59.83
ITM-000010784,ORD-00007794,PRD-00032,2,42.49,17.54,84.98,84.98,49.9
ITM-000010785,ORD-00007794,PRD-00077,2,22.99,8.27,45.98,45.98,29.44
ITM-000010786,ORD-00007794,PRD-00012,1,374.49,207.75,374.49,374.49,166.74
ITM-000010787,ORD-00007795,PRD-00014,1,337.99,200.36,337.99,337.99,137.63
ITM-000010788,ORD-00007796,PRD-00044,1,72.99,36.23,72.99,72.99,36.76
ITM-000010789,ORD-00007797,PRD-00096,1,199.99,116.57,199.99,199.99,83.42
ITM-000010790,ORD-00007798,PRD-00034,1,34.99,12.79,34.99,34.99,22.2
ITM-000010791,ORD-00007799,PRD-00014,1,337.99,200.36,337.99,337.99,137.63
ITM-000010792,ORD-00007800,PRD-00091,1,42.99,22.68,42.99,42.99,20.31
ITM-000010793,ORD-00007801,PRD-00026,1,94.99,41.91,94.99,94.99,53.08
ITM-000010794,ORD-00007802,PRD-00045,1,83.49,36.38,83.49,83.49,47.11
ITM-000010795,ORD-00007803,PRD-00082,1,151.49,68.21,151.49,151.49,83.28
ITM-000010796,ORD-00007804,PRD-00015,1,205.99,123.35,205.99,205.99,82.64
ITM-000010797,ORD-00007805,PRD-00057,1,146.49,75.56,146.49,146.49,70.93
ITM-000010798,ORD-00007806,PRD-00046,1,113.49,52.53,113.49,113.49,60.96
ITM-000010799,ORD-00007807,PRD-00078,1,25.99,9.37,25.99,25.99,16.62
ITM-000010800,ORD-00007808,PRD-00081,1,77.99,39.19,77.99,77.99,38.8
ITM-000010801,ORD-00007809,PRD-00095,1,204.99,100.6,204.99,204.99,104.39
ITM-000010802,ORD-00007810,PRD-00080,1,87.99,32.75,87.99,87.99,55.24
ITM-000010803,ORD-00007810,PRD-00051,1,52.99,21.94,52.99,52.99,31.05
ITM-000010804,ORD-00007810,PRD-00065,1,24.99,5.84,24.99,24.99,19.15
ITM-000010805,ORD-00007811,PRD-00065,1,24.99,5.84,24.99,24.99,19.15
ITM-000010806,ORD-00007811,PRD-00027,2,83.99,34.49,167.98,167.98,99.0
ITM-000010807,ORD-00007812,PRD-00027,1,83.99,34.49,83.99,83.99,49.5
ITM-000010808,ORD-00007812,PRD-00045,2,83.49,36.38,166.98,166.98,94.22
ITM-000010809,ORD-00007812,PRD-00030,1,67.99,29.21,67.99,67.99,38.78
ITM-000010810,ORD-00007813,PRD-00039,1,40.99,18.26,40.99,40.99,22.73
ITM-000010811,ORD-00007814,PRD-00043,2,105.99,49.95,211.98,211.98,112.08
ITM-000010812,ORD-00007815,PRD-00010,1,207.99,120.07,207.99,207.99,87.92
ITM-000010813,ORD-00007816,PRD-00059,1,47.49,23.54,47.49,47.49,23.95
ITM-000010814,ORD-00007817,PRD-00067,1,44.99,16.41,44.99,44.99,28.58
ITM-000010815,ORD-00007817,PRD-00066,1,84.99,33.73,84.99,84.99,51.26
ITM-000010816,ORD-00007818,PRD-00054,1,137.99,68.35,137.99,137.99,69.64
ITM-000010817,ORD-00007818,PRD-00091,1,42.99,22.68,42.99,42.99,20.31
ITM-000010818,ORD-00007819,PRD-00065,1,24.99,5.84,24.99,24.99,19.15
ITM-000010819,ORD-00007820,PRD-00083,1,115.99,58.28,115.99,115.99,57.71
ITM-000010820,ORD-00007821,PRD-00055,1,74.99,31.61,74.99,74.99,43.38
ITM-000010821,ORD-00007822,PRD-00086,1,140.99,72.94,140.99,140.99,68.05
ITM-000010822,ORD-00007822,PRD-00031,1,110.99,51.16,110.99,110.99,59.83
ITM-000010823,ORD-00007823,PRD-00062,1,68.49,27.5,68.49,68.49,40.99
ITM-000010824,ORD-00007824,PRD-00055,2,74.99,31.61,149.98,149.98,86.76
ITM-000010825,ORD-00007824,PRD-00085,1,105.99,56.37,105.99,105.99,49.62
ITM-000010826,ORD-00007825,PRD-00033,1,27.99,11.51,27.99,27.99,16.48
ITM-000010827,ORD-00007826,PRD-00077,1,22.99,8.27,22.99,22.99,14.72
ITM-000010828,ORD-00007827,PRD-00003,1,350.49,212.61,350.49,350.49,137.88
ITM-000010829,ORD-00007827,PRD-00084,1,31.99,15.58,31.99,31.99,16.41
ITM-000010830,ORD-00007828,PRD-00038,1,77.49,36.23,77.49,77.49,41.26
ITM-000010831,ORD-00007828,PRD-00082,1,151.49,68.21,151.49,151.49,83.28
ITM-000010832,ORD-00007829,PRD-00079,1,46.49,15.84,46.49,46.49,30.65
ITM-000010833,ORD-00007830,PRD-00045,1,83.49,36.38,83.49,83.49,47.11
ITM-000010834,ORD-00007830,PRD-00061,1,75.99,20.12,75.99,75.99,55.87
ITM-000010835,ORD-00007831,PRD-00060,2,176.49,84.75,352.98,352.98,183.48
ITM-000010836,ORD-00007832,PRD-00070,1,64.99,25.31,64.99,64.99,39.68
ITM-000010837,ORD-00007832,PRD-00001,1,320.99,176.63,320.99,320.99,144.36
ITM-000010838,ORD-00007833,PRD-00100,1,143.99,66.17,143.99,143.99,77.82
ITM-000010839,ORD-00007833,PRD-00059,1,47.49,23.54,47.49,47.49,23.95
ITM-000010840,ORD-00007834,PRD-00047,2,100.99,42.27,201.98,201.98,117.44
ITM-000010841,ORD-00007835,PRD-00008,1,325.99,186.16,325.99,325.99,139.83
ITM-000010842,ORD-00007836,PRD-00042,1,121.99,52.18,121.99,121.99,69.81
ITM-000010843,ORD-00007837,PRD-00002,1,203.99,113.88,203.99,203.99,90.11
ITM-000010844,ORD-00007837,PRD-00091,1,42.99,22.68,42.99,42.99,20.31
ITM-000010845,ORD-00007837,PRD-00070,1,64.99,25.31,64.99,64.99,39.68
ITM-000010846,ORD-00007838,PRD-00090,1,232.99,113.86,232.99,232.99,119.13
ITM-000010847,ORD-00007839,PRD-00086,2,140.99,72.94,281.98,281.98,136.1
ITM-000010848,ORD-00007840,PRD-00008,1,325.99,186.16,325.99,325.99,139.83
ITM-000010849,ORD-00007841,PRD-00053,1,47.99,23.38,47.99,47.99,24.61
ITM-000010850,ORD-00007842,PRD-00047,1,100.99,42.27,100.99,100.99,58.72
ITM-000010851,ORD-00007843,PRD-00010,1,207.99,120.07,207.99,207.99,87.92
ITM-000010852,ORD-00007843,PRD-00010,1,207.99,120.07,207.99,207.99,87.92
ITM-000010853,ORD-00007843,PRD-00050,1,173.99,93.04,173.99,173.99,80.95
ITM-000010854,ORD-00007844,PRD-00034,1,34.99,12.79,34.99,34.99,22.2
ITM-000010855,ORD-00007845,PRD-00002,2,203.99,113.88,407.98,407.98,180.22
ITM-000010856,ORD-00007845,PRD-00011,1,179.99,102.31,179.99,179.99,77.68
ITM-000010857,ORD-00007846,PRD-00066,2,84.99,33.73,169.98,169.98,102.52
ITM-000010858,ORD-00007846,PRD-00018,1,72.99,37.97,72.99,72.99,35.02
ITM-000010859,ORD-00007846,PRD-00054,1,137.99,68.35,137.99,137.99,69.64
ITM-000010860,ORD-00007847,PRD-00021,1,114.99,46.3,114.99,114.99,68.69
ITM-000010861,ORD-00007847,PRD-00067,1,44.99,16.41,44.99,44.99,28.58
ITM-000010862,ORD-00007848,PRD-00099,1,50.99,27.57,50.99,50.99,23.42
ITM-000010863,ORD-00007849,PRD-00065,1,24.99,5.84,24.99,24.99,19.15
ITM-000010864,ORD-00007850,PRD-00007,1,316.99,172.8,316.99,316.99,144.19
ITM-000010865,ORD-00007851,PRD-00008,3,325.99,186.16,977.97,977.97,419.49
ITM-000010866,ORD-00007851,PRD-00077,1,22.99,8.27,22.99,22.99,14.72
ITM-000010867,ORD-00007852,PRD-00022,2,49.99,20.52,99.98,99.98,58.94
ITM-000010868,ORD-00007852,PRD-00014,1,337.99,200.36,337.99,337.99,137.63
ITM-000010869,ORD-00007853,PRD-00042,1,121.99,52.18,121.99,121.99,69.81
ITM-000010870,ORD-00007853,PRD-00006,1,391.99,223.93,391.99,391.99,168.06
ITM-000010871,ORD-00007854,PRD-00021,1,114.99,46.3,114.99,114.99,68.69
ITM-000010872,ORD-00007855,PRD-00015,1,205.99,123.35,205.99,205.99,82.64
ITM-000010873,ORD-00007856,PRD-00038,1,77.49,36.23,77.49,77.49,41.26
ITM-000010874,ORD-00007856,PRD-00037,1,41.99,15.18,41.99,41.99,26.81
ITM-000010875,ORD-00007856,PRD-00028,1,107.49,45.05,107.49,107.49,62.44
ITM-000010876,ORD-00007857,PRD-00096,1,199.99,116.57,199.99,199.99,83.42
ITM-000010877,ORD-00007858,PRD-00081,1,77.99,39.19,77.99,77.99,38.8
ITM-000010878,ORD-00007859,PRD-00014,1,337.99,200.36,337.99,337.99,137.63
ITM-000010879,ORD-00007860,PRD-00012,1,374.49,207.75,374.49,374.49,166.74
ITM-000010880,ORD-00007861,PRD-00074,1,16.99,6.2,16.99,16.99,10.79
ITM-000010881,ORD-00007862,PRD-00042,1,121.99,52.18,121.99,121.99,69.81
ITM-000010882,ORD-00007862,PRD-00076,1,62.99,25.51,62.99,62.99,37.48
ITM-000010883,ORD-00007863,PRD-00074,1,16.99,6.2,16.99,16.99,10.79
ITM-000010884,ORD-00007864,PRD-00008,2,325.99,186.16,651.98,651.98,279.66
ITM-000010885,ORD-00007864,PRD-00044,1,72.99,36.23,72.99,72.99,36.76
ITM-000010886,ORD-00007864,PRD-00034,1,34.99,12.79,34.99,34.99,22.2
ITM-000010887,ORD-00007865,PRD-00031,1,110.99,51.16,110.99,110.99,59.83
ITM-000010888,ORD-00007865,PRD-00048,1,33.49,15.83,33.49,33.49,17.66
ITM-000010889,ORD-00007866,PRD-00002,1,203.99,113.88,203.99,203.99,90.11
ITM-000010890,ORD-00007866,PRD-00014,1,337.99,200.36,337.99,337.99,137.63
ITM-000010891,ORD-00007867,PRD-00075,3,56.99,20.25,170.97,170.97,110.22
ITM-000010892,ORD-00007868,PRD-00066,1,84.99,33.73,84.99,84.99,51.26
ITM-000010893,ORD-00007869,PRD-00012,1,374.49,207.75,374.49,374.49,166.74
ITM-000010894,ORD-00007870,PRD-00023,1,31.99,14.2,31.99,31.99,17.79
ITM-000010895,ORD-00007870,PRD-00025,1,55.99,23.35,55.99,55.99,32.64
ITM-000010896,ORD-00007871,PRD-00037,1,41.99,15.18,41.99,41.99,26.81
ITM-000010897,ORD-00007871,PRD-00010,1,207.99,120.07,207.99,207.99,87.92
ITM-000010898,ORD-00007872,PRD-00069,1,51.99,14.6,51.99,51.99,37.39
ITM-000010899,ORD-00007873,PRD-00024,2,54.99,26.28,109.98,109.98,57.42
ITM-000010900,ORD-00007874,PRD-00077,2,22.99,8.27,45.98,45.98,29.44
ITM-000010901,ORD-00007875,PRD-00082,1,151.49,68.21,151.49,151.49,83.28
ITM-000010902,ORD-00007876,PRD-00038,2,77.49,36.23,154.98,154.98,82.52
ITM-000010903,ORD-00007876,PRD-00050,1,173.99,93.04,173.99,173.99,80.95
ITM-000010904,ORD-00007877,PRD-00018,1,72.99,37.97,72.99,72.99,35.02
ITM-000010905,ORD-00007877,PRD-00026,3,94.99,41.91,284.97,284.97,159.24
ITM-000010906,ORD-00007878,PRD-00083,1,115.99,58.28,115.99,115.99,57.71
ITM-000010907,ORD-00007879,PRD-00091,1,42.99,22.68,42.99,42.99,20.31
ITM-000010908,ORD-00007880,PRD-00006,1,391.99,223.93,391.99,391.99,168.06
ITM-000010909,ORD-00007881,PRD-00052,2,118.49,48.71,236.98,236.98,139.56
ITM-000010910,ORD-00007881,PRD-00053,1,47.99,23.38,47.99,47.99,24.61
ITM-000010911,ORD-00007881,PRD-00054,1,137.99,68.35,137.99,137.99,69.64
ITM-000010912,ORD-00007882,PRD-00033,1,27.99,11.51,27.99,27.99,16.48
ITM-000010913,ORD-00007883,PRD-00034,1,34.99,12.79,34.99,34.99,22.2
ITM-000010914,ORD-00007884,PRD-00089,1,31.99,18.14,31.99,31.99,13.85
ITM-000010915,ORD-00007885,PRD-00042,1,121.99,52.18,121.99,121.99,69.81
ITM-000010916,ORD-00007886,PRD-00003,1,350.49,212.61,350.49,350.49,137.88
ITM-000010917,ORD-00007887,PRD-00060,1,176.49,84.75,176.49,176.49,91.74
ITM-000010918,ORD-00007888,PRD-00053,1,47.99,23.38,47.99,47.99,24.61
ITM-000010919,ORD-00007888,PRD-00005,1,82.99,47.75,82.99,82.99,35.24
ITM-000010920,ORD-00007889,PRD-00090,1,232.99,113.86,232.99,232.99,119.13
ITM-000010921,ORD-00007890,PRD-00058,1,152.99,69.5,152.99,152.99,83.49
ITM-000010922,ORD-00007891,PRD-00064,2,24.99,6.91,49.98,49.98,36.16
ITM-000010923,ORD-00007891,PRD-00037,1,41.99,15.18,41.99,41.99,26.81
ITM-000010924,ORD-00007892,PRD-00073,1,84.49,28.1,84.49,84.49,56.39
ITM-000010925,ORD-00007892,PRD-00055,1,74.99,31.61,74.99,74.99,43.38
ITM-000010926,ORD-00007892,PRD-00045,1,83.49,36.38,83.49,83.49,47.11
ITM-000010927,ORD-00007893,PRD-00028,3,107.49,45.05,322.47,322.47,187.32
ITM-000010928,ORD-00007893,PRD-00029,1,94.49,33.63,94.49,94.49,60.86
ITM-000010929,ORD-00007894,PRD-00030,1,67.99,29.21,67.99,67.99,38.78
ITM-000010930,ORD-00007895,PRD-00056,1,135.49,71.03,135.49,135.49,64.46
ITM-000010931,ORD-00007896,PRD-00097,1,167.49,87.54,167.49,167.49,79.95
ITM-000010932,ORD-00007897,PRD-00013,1,275.99,176.16,275.99,275.99,99.83
ITM-000010933,ORD-00007898,PRD-00040,1,98.99,45.24,98.99,98.99,53.75
ITM-000010934,ORD-00007899,PRD-00084,1,31.99,15.58,31.99,31.99,16.41
ITM-000010935,ORD-00007900,PRD-00050,1,173.99,93.04,173.99,173.99,80.95
ITM-000010936,ORD-00007900,PRD-00044,1,72.99,36.23,72.99,72.99,36.76
ITM-000010937,ORD-00007901,PRD-00069,1,51.99,14.6,51.99,51.99,37.39
ITM-000010938,ORD-00007901,PRD-00032,1,42.49,17.54,42.49,42.49,24.95
ITM-000010939,ORD-00007901,PRD-00074,1,16.99,6.2,16.99,16.99,10.79
ITM-000010940,ORD-00007902,PRD-00007,1,316.99,172.8,316.99,316.99,144.19
ITM-000010941,ORD-00007903,PRD-00080,1,87.99,32.75,87.99,87.99,55.24
ITM-000010942,ORD-00007904,PRD-00040,1,98.99,45.24,98.99,98.99,53.75
ITM-000010943,ORD-00007905,PRD-00086,1,140.99,72.94,140.99,140.99,68.05
ITM-000010944,ORD-00007906,PRD-00024,1,54.99,26.28,54.99,54.99,28.71
ITM-000010945,ORD-00007906,PRD-00069,1,51.99,14.6,51.99,51.99,37.39
ITM-000010946,ORD-00007906,PRD-00052,1,118.49,48.71,118.49,118.49,69.78
ITM-000010947,ORD-00007907,PRD-00016,1,129.99,78.72,129.99,129.99,51.27
ITM-000010948,ORD-00007908,PRD-00082,1,151.49,68.21,151.49,151.49,83.28
ITM-000010949,ORD-00007909,PRD-00098,3,199.49,113.09,598.47,598.47,259.2
ITM-000010950,ORD-00007910,PRD-00010,1,207.99,120.07,207.99,207.99,87.92
ITM-000010951,ORD-00007910,PRD-00059,1,47.49,23.54,47.49,47.49,23.95
ITM-000010952,ORD-00007910,PRD-00056,1,135.49,71.03,135.49,135.49,64.46
ITM-000010953,ORD-00007911,PRD-00085,1,105.99,56.37,105.99,105.99,49.62
ITM-000010954,ORD-00007912,PRD-00010,1,207.99,120.07,207.99,207.99,87.92
ITM-000010955,ORD-00007913,PRD-00066,1,84.99,33.73,84.99,84.99,51.26
ITM-000010956,ORD-00007914,PRD-00020,1,271.99,147.22,271.99,271.99,124.77
ITM-000010957,ORD-00007915,PRD-00001,1,320.99,176.63,320.99,320.99,144.36
ITM-000010958,ORD-00007916,PRD-00029,1,94.49,33.63,94.49,94.49,60.86
ITM-000010959,ORD-00007917,PRD-00002,2,203.99,113.88,407.98,407.98,180.22
ITM-000010960,ORD-00007918,PRD-00020,1,271.99,147.22,271.99,271.99,124.77
ITM-000010961,ORD-00007919,PRD-00038,1,77.49,36.23,77.49,77.49,41.26
ITM-000010962,ORD-00007920,PRD-00070,1,64.99,25.31,64.99,64.99,39.68
ITM-000010963,ORD-00007921,PRD-00014,1,337.99,200.36,337.99,337.99,137.63
ITM-000010964,ORD-00007922,PRD-00080,2,87.99,32.75,175.98,175.98,110.48
ITM-000010965,ORD-00007923,PRD-00053,1,47.99,23.38,47.99,47.99,24.61
ITM-000010966,ORD-00007924,PRD-00074,1,16.99,6.2,16.99,16.99,10.79
ITM-000010967,ORD-00007925,PRD-00047,2,100.99,42.27,201.98,201.98,117.44
ITM-000010968,ORD-00007925,PRD-00042,1,121.99,52.18,121.99,121.99,69.81
ITM-000010969,ORD-00007925,PRD-00067,1,44.99,16.41,44.99,44.99,28.58
ITM-000010970,ORD-00007926,PRD-00035,2,100.99,39.04,201.98,201.98,123.9
ITM-000010971,ORD-00007926,PRD-00075,1,56.99,20.25,56.99,56.99,36.74
ITM-000010972,ORD-00007927,PRD-00025,1,55.99,23.35,55.99,55.99,32.64
ITM-000010973,ORD-00007928,PRD-00087,2,43.99,24.1,87.98,87.98,39.78
ITM-000010974,ORD-00007929,PRD-00004,1,294.49,168.07,294.49,294.49,126.42
ITM-000010975,ORD-00007930,PRD-00027,1,83.99,34.49,83.99,83.99,49.5
ITM-000010976,ORD-00007931,PRD-00026,2,94.99,41.91,189.98,189.98,106.16
ITM-000010977,ORD-00007932,PRD-00045,1,83.49,36.38,83.49,83.49,47.11
ITM-000010978,ORD-00007932,PRD-00016,1,129.99,78.72,129.99,129.99,51.27
ITM-000010979,ORD-00007933,PRD-00031,1,110.99,51.16,110.99,110.99,59.83
ITM-000010980,ORD-00007934,PRD-00046,1,113.49,52.53,113.49,113.49,60.96
ITM-000010981,ORD-00007934,PRD-00024,1,54.99,26.28,54.99,54.99,28.71
ITM-000010982,ORD-00007935,PRD-00059,1,47.49,23.54,47.49,47.49,23.95
ITM-000010983,ORD-00007936,PRD-00084,1,31.99,15.58,31.99,31.99,16.41
ITM-000010984,ORD-00007937,PRD-00057,1,146.49,75.56,146.49,146.49,70.93
ITM-000010985,ORD-00007938,PRD-00064,1,24.99,6.91,24.99,24.99,18.08
ITM-000010986,ORD-00007939,PRD-00095,1,204.99,100.6,204.99,204.99,104.39
ITM-000010987,ORD-00007940,PRD-00074,1,16.99,6.2,16.99,16.99,10.79
ITM-000010988,ORD-00007941,PRD-00004,1,294.49,168.07,294.49,294.49,126.42
ITM-000010989,ORD-00007942,PRD-00056,1,135.49,71.03,135.49,135.49,64.46
ITM-000010990,ORD-00007942,PRD-00077,3,22.99,8.27,68.97,68.97,44.16
ITM-000010991,ORD-00007943,PRD-00022,2,49.99,20.52,99.98,99.98,58.94
ITM-000010992,ORD-00007944,PRD-00088,1,211.99,101.84,211.99,211.99,110.15
ITM-000010993,ORD-00007944,PRD-00005,1,82.99,47.75,82.99,82.99,35.24
ITM-000010994,ORD-00007945,PRD-00043,1,105.99,49.95,105.99,105.99,56.04
ITM-000010995,ORD-00007946,PRD-00098,1,199.49,113.09,199.49,199.49,86.4
ITM-000010996,ORD-00007946,PRD-00042,1,121.99,52.18,121.99,121.99,69.81
ITM-000010997,ORD-00007947,PRD-00036,1,73.99,30.02,73.99,73.99,43.97
ITM-000010998,ORD-00007948,PRD-00029,2,94.49,33.63,188.98,188.98,121.72
ITM-000010999,ORD-00007949,PRD-00060,1,176.49,84.75,176.49,176.49,91.74
ITM-000011000,ORD-00007950,PRD-00048,1,33.49,15.83,33.49,33.49,17.66
ITM-000011001,ORD-00007951,PRD-00052,1,118.49,48.71,118.49,118.49,69.78
ITM-000011002,ORD-00007952,PRD-00060,1,176.49,84.75,176.49,176.49,91.74
ITM-000011003,ORD-00007952,PRD-00093,1,227.99,111.71,227.99,227.99,116.28
ITM-000011004,ORD-00007952,PRD-00037,1,41.99,15.18,41.99,41.99,26.81
ITM-000011005,ORD-00007953,PRD-00043,1,105.99,49.95,105.99,105.99,56.04
ITM-000011006,ORD-00007954,PRD-00043,2,105.99,49.95,211.98,211.98,112.08
ITM-000011007,ORD-00007955,PRD-00070,1,64.99,25.31,64.99,64.99,39.68
ITM-000011008,ORD-00007955,PRD-00083,1,115.99,58.28,115.99,115.99,57.71
ITM-000011009,ORD-00007955,PRD-00009,1,94.99,52.51,94.99,94.99,42.48
ITM-000011010,ORD-00007956,PRD-00045,1,83.49,36.38,83.49,83.49,47.11
ITM-000011011,ORD-00007957,PRD-00048,1,33.49,15.83,33.49,33.49,17.66
ITM-000011012,ORD-00007958,PRD-00011,1,179.99,102.31,179.99,179.99,77.68
ITM-000011013,ORD-00007958,PRD-00051,1,52.99,21.94,52.99,52.99,31.05
ITM-000011014,ORD-00007959,PRD-00066,1,84.99,33.73,84.99,84.99,51.26
ITM-000011015,ORD-00007959,PRD-00069,1,51.99,14.6,51.99,51.99,37.39
ITM-000011016,ORD-00007960,PRD-00098,1,199.49,113.09,199.49,199.49,86.4
ITM-000011017,ORD-00007960,PRD-00011,1,179.99,102.31,179.99,179.99,77.68
ITM-000011018,ORD-00007961,PRD-00028,1,107.49,45.05,107.49,107.49,62.44
ITM-000011019,ORD-00007962,PRD-00083,1,115.99,58.28,115.99,115.99,57.71
ITM-000011020,ORD-00007963,PRD-00011,1,179.99,102.31,179.99,179.99,77.68
ITM-000011021,ORD-00007964,PRD-00047,1,100.99,42.27,100.99,100.99,58.72
ITM-000011022,ORD-00007965,PRD-00012,1,374.49,207.75,374.49,374.49,166.74
ITM-000011023,ORD-00007966,PRD-00052,1,118.49,48.71,118.49,118.49,69.78
ITM-000011024,ORD-00007967,PRD-00056,3,135.49,71.03,406.47,406.47,193.38
ITM-000011025,ORD-00007968,PRD-00086,1,140.99,72.94,140.99,140.99,68.05
ITM-000011026,ORD-00007969,PRD-00034,1,34.99,12.79,34.99,34.99,22.2
ITM-000011027,ORD-00007970,PRD-00073,1,84.49,28.1,84.49,84.49,56.39
ITM-000011028,ORD-00007970,PRD-00058,1,152.99,69.5,152.99,152.99,83.49
ITM-000011029,ORD-00007971,PRD-00044,1,72.99,36.23,72.99,72.99,36.76
ITM-000011030,ORD-00007972,PRD-00095,1,204.99,100.6,204.99,204.99,104.39
ITM-000011031,ORD-00007973,PRD-00019,1,339.99,208.97,339.99,339.99,131.02
ITM-000011032,ORD-00007974,PRD-00027,1,83.99,34.49,83.99,83.99,49.5
ITM-000011033,ORD-00007974,PRD-00017,1,244.99,144.79,244.99,244.99,100.2
ITM-000011034,ORD-00007975,PRD-00012,1,374.49,207.75,374.49,374.49,166.74
ITM-000011035,ORD-00007975,PRD-00046,1,113.49,52.53,113.49,113.49,60.96
ITM-000011036,ORD-00007975,PRD-00084,1,31.99,15.58,31.99,31.99,16.41
ITM-000011037,ORD-00007976,PRD-00075,2,56.99,20.25,113.98,113.98,73.48
ITM-000011038,ORD-00007977,PRD-00079,1,46.49,15.84,46.49,46.49,30.65
ITM-000011039,ORD-00007977,PRD-00056,1,135.49,71.03,135.49,135.49,64.46
ITM-000011040,ORD-00007978,PRD-00088,1,211.99,101.84,211.99,211.99,110.15
ITM-000011041,ORD-00007979,PRD-00019,1,339.99,208.97,339.99,339.99,131.02
ITM-000011042,ORD-00007980,PRD-00027,1,83.99,34.49,83.99,83.99,49.5
ITM-000011043,ORD-00007981,PRD-00040,1,98.99,45.24,98.99,98.99,53.75
ITM-000011044,ORD-00007982,PRD-00044,1,72.99,36.23,72.99,72.99,36.76
ITM-000011045,ORD-00007982,PRD-00009,1,94.99,52.51,94.99,94.99,42.48
ITM-000011046,ORD-00007983,PRD-00025,1,55.99,23.35,55.99,55.99,32.64
ITM-000011047,ORD-00007984,PRD-00033,1,27.99,11.51,27.99,27.99,16.48
ITM-000011048,ORD-00007985,PRD-00100,1,143.99,66.17,143.99,143.99,77.82
ITM-000011049,ORD-00007985,PRD-00073,2,84.49,28.1,168.98,168.98,112.78
ITM-000011050,ORD-00007986,PRD-00041,2,180.99,84.81,361.98,361.98,192.36
ITM-000011051,ORD-00007987,PRD-00032,2,42.49,17.54,84.98,84.98,49.9
ITM-000011052,ORD-00007988,PRD-00043,1,105.99,49.95,105.99,105.99,56.04
ITM-000011053,ORD-00007989,PRD-00042,1,121.99,52.18,121.99,121.99,69.81
ITM-000011054,ORD-00007989,PRD-00034,1,34.99,12.79,34.99,34.99,22.2
ITM-000011055,ORD-00007990,PRD-00023,1,31.99,14.2,31.99,31.99,17.79
ITM-000011056,ORD-00007990,PRD-00006,1,391.99,223.93,391.99,391.99,168.06
ITM-000011057,ORD-00007991,PRD-00043,1,105.99,49.95,105.99,105.99,56.04
ITM-000011058,ORD-00007991,PRD-00084,2,31.99,15.58,63.98,63.98,32.82
ITM-000011059,ORD-00007992,PRD-00074,1,16.99,6.2,16.99,16.99,10.79
ITM-000011060,ORD-00007993,PRD-00041,1,180.99,84.81,180.99,180.99,96.18
ITM-000011061,ORD-00007993,PRD-00077,1,22.99,8.27,22.99,22.99,14.72
ITM-000011062,ORD-00007993,PRD-00044,1,72.99,36.23,72.99,72.99,36.76
ITM-000011063,ORD-00007994,PRD-00087,1,43.99,24.1,43.99,43.99,19.89
ITM-000011064,ORD-00007994,PRD-00076,1,62.99,25.51,62.99,62.99,37.48
ITM-000011065,ORD-00007995,PRD-00035,1,100.99,39.04,100.99,100.99,61.95
ITM-000011066,ORD-00007996,PRD-00061,1,75.99,20.12,75.99,75.99,55.87
ITM-000011067,ORD-00007997,PRD-00061,2,75.99,20.12,151.98,151.98,111.74
ITM-000011068,ORD-00007998,PRD-00035,1,100.99,39.04,100.99,100.99,61.95
ITM-000011069,ORD-00007999,PRD-00021,1,114.99,46.3,114.99,114.99,68.69
ITM-000011070,ORD-00007999,PRD-00068,1,37.49,12.61,37.49,37.49,24.88
ITM-000011071,ORD-00008000,PRD-00015,1,205.99,123.35,205.99,205.99,82.64
ITM-000011072,ORD-00008001,PRD-00045,1,83.49,36.38,83.49,83.49,47.11
ITM-000011073,ORD-00008001,PRD-00005,3,82.99,47.75,248.97,248.97,105.72
ITM-000011074,ORD-00008001,PRD-00093,1,227.99,111.71,227.99,227.99,116.28
ITM-000011075,ORD-00008002,PRD-00008,1,325.99,186.16,325.99,325.99,139.83
ITM-000011076,ORD-00008002,PRD-00008,1,325.99,186.16,325.99,325.99,139.83
ITM-000011077,ORD-00008002,PRD-00064,1,24.99,6.91,24.99,24.99,18.08
ITM-000011078,ORD-00008003,PRD-00073,1,84.49,28.1,84.49,84.49,56.39
ITM-000011079,ORD-00008004,PRD-00067,2,44.99,16.41,89.98,89.98,57.16
ITM-000011080,ORD-00008005,PRD-00033,1,27.99,11.51,27.99,27.99,16.48
ITM-000011081,ORD-00008006,PRD-00035,2,100.99,39.04,201.98,201.98,123.9
ITM-000011082,ORD-00008007,PRD-00018,1,72.99,37.97,72.99,72.99,35.02
ITM-000011083,ORD-00008007,PRD-00053,1,47.99,23.38,47.99,47.99,24.61
ITM-000011084,ORD-00008007,PRD-00064,1,24.99,6.91,24.99,24.99,18.08
ITM-000011085,ORD-00008008,PRD-00034,1,34.99,12.79,34.99,34.99,22.2
ITM-000011086,ORD-00008008,PRD-00097,1,167.49,87.54,167.49,167.49,79.95
ITM-000011087,ORD-00008009,PRD-00044,1,72.99,36.23,72.99,72.99,36.76
ITM-000011088,ORD-00008009,PRD-00027,1,83.99,34.49,83.99,83.99,49.5
ITM-000011089,ORD-00008009,PRD-00100,1,143.99,66.17,143.99,143.99,77.82
ITM-000011090,ORD-00008010,PRD-00071,2,86.99,31.3,173.98,173.98,111.38
ITM-000011091,ORD-00008011,PRD-00014,1,337.99,200.36,337.99,337.99,137.63
ITM-000011092,ORD-00008011,PRD-00006,1,391.99,223.93,391.99,391.99,168.06
ITM-000011093,ORD-00008012,PRD-00074,1,16.99,6.2,16.99,16.99,10.79
ITM-000011094,ORD-00008013,PRD-00098,1,199.49,113.09,199.49,199.49,86.4
ITM-000011095,ORD-00008013,PRD-00003,1,350.49,212.61,350.49,350.49,137.88
ITM-000011096,ORD-00008013,PRD-00069,1,51.99,14.6,51.99,51.99,37.39
ITM-000011097,ORD-00008014,PRD-00058,2,152.99,69.5,305.98,305.98,166.98
ITM-000011098,ORD-00008014,PRD-00033,1,27.99,11.51,27.99,27.99,16.48
ITM-000011099,ORD-00008014,PRD-00093,1,227.99,111.71,227.99,227.99,116.28
ITM-000011100,ORD-00008015,PRD-00037,1,41.99,15.18,41.99,41.99,26.81
ITM-000011101,ORD-00008016,PRD-00002,1,203.99,113.88,203.99,203.99,90.11
ITM-000011102,ORD-00008017,PRD-00008,2,325.99,186.16,651.98,651.98,279.66
ITM-000011103,ORD-00008017,PRD-00035,1,100.99,39.04,100.99,100.99,61.95
ITM-000011104,ORD-00008018,PRD-00037,1,41.99,15.18,41.99,41.99,26.81
ITM-000011105,ORD-00008018,PRD-00100,1,143.99,66.17,143.99,143.99,77.82
ITM-000011106,ORD-00008019,PRD-00091,1,42.99,22.68,42.99,42.99,20.31
ITM-000011107,ORD-00008020,PRD-00072,1,36.99,11.8,36.99,36.99,25.19
ITM-000011108,ORD-00008021,PRD-00078,1,25.99,9.37,25.99,25.99,16.62
ITM-000011109,ORD-00008022,PRD-00095,1,204.99,100.6,204.99,204.99,104.39
ITM-000011110,ORD-00008023,PRD-00038,2,77.49,36.23,154.98,154.98,82.52
ITM-000011111,ORD-00008024,PRD-00096,1,199.99,116.57,199.99,199.99,83.42
ITM-000011112,ORD-00008025,PRD-00048,1,33.49,15.83,33.49,33.49,17.66
ITM-000011113,ORD-00008026,PRD-00076,1,62.99,25.51,62.99,62.99,37.48
ITM-000011114,ORD-00008027,PRD-00011,1,179.99,102.31,179.99,179.99,77.68
ITM-000011115,ORD-00008028,PRD-00033,1,27.99,11.51,27.99,27.99,16.48
ITM-000011116,ORD-00008029,PRD-00086,1,140.99,72.94,140.99,140.99,68.05
ITM-000011117,ORD-00008030,PRD-00011,1,179.99,102.31,179.99,179.99,77.68
ITM-000011118,ORD-00008031,PRD-00019,1,339.99,208.97,339.99,339.99,131.02
ITM-000011119,ORD-00008032,PRD-00005,1,82.99,47.75,82.99,82.99,35.24
ITM-000011120,ORD-00008032,PRD-00064,1,24.99,6.91,24.99,24.99,18.08
ITM-000011121,ORD-00008033,PRD-00009,1,94.99,52.51,94.99,94.99,42.48
ITM-000011122,ORD-00008033,PRD-00018,2,72.99,37.97,145.98,145.98,70.04
ITM-000011123,ORD-00008034,PRD-00098,1,199.49,113.09,199.49,199.49,86.4
ITM-000011124,ORD-00008035,PRD-00004,1,294.49,168.07,294.49,294.49,126.42
ITM-000011125,ORD-00008036,PRD-00044,1,72.99,36.23,72.99,72.99,36.76
ITM-000011126,ORD-00008037,PRD-00027,1,83.99,34.49,83.99,83.99,49.5
ITM-000011127,ORD-00008037,PRD-00038,2,77.49,36.23,154.98,154.98,82.52
ITM-000011128,ORD-00008038,PRD-00066,1,84.99,33.73,84.99,84.99,51.26
ITM-000011129,ORD-00008038,PRD-00040,1,98.99,45.24,98.99,98.99,53.75
ITM-000011130,ORD-00008039,PRD-00050,1,173.99,93.04,173.99,173.99,80.95
ITM-000011131,ORD-00008040,PRD-00065,1,24.99,5.84,24.99,24.99,19.15
ITM-000011132,ORD-00008040,PRD-00074,1,16.99,6.2,16.99,16.99,10.79
ITM-000011133,ORD-00008040,PRD-00060,3,176.49,84.75,529.47,529.47,275.22
ITM-000011134,ORD-00008041,PRD-00048,1,33.49,15.83,33.49,33.49,17.66
ITM-000011135,ORD-00008042,PRD-00051,1,52.99,21.94,52.99,52.99,31.05
ITM-000011136,ORD-00008043,PRD-00070,1,64.99,25.31,64.99,64.99,39.68
ITM-000011137,ORD-00008044,PRD-00064,1,24.99,6.91,24.99,24.99,18.08
ITM-000011138,ORD-00008045,PRD-00034,2,34.99,12.79,69.98,69.98,44.4
ITM-000011139,ORD-00008046,PRD-00017,2,244.99,144.79,489.98,489.98,200.4
ITM-000011140,ORD-00008047,PRD-00027,2,83.99,34.49,167.98,167.98,99.0
ITM-000011141,ORD-00008048,PRD-00024,1,54.99,26.28,54.99,54.99,28.71
ITM-000011142,ORD-00008049,PRD-00098,1,199.49,113.09,199.49,199.49,86.4
ITM-000011143,ORD-00008050,PRD-00082,2,151.49,68.21,302.98,302.98,166.56
ITM-000011144,ORD-00008051,PRD-00038,1,77.49,36.23,77.49,77.49,41.26
ITM-000011145,ORD-00008052,PRD-00080,1,87.99,32.75,87.99,87.99,55.24
ITM-000011146,ORD-00008052,PRD-00014,1,337.99,200.36,337.99,337.99,137.63
ITM-000011147,ORD-00008053,PRD-00010,2,207.99,120.07,415.98,415.98,175.84
ITM-000011148,ORD-00008053,PRD-00014,1,337.99,200.36,337.99,337.99,137.63
ITM-000011149,ORD-00008053,PRD-00036,2,73.99,30.02,147.98,147.98,87.94
ITM-000011150,ORD-00008054,PRD-00083,1,115.99,58.28,115.99,115.99,57.71
ITM-000011151,ORD-00008054,PRD-00044,1,72.99,36.23,72.99,72.99,36.76
ITM-000011152,ORD-00008054,PRD-00074,2,16.99,6.2,33.98,33.98,21.58
ITM-000011153,ORD-00008055,PRD-00015,1,205.99,123.35,205.99,205.99,82.64
ITM-000011154,ORD-00008056,PRD-00057,1,146.49,75.56,146.49,146.49,70.93
ITM-000011155,ORD-00008057,PRD-00063,1,70.49,27.76,70.49,70.49,42.73
ITM-000011156,ORD-00008057,PRD-00007,1,316.99,172.8,316.99,316.99,144.19
ITM-000011157,ORD-00008058,PRD-00061,1,75.99,20.12,75.99,75.99,55.87
ITM-000011158,ORD-00008059,PRD-00036,1,73.99,30.02,73.99,73.99,43.97
ITM-000011159,ORD-00008060,PRD-00064,1,24.99,6.91,24.99,24.99,18.08
ITM-000011160,ORD-00008060,PRD-00085,1,105.99,56.37,105.99,105.99,49.62
ITM-000011161,ORD-00008061,PRD-00086,3,140.99,72.94,422.97,422.97,204.15
ITM-000011162,ORD-00008061,PRD-00039,3,40.99,18.26,122.97,122.97,68.19
ITM-000011163,ORD-00008062,PRD-00011,1,179.99,102.31,179.99,179.99,77.68
ITM-000011164,ORD-00008063,PRD-00022,1,49.99,20.52,49.99,49.99,29.47
ITM-000011165,ORD-00008064,PRD-00098,2,199.49,113.09,398.98,398.98,172.8
ITM-000011166,ORD-00008065,PRD-00087,1,43.99,24.1,43.99,43.99,19.89
ITM-000011167,ORD-00008066,PRD-00070,1,64.99,25.31,64.99,64.99,39.68
ITM-000011168,ORD-00008067,PRD-00029,1,94.49,33.63,94.49,94.49,60.86
ITM-000011169,ORD-00008067,PRD-00082,1,151.49,68.21,151.49,151.49,83.28
ITM-000011170,ORD-00008068,PRD-00099,1,50.99,27.57,50.99,50.99,23.42
ITM-000011171,ORD-00008069,PRD-00020,1,271.99,147.22,271.99,271.99,124.77
ITM-000011172,ORD-00008070,PRD-00011,1,179.99,102.31,179.99,179.99,77.68
ITM-000011173,ORD-00008070,PRD-00002,1,203.99,113.88,203.99,203.99,90.11
ITM-000011174,ORD-00008071,PRD-00047,1,100.99,42.27,100.99,100.99,58.72
ITM-000011175,ORD-00008071,PRD-00027,1,83.99,34.49,83.99,83.99,49.5
ITM-000011176,ORD-00008072,PRD-00029,1,94.49,33.63,94.49,94.49,60.86
ITM-000011177,ORD-00008072,PRD-00021,2,114.99,46.3,229.98,229.98,137.38
ITM-000011178,ORD-00008073,PRD-00009,2,94.99,52.51,189.98,189.98,84.96
ITM-000011179,ORD-00008074,PRD-00047,1,100.99,42.27,100.99,100.99,58.72
ITM-000011180,ORD-00008075,PRD-00030,1,67.99,29.21,67.99,67.99,38.78
ITM-000011181,ORD-00008076,PRD-00031,2,110.99,51.16,221.98,221.98,119.66
ITM-000011182,ORD-00008077,PRD-00002,1,203.99,113.88,203.99,203.99,90.11
ITM-000011183,ORD-00008078,PRD-00010,1,207.99,120.07,207.99,207.99,87.92
ITM-000011184,ORD-00008078,PRD-00048,1,33.49,15.83,33.49,33.49,17.66
ITM-000011185,ORD-00008079,PRD-00092,1,214.99,101.72,214.99,214.99,113.27
ITM-000011186,ORD-00008080,PRD-00002,1,203.99,113.88,203.99,203.99,90.11
ITM-000011187,ORD-00008081,PRD-00079,1,46.49,15.84,46.49,46.49,30.65
ITM-000011188,ORD-00008081,PRD-00025,2,55.99,23.35,111.98,111.98,65.28
ITM-000011189,ORD-00008082,PRD-00029,1,94.49,33.63,94.49,94.49,60.86
ITM-000011190,ORD-00008083,PRD-00064,1,24.99,6.91,24.99,24.99,18.08
ITM-000011191,ORD-00008084,PRD-00073,1,84.49,28.1,84.49,84.49,56.39
ITM-000011192,ORD-00008085,PRD-00060,1,176.49,84.75,176.49,176.49,91.74
ITM-000011193,ORD-00008086,PRD-00011,1,179.99,102.31,179.99,179.99,77.68
ITM-000011194,ORD-00008086,PRD-00002,1,203.99,113.88,203.99,203.99,90.11
ITM-000011195,ORD-00008087,PRD-00035,1,100.99,39.04,100.99,100.99,61.95
ITM-000011196,ORD-00008088,PRD-00037,1,41.99,15.18,41.99,41.99,26.81
ITM-000011197,ORD-00008088,PRD-00053,1,47.99,23.38,47.99,47.99,24.61
ITM-000011198,ORD-00008089,PRD-00063,1,70.49,27.76,70.49,70.49,42.73
ITM-000011199,ORD-00008089,PRD-00055,1,74.99,31.61,74.99,74.99,43.38
ITM-000011200,ORD-00008090,PRD-00050,1,173.99,93.04,173.99,173.99,80.95
ITM-000011201,ORD-00008091,PRD-00015,2,205.99,123.35,411.98,411.98,165.28
ITM-000011202,ORD-00008092,PRD-00082,1,151.49,68.21,151.49,151.49,83.28
ITM-000011203,ORD-00008092,PRD-00045,2,83.49,36.38,166.98,166.98,94.22
ITM-000011204,ORD-00008092,PRD-00059,1,47.49,23.54,47.49,47.49,23.95
ITM-000011205,ORD-00008093,PRD-00068,1,37.49,12.61,37.49,37.49,24.88
ITM-000011206,ORD-00008094,PRD-00070,1,64.99,25.31,64.99,64.99,39.68
ITM-000011207,ORD-00008095,PRD-00086,1,140.99,72.94,140.99,140.99,68.05
ITM-000011208,ORD-00008095,PRD-00089,1,31.99,18.14,31.99,31.99,13.85
ITM-000011209,ORD-00008095,PRD-00071,1,86.99,31.3,86.99,86.99,55.69
ITM-000011210,ORD-00008096,PRD-00015,1,205.99,123.35,205.99,205.99,82.64
ITM-000011211,ORD-00008096,PRD-00086,1,140.99,72.94,140.99,140.99,68.05
ITM-000011212,ORD-00008097,PRD-00061,1,75.99,20.12,75.99,75.99,55.87
ITM-000011213,ORD-00008098,PRD-00065,1,24.99,5.84,24.99,24.99,19.15
ITM-000011214,ORD-00008098,PRD-00094,1,245.99,110.0,245.99,245.99,135.99
ITM-000011215,ORD-00008098,PRD-00044,1,72.99,36.23,72.99,72.99,36.76
ITM-000011216,ORD-00008099,PRD-00057,1,146.49,75.56,146.49,146.49,70.93
ITM-000011217,ORD-00008100,PRD-00029,1,94.49,33.63,94.49,94.49,60.86
ITM-000011218,ORD-00008101,PRD-00037,1,41.99,15.18,41.99,41.99,26.81
ITM-000011219,ORD-00008102,PRD-00058,1,152.99,69.5,152.99,152.99,83.49
ITM-000011220,ORD-00008102,PRD-00043,1,105.99,49.95,105.99,105.99,56.04
ITM-000011221,ORD-00008103,PRD-00022,1,49.99,20.52,49.99,49.99,29.47
ITM-000011222,ORD-00008103,PRD-00071,1,86.99,31.3,86.99,86.99,55.69
ITM-000011223,ORD-00008104,PRD-00075,1,56.99,20.25,56.99,56.99,36.74
ITM-000011224,ORD-00008105,PRD-00052,1,118.49,48.71,118.49,118.49,69.78
ITM-000011225,ORD-00008105,PRD-00002,1,203.99,113.88,203.99,203.99,90.11
ITM-000011226,ORD-00008106,PRD-00069,1,51.99,14.6,51.99,51.99,37.39
ITM-000011227,ORD-00008107,PRD-00034,1,34.99,12.79,34.99,34.99,22.2
ITM-000011228,ORD-00008108,PRD-00100,1,143.99,66.17,143.99,143.99,77.82
ITM-000011229,ORD-00008109,PRD-00088,1,211.99,101.84,211.99,211.99,110.15
ITM-000011230,ORD-00008110,PRD-00035,1,100.99,39.04,100.99,100.99,61.95
ITM-000011231,ORD-00008110,PRD-00022,3,49.99,20.52,149.97,149.97,88.41
ITM-000011232,ORD-00008111,PRD-00001,1,320.99,176.63,320.99,320.99,144.36
ITM-000011233,ORD-00008112,PRD-00058,1,152.99,69.5,152.99,152.99,83.49
ITM-000011234,ORD-00008112,PRD-00039,1,40.99,18.26,40.99,40.99,22.73
ITM-000011235,ORD-00008113,PRD-00100,1,143.99,66.17,143.99,143.99,77.82
ITM-000011236,ORD-00008113,PRD-00029,1,94.49,33.63,94.49,94.49,60.86
ITM-000011237,ORD-00008114,PRD-00027,1,83.99,34.49,83.99,83.99,49.5
ITM-000011238,ORD-00008114,PRD-00032,1,42.49,17.54,42.49,42.49,24.95
ITM-000011239,ORD-00008115,PRD-00091,1,42.99,22.68,42.99,42.99,20.31
ITM-000011240,ORD-00008116,PRD-00020,1,271.99,147.22,271.99,271.99,124.77
ITM-000011241,ORD-00008117,PRD-00077,2,22.99,8.27,45.98,45.98,29.44
ITM-000011242,ORD-00008118,PRD-00005,1,82.99,47.75,82.99,82.99,35.24
ITM-000011243,ORD-00008119,PRD-00088,2,211.99,101.84,423.98,423.98,220.3
ITM-000011244,ORD-00008120,PRD-00051,2,52.99,21.94,105.98,105.98,62.1
ITM-000011245,ORD-00008121,PRD-00024,1,54.99,26.28,54.99,54.99,28.71
ITM-000011246,ORD-00008122,PRD-00031,1,110.99,51.16,110.99,110.99,59.83
ITM-000011247,ORD-00008123,PRD-00076,1,62.99,25.51,62.99,62.99,37.48
ITM-000011248,ORD-00008124,PRD-00035,1,100.99,39.04,100.99,100.99,61.95
ITM-000011249,ORD-00008125,PRD-00086,1,140.99,72.94,140.99,140.99,68.05
ITM-000011250,ORD-00008126,PRD-00071,1,86.99,31.3,86.99,86.99,55.69
ITM-000011251,ORD-00008127,PRD-00100,1,143.99,66.17,143.99,143.99,77.82
ITM-000011252,ORD-00008128,PRD-00001,1,320.99,176.63,320.99,320.99,144.36
ITM-000011253,ORD-00008128,PRD-00054,1,137.99,68.35,137.99,137.99,69.64
ITM-000011254,ORD-00008128,PRD-00069,1,51.99,14.6,51.99,51.99,37.39
ITM-000011255,ORD-00008129,PRD-00083,1,115.99,58.28,115.99,115.99,57.71
ITM-000011256,ORD-00008130,PRD-00094,1,245.99,110.0,245.99,245.99,135.99
ITM-000011257,ORD-00008131,PRD-00058,1,152.99,69.5,152.99,152.99,83.49
ITM-000011258,ORD-00008132,PRD-00087,1,43.99,24.1,43.99,43.99,19.89
ITM-000011259,ORD-00008133,PRD-00039,1,40.99,18.26,40.99,40.99,22.73
ITM-000011260,ORD-00008133,PRD-00085,3,105.99,56.37,317.97,317.97,148.86
ITM-000011261,ORD-00008134,PRD-00051,1,52.99,21.94,52.99,52.99,31.05
ITM-000011262,ORD-00008134,PRD-00100,3,143.99,66.17,431.97,431.97,233.46
ITM-000011263,ORD-00008134,PRD-00005,1,82.99,47.75,82.99,82.99,35.24
ITM-000011264,ORD-00008135,PRD-00071,2,86.99,31.3,173.98,173.98,111.38
ITM-000011265,ORD-00008136,PRD-00095,1,204.99,100.6,204.99,204.99,104.39
ITM-000011266,ORD-00008137,PRD-00019,1,339.99,208.97,339.99,339.99,131.02
ITM-000011267,ORD-00008138,PRD-00087,1,43.99,24.1,43.99,43.99,19.89
ITM-000011268,ORD-00008139,PRD-00020,1,271.99,147.22,271.99,271.99,124.77
ITM-000011269,ORD-00008140,PRD-00082,1,151.49,68.21,151.49,151.49,83.28
ITM-000011270,ORD-00008141,PRD-00048,1,33.49,15.83,33.49,33.49,17.66
ITM-000011271,ORD-00008142,PRD-00031,1,110.99,51.16,110.99,110.99,59.83
ITM-000011272,ORD-00008143,PRD-00033,1,27.99,11.51,27.99,27.99,16.48
ITM-000011273,ORD-00008143,PRD-00093,1,227.99,111.71,227.99,227.99,116.28
ITM-000011274,ORD-00008144,PRD-00054,2,137.99,68.35,275.98,275.98,139.28
ITM-000011275,ORD-00008145,PRD-00048,1,33.49,15.83,33.49,33.49,17.66
ITM-000011276,ORD-00008145,PRD-00030,1,67.99,29.21,67.99,67.99,38.78
ITM-000011277,ORD-00008146,PRD-00013,1,275.99,176.16,275.99,275.99,99.83
ITM-000011278,ORD-00008146,PRD-00007,1,316.99,172.8,316.99,316.99,144.19
ITM-000011279,ORD-00008147,PRD-00007,1,316.99,172.8,316.99,316.99,144.19
ITM-000011280,ORD-00008147,PRD-00012,2,374.49,207.75,748.98,748.98,333.48
ITM-000011281,ORD-00008148,PRD-00043,1,105.99,49.95,105.99,105.99,56.04
ITM-000011282,ORD-00008149,PRD-00097,1,167.49,87.54,167.49,167.49,79.95
ITM-000011283,ORD-00008150,PRD-00016,2,129.99,78.72,259.98,259.98,102.54
ITM-000011284,ORD-00008151,PRD-00083,1,115.99,58.28,115.99,115.99,57.71
ITM-000011285,ORD-00008152,PRD-00024,1,54.99,26.28,54.99,54.99,28.71
ITM-000011286,ORD-00008153,PRD-00074,1,16.99,6.2,16.99,16.99,10.79
ITM-000011287,ORD-00008153,PRD-00017,2,244.99,144.79,489.98,489.98,200.4
ITM-000011288,ORD-00008154,PRD-00037,1,41.99,15.18,41.99,41.99,26.81
ITM-000011289,ORD-00008155,PRD-00028,1,107.49,45.05,107.49,107.49,62.44
ITM-000011290,ORD-00008155,PRD-00015,1,205.99,123.35,205.99,205.99,82.64
ITM-000011291,ORD-00008156,PRD-00100,1,143.99,66.17,143.99,143.99,77.82
ITM-000011292,ORD-00008156,PRD-00064,1,24.99,6.91,24.99,24.99,18.08
ITM-000011293,ORD-00008157,PRD-00085,1,105.99,56.37,105.99,105.99,49.62
ITM-000011294,ORD-00008157,PRD-00058,1,152.99,69.5,152.99,152.99,83.49
ITM-000011295,ORD-00008158,PRD-00049,1,162.99,86.22,162.99,162.99,76.77
ITM-000011296,ORD-00008158,PRD-00025,1,55.99,23.35,55.99,55.99,32.64
ITM-000011297,ORD-00008159,PRD-00081,1,77.99,39.19,77.99,77.99,38.8
ITM-000011298,ORD-00008160,PRD-00062,1,68.49,27.5,68.49,68.49,40.99
ITM-000011299,ORD-00008160,PRD-00027,2,83.99,34.49,167.98,167.98,99.0
ITM-000011300,ORD-00008160,PRD-00047,1,100.99,42.27,100.99,100.99,58.72
ITM-000011301,ORD-00008161,PRD-00044,1,72.99,36.23,72.99,72.99,36.76
ITM-000011302,ORD-00008162,PRD-00097,1,167.49,87.54,167.49,167.49,79.95
ITM-000011303,ORD-00008163,PRD-00031,1,110.99,51.16,110.99,110.99,59.83
ITM-000011304,ORD-00008164,PRD-00050,1,173.99,93.04,173.99,173.99,80.95
ITM-000011305,ORD-00008165,PRD-00069,1,51.99,14.6,51.99,51.99,37.39
ITM-000011306,ORD-00008166,PRD-00005,1,82.99,47.75,82.99,82.99,35.24
ITM-000011307,ORD-00008167,PRD-00002,1,203.99,113.88,203.99,203.99,90.11
ITM-000011308,ORD-00008168,PRD-00031,1,110.99,51.16,110.99,110.99,59.83
ITM-000011309,ORD-00008169,PRD-00021,1,114.99,46.3,114.99,114.99,68.69
ITM-000011310,ORD-00008170,PRD-00009,1,94.99,52.51,94.99,94.99,42.48
ITM-000011311,ORD-00008171,PRD-00020,2,271.99,147.22,543.98,543.98,249.54
ITM-000011312,ORD-00008171,PRD-00034,1,34.99,12.79,34.99,34.99,22.2
ITM-000011313,ORD-00008172,PRD-00022,2,49.99,20.52,99.98,99.98,58.94
ITM-000011314,ORD-00008173,PRD-00073,1,84.49,28.1,84.49,84.49,56.39
ITM-000011315,ORD-00008173,PRD-00034,2,34.99,12.79,69.98,69.98,44.4
ITM-000011316,ORD-00008174,PRD-00011,1,179.99,102.31,179.99,179.99,77.68
ITM-000011317,ORD-00008175,PRD-00084,1,31.99,15.58,31.99,31.99,16.41
ITM-000011318,ORD-00008176,PRD-00039,2,40.99,18.26,81.98,81.98,45.46
ITM-000011319,ORD-00008177,PRD-00088,1,211.99,101.84,211.99,211.99,110.15
ITM-000011320,ORD-00008178,PRD-00003,1,350.49,212.61,350.49,350.49,137.88
ITM-000011321,ORD-00008179,PRD-00011,1,179.99,102.31,179.99,179.99,77.68
ITM-000011322,ORD-00008180,PRD-00013,1,275.99,176.16,275.99,275.99,99.83
ITM-000011323,ORD-00008180,PRD-00063,1,70.49,27.76,70.49,70.49,42.73
ITM-000011324,ORD-00008181,PRD-00017,1,244.99,144.79,244.99,244.99,100.2
ITM-000011325,ORD-00008181,PRD-00015,1,205.99,123.35,205.99,205.99,82.64
ITM-000011326,ORD-00008182,PRD-00064,1,24.99,6.91,24.99,24.99,18.08
ITM-000011327,ORD-00008183,PRD-00040,1,98.99,45.24,98.99,98.99,53.75
ITM-000011328,ORD-00008183,PRD-00097,1,167.49,87.54,167.49,167.49,79.95
ITM-000011329,ORD-00008184,PRD-00001,1,320.99,176.63,320.99,320.99,144.36
ITM-000011330,ORD-00008185,PRD-00049,2,162.99,86.22,325.98,325.98,153.54
ITM-000011331,ORD-00008185,PRD-00074,1,16.99,6.2,16.99,16.99,10.79
ITM-000011332,ORD-00008186,PRD-00069,1,51.99,14.6,51.99,51.99,37.39
ITM-000011333,ORD-00008187,PRD-00085,1,105.99,56.37,105.99,105.99,49.62
ITM-000011334,ORD-00008188,PRD-00014,1,337.99,200.36,337.99,337.99,137.63
ITM-000011335,ORD-00008188,PRD-00060,1,176.49,84.75,176.49,176.49,91.74
ITM-000011336,ORD-00008189,PRD-00037,1,41.99,15.18,41.99,41.99,26.81
ITM-000011337,ORD-00008189,PRD-00094,1,245.99,110.0,245.99,245.99,135.99
ITM-000011338,ORD-00008190,PRD-00001,1,320.99,176.63,320.99,320.99,144.36
ITM-000011339,ORD-00008191,PRD-00025,1,55.99,23.35,55.99,55.99,32.64
ITM-000011340,ORD-00008192,PRD-00078,1,25.99,9.37,25.99,25.99,16.62
ITM-000011341,ORD-00008193,PRD-00079,2,46.49,15.84,92.98,92.98,61.3
ITM-000011342,ORD-00008194,PRD-00014,1,337.99,200.36,337.99,337.99,137.63
ITM-000011343,ORD-00008195,PRD-00061,1,75.99,20.12,75.99,75.99,55.87
ITM-000011344,ORD-00008195,PRD-00023,1,31.99,14.2,31.99,31.99,17.79
ITM-000011345,ORD-00008196,PRD-00041,1,180.99,84.81,180.99,180.99,96.18
ITM-000011346,ORD-00008197,PRD-00097,1,167.49,87.54,167.49,167.49,79.95
ITM-000011347,ORD-00008198,PRD-00088,1,211.99,101.84,211.99,211.99,110.15
ITM-000011348,ORD-00008199,PRD-00082,3,151.49,68.21,454.47,454.47,249.84
ITM-000011349,ORD-00008200,PRD-00096,1,199.99,116.57,199.99,199.99,83.42
ITM-000011350,ORD-00008201,PRD-00055,1,74.99,31.61,74.99,74.99,43.38
ITM-000011351,ORD-00008202,PRD-00056,1,135.49,71.03,135.49,135.49,64.46
ITM-000011352,ORD-00008203,PRD-00083,2,115.99,58.28,231.98,231.98,115.42
ITM-000011353,ORD-00008204,PRD-00024,1,54.99,26.28,54.99,54.99,28.71
ITM-000011354,ORD-00008205,PRD-00087,1,43.99,24.1,43.99,43.99,19.89
ITM-000011355,ORD-00008205,PRD-00043,1,105.99,49.95,105.99,105.99,56.04
ITM-000011356,ORD-00008206,PRD-00063,1,70.49,27.76,70.49,70.49,42.73
ITM-000011357,ORD-00008207,PRD-00038,1,77.49,36.23,77.49,77.49,41.26
ITM-000011358,ORD-00008208,PRD-00068,1,37.49,12.61,37.49,37.49,24.88
ITM-000011359,ORD-00008209,PRD-00080,1,87.99,32.75,87.99,87.99,55.24
ITM-000011360,ORD-00008209,PRD-00001,1,320.99,176.63,320.99,320.99,144.36
ITM-000011361,ORD-00008210,PRD-00097,1,167.49,87.54,167.49,167.49,79.95
ITM-000011362,ORD-00008211,PRD-00051,1,52.99,21.94,52.99,52.99,31.05
ITM-000011363,ORD-00008211,PRD-00004,1,294.49,168.07,294.49,294.49,126.42
ITM-000011364,ORD-00008212,PRD-00017,1,244.99,144.79,244.99,244.99,100.2
ITM-000011365,ORD-00008213,PRD-00087,1,43.99,24.1,43.99,43.99,19.89
ITM-000011366,ORD-00008214,PRD-00056,1,135.49,71.03,135.49,135.49,64.46
ITM-000011367,ORD-00008215,PRD-00098,1,199.49,113.09,199.49,199.49,86.4
ITM-000011368,ORD-00008216,PRD-00083,1,115.99,58.28,115.99,115.99,57.71
ITM-000011369,ORD-00008217,PRD-00046,1,113.49,52.53,113.49,113.49,60.96
ITM-000011370,ORD-00008218,PRD-00019,2,339.99,208.97,679.98,679.98,262.04
ITM-000011371,ORD-00008218,PRD-00002,1,203.99,113.88,203.99,203.99,90.11
ITM-000011372,ORD-00008218,PRD-00041,1,180.99,84.81,180.99,180.99,96.18
ITM-000011373,ORD-00008219,PRD-00072,1,36.99,11.8,36.99,36.99,25.19
ITM-000011374,ORD-00008220,PRD-00006,1,391.99,223.93,391.99,391.99,168.06
ITM-000011375,ORD-00008221,PRD-00061,1,75.99,20.12,75.99,75.99,55.87
ITM-000011376,ORD-00008222,PRD-00090,1,232.99,113.86,232.99,232.99,119.13
ITM-000011377,ORD-00008222,PRD-00040,2,98.99,45.24,197.98,197.98,107.5
ITM-000011378,ORD-00008223,PRD-00067,1,44.99,16.41,44.99,44.99,28.58
ITM-000011379,ORD-00008223,PRD-00095,2,204.99,100.6,409.98,409.98,208.78
ITM-000011380,ORD-00008224,PRD-00041,1,180.99,84.81,180.99,180.99,96.18
ITM-000011381,ORD-00008224,PRD-00055,1,74.99,31.61,74.99,74.99,43.38
ITM-000011382,ORD-00008225,PRD-00030,1,67.99,29.21,67.99,67.99,38.78
ITM-000011383,ORD-00008226,PRD-00028,1,107.49,45.05,107.49,107.49,62.44
ITM-000011384,ORD-00008226,PRD-00008,1,325.99,186.16,325.99,325.99,139.83
ITM-000011385,ORD-00008226,PRD-00068,1,37.49,12.61,37.49,37.49,24.88
ITM-000011386,ORD-00008227,PRD-00099,1,50.99,27.57,50.99,50.99,23.42
ITM-000011387,ORD-00008228,PRD-00050,1,173.99,93.04,173.99,173.99,80.95
ITM-000011388,ORD-00008229,PRD-00069,1,51.99,14.6,51.99,51.99,37.39
ITM-000011389,ORD-00008230,PRD-00031,1,110.99,51.16,110.99,110.99,59.83
ITM-000011390,ORD-00008230,PRD-00017,1,244.99,144.79,244.99,244.99,100.2
ITM-000011391,ORD-00008231,PRD-00055,2,74.99,31.61,149.98,149.98,86.76
ITM-000011392,ORD-00008231,PRD-00073,1,84.49,28.1,84.49,84.49,56.39
ITM-000011393,ORD-00008232,PRD-00082,2,151.49,68.21,302.98,302.98,166.56
ITM-000011394,ORD-00008233,PRD-00005,1,82.99,47.75,82.99,82.99,35.24
ITM-000011395,ORD-00008233,PRD-00007,1,316.99,172.8,316.99,316.99,144.19
ITM-000011396,ORD-00008234,PRD-00052,1,118.49,48.71,118.49,118.49,69.78
ITM-000011397,ORD-00008235,PRD-00029,1,94.49,33.63,94.49,94.49,60.86
ITM-000011398,ORD-00008236,PRD-00055,1,74.99,31.61,74.99,74.99,43.38
ITM-000011399,ORD-00008237,PRD-00044,1,72.99,36.23,72.99,72.99,36.76
ITM-000011400,ORD-00008237,PRD-00036,1,73.99,30.02,73.99,73.99,43.97
ITM-000011401,ORD-00008237,PRD-00031,1,110.99,51.16,110.99,110.99,59.83
ITM-000011402,ORD-00008238,PRD-00094,1,245.99,110.0,245.99,245.99,135.99
ITM-000011403,ORD-00008239,PRD-00023,1,31.99,14.2,31.99,31.99,17.79
ITM-000011404,ORD-00008240,PRD-00010,1,207.99,120.07,207.99,207.99,87.92
ITM-000011405,ORD-00008241,PRD-00016,1,129.99,78.72,129.99,129.99,51.27
ITM-000011406,ORD-00008242,PRD-00069,3,51.99,14.6,155.97,155.97,112.17
ITM-000011407,ORD-00008243,PRD-00068,1,37.49,12.61,37.49,37.49,24.88
ITM-000011408,ORD-00008244,PRD-00092,1,214.99,101.72,214.99,214.99,113.27
ITM-000011409,ORD-00008245,PRD-00013,1,275.99,176.16,275.99,275.99,99.83
ITM-000011410,ORD-00008246,PRD-00046,1,113.49,52.53,113.49,113.49,60.96
ITM-000011411,ORD-00008246,PRD-00090,1,232.99,113.86,232.99,232.99,119.13
ITM-000011412,ORD-00008247,PRD-00060,1,176.49,84.75,176.49,176.49,91.74
ITM-000011413,ORD-00008248,PRD-00089,1,31.99,18.14,31.99,31.99,13.85
ITM-000011414,ORD-00008249,PRD-00039,1,40.99,18.26,40.99,40.99,22.73
ITM-000011415,ORD-00008250,PRD-00061,1,75.99,20.12,75.99,75.99,55.87
ITM-000011416,ORD-00008251,PRD-00035,1,100.99,39.04,100.99,100.99,61.95
ITM-000011417,ORD-00008252,PRD-00007,1,316.99,172.8,316.99,316.99,144.19
ITM-000011418,ORD-00008253,PRD-00055,1,74.99,31.61,74.99,74.99,43.38
ITM-000011419,ORD-00008253,PRD-00014,1,337.99,200.36,337.99,337.99,137.63
ITM-000011420,ORD-00008254,PRD-00052,1,118.49,48.71,118.49,118.49,69.78
ITM-000011421,ORD-00008254,PRD-00017,1,244.99,144.79,244.99,244.99,100.2
ITM-000011422,ORD-00008255,PRD-00026,2,94.99,41.91,189.98,189.98,106.16
ITM-000011423,ORD-00008256,PRD-00040,1,98.99,45.24,98.99,98.99,53.75
ITM-000011424,ORD-00008257,PRD-00100,1,143.99,66.17,143.99,143.99,77.82
ITM-000011425,ORD-00008258,PRD-00035,1,100.99,39.04,100.99,100.99,61.95
ITM-000011426,ORD-00008259,PRD-00038,1,77.49,36.23,77.49,77.49,41.26
ITM-000011427,ORD-00008259,PRD-00044,2,72.99,36.23,145.98,145.98,73.52
ITM-000011428,ORD-00008260,PRD-00010,1,207.99,120.07,207.99,207.99,87.92
ITM-000011429,ORD-00008261,PRD-00083,1,115.99,58.28,115.99,115.99,57.71
ITM-000011430,ORD-00008262,PRD-00075,1,56.99,20.25,56.99,56.99,36.74
ITM-000011431,ORD-00008263,PRD-00040,1,98.99,45.24,98.99,98.99,53.75
ITM-000011432,ORD-00008263,PRD-00003,1,350.49,212.61,350.49,350.49,137.88
ITM-000011433,ORD-00008264,PRD-00024,1,54.99,26.28,54.99,54.99,28.71
ITM-000011434,ORD-00008265,PRD-00080,1,87.99,32.75,87.99,87.99,55.24
ITM-000011435,ORD-00008266,PRD-00059,1,47.49,23.54,47.49,47.49,23.95
ITM-000011436,ORD-00008266,PRD-00083,1,115.99,58.28,115.99,115.99,57.71
ITM-000011437,ORD-00008267,PRD-00089,1,31.99,18.14,31.99,31.99,13.85
ITM-000011438,ORD-00008267,PRD-00024,1,54.99,26.28,54.99,54.99,28.71
ITM-000011439,ORD-00008267,PRD-00092,1,214.99,101.72,214.99,214.99,113.27
ITM-000011440,ORD-00008268,PRD-00061,1,75.99,20.12,75.99,75.99,55.87
ITM-000011441,ORD-00008269,PRD-00063,1,70.49,27.76,70.49,70.49,42.73
ITM-000011442,ORD-00008270,PRD-00039,1,40.99,18.26,40.99,40.99,22.73
ITM-000011443,ORD-00008271,PRD-00060,1,176.49,84.75,176.49,176.49,91.74
ITM-000011444,ORD-00008271,PRD-00044,1,72.99,36.23,72.99,72.99,36.76
ITM-000011445,ORD-00008272,PRD-00087,1,43.99,24.1,43.99,43.99,19.89
ITM-000011446,ORD-00008273,PRD-00081,1,77.99,39.19,77.99,77.99,38.8
ITM-000011447,ORD-00008274,PRD-00072,2,36.99,11.8,73.98,73.98,50.38
ITM-000011448,ORD-00008274,PRD-00068,1,37.49,12.61,37.49,37.49,24.88
ITM-000011449,ORD-00008275,PRD-00027,1,83.99,34.49,83.99,83.99,49.5
ITM-000011450,ORD-00008275,PRD-00009,1,94.99,52.51,94.99,94.99,42.48
ITM-000011451,ORD-00008276,PRD-00024,1,54.99,26.28,54.99,54.99,28.71
ITM-000011452,ORD-00008276,PRD-00046,1,113.49,52.53,113.49,113.49,60.96
ITM-000011453,ORD-00008277,PRD-00089,1,31.99,18.14,31.99,31.99,13.85
ITM-000011454,ORD-00008278,PRD-00072,1,36.99,11.8,36.99,36.99,25.19
ITM-000011455,ORD-00008278,PRD-00042,1,121.99,52.18,121.99,121.99,69.81
ITM-000011456,ORD-00008278,PRD-00024,1,54.99,26.28,54.99,54.99,28.71
ITM-000011457,ORD-00008279,PRD-00052,1,118.49,48.71,118.49,118.49,69.78
ITM-000011458,ORD-00008280,PRD-00080,2,87.99,32.75,175.98,175.98,110.48
ITM-000011459,ORD-00008281,PRD-00030,2,67.99,29.21,135.98,135.98,77.56
ITM-000011460,ORD-00008282,PRD-00095,1,204.99,100.6,204.99,204.99,104.39
ITM-000011461,ORD-00008283,PRD-00079,1,46.49,15.84,46.49,46.49,30.65
ITM-000011462,ORD-00008284,PRD-00028,1,107.49,45.05,107.49,107.49,62.44
ITM-000011463,ORD-00008285,PRD-00041,1,180.99,84.81,180.99,180.99,96.18
ITM-000011464,ORD-00008286,PRD-00080,1,87.99,32.75,87.99,87.99,55.24
ITM-000011465,ORD-00008287,PRD-00040,1,98.99,45.24,98.99,98.99,53.75
ITM-000011466,ORD-00008288,PRD-00030,1,67.99,29.21,67.99,67.99,38.78
ITM-000011467,ORD-00008289,PRD-00021,1,114.99,46.3,114.99,114.99,68.69
ITM-000011468,ORD-00008290,PRD-00018,1,72.99,37.97,72.99,72.99,35.02
ITM-000011469,ORD-00008290,PRD-00051,1,52.99,21.94,52.99,52.99,31.05
ITM-000011470,ORD-00008290,PRD-00053,1,47.99,23.38,47.99,47.99,24.61
ITM-000011471,ORD-00008291,PRD-00097,2,167.49,87.54,334.98,334.98,159.9
ITM-000011472,ORD-00008292,PRD-00100,1,143.99,66.17,143.99,143.99,77.82
ITM-000011473,ORD-00008292,PRD-00093,1,227.99,111.71,227.99,227.99,116.28
ITM-000011474,ORD-00008293,PRD-00080,1,87.99,32.75,87.99,87.99,55.24
ITM-000011475,ORD-00008294,PRD-00049,1,162.99,86.22,162.99,162.99,76.77
ITM-000011476,ORD-00008295,PRD-00013,2,275.99,176.16,551.98,551.98,199.66
ITM-000011477,ORD-00008296,PRD-00095,1,204.99,100.6,204.99,204.99,104.39
ITM-000011478,ORD-00008297,PRD-00066,1,84.99,33.73,84.99,84.99,51.26
ITM-000011479,ORD-00008297,PRD-00091,1,42.99,22.68,42.99,42.99,20.31
ITM-000011480,ORD-00008297,PRD-00060,1,176.49,84.75,176.49,176.49,91.74
ITM-000011481,ORD-00008298,PRD-00086,1,140.99,72.94,140.99,140.99,68.05
ITM-000011482,ORD-00008298,PRD-00099,1,50.99,27.57,50.99,50.99,23.42
ITM-000011483,ORD-00008298,PRD-00095,1,204.99,100.6,204.99,204.99,104.39
ITM-000011484,ORD-00008299,PRD-00092,1,214.99,101.72,214.99,214.99,113.27
ITM-000011485,ORD-00008300,PRD-00036,1,73.99,30.02,73.99,73.99,43.97
ITM-000011486,ORD-00008301,PRD-00060,1,176.49,84.75,176.49,176.49,91.74
ITM-000011487,ORD-00008301,PRD-00034,1,34.99,12.79,34.99,34.99,22.2
ITM-000011488,ORD-00008302,PRD-00094,2,245.99,110.0,491.98,491.98,271.98
ITM-000011489,ORD-00008303,PRD-00032,2,42.49,17.54,84.98,84.98,49.9
ITM-000011490,ORD-00008304,PRD-00023,2,31.99,14.2,63.98,63.98,35.58
ITM-000011491,ORD-00008304,PRD-00012,1,374.49,207.75,374.49,374.49,166.74
ITM-000011492,ORD-00008305,PRD-00013,1,275.99,176.16,275.99,275.99,99.83
ITM-000011493,ORD-00008306,PRD-00074,1,16.99,6.2,16.99,16.99,10.79
ITM-000011494,ORD-00008306,PRD-00023,1,31.99,14.2,31.99,31.99,17.79
ITM-000011495,ORD-00008307,PRD-00001,1,320.99,176.63,320.99,320.99,144.36
ITM-000011496,ORD-00008308,PRD-00014,1,337.99,200.36,337.99,337.99,137.63
ITM-000011497,ORD-00008309,PRD-00048,1,33.49,15.83,33.49,33.49,17.66
ITM-000011498,ORD-00008310,PRD-00038,1,77.49,36.23,77.49,77.49,41.26
ITM-000011499,ORD-00008310,PRD-00029,1,94.49,33.63,94.49,94.49,60.86
ITM-000011500,ORD-00008310,PRD-00051,1,52.99,21.94,52.99,52.99,31.05
ITM-000011501,ORD-00008311,PRD-00004,1,294.49,168.07,294.49,294.49,126.42
ITM-000011502,ORD-00008312,PRD-00001,1,320.99,176.63,320.99,320.99,144.36
ITM-000011503,ORD-00008313,PRD-00076,1,62.99,25.51,62.99,62.99,37.48
ITM-000011504,ORD-00008314,PRD-00029,1,94.49,33.63,94.49,94.49,60.86
ITM-000011505,ORD-00008315,PRD-00046,1,113.49,52.53,113.49,113.49,60.96
ITM-000011506,ORD-00008316,PRD-00038,2,77.49,36.23,154.98,154.98,82.52
ITM-000011507,ORD-00008316,PRD-00006,1,391.99,223.93,391.99,391.99,168.06
ITM-000011508,ORD-00008317,PRD-00046,1,113.49,52.53,113.49,113.49,60.96
ITM-000011509,ORD-00008317,PRD-00084,2,31.99,15.58,63.98,63.98,32.82
ITM-000011510,ORD-00008317,PRD-00008,1,325.99,186.16,325.99,325.99,139.83
ITM-000011511,ORD-00008318,PRD-00099,3,50.99,27.57,152.97,152.97,70.26
ITM-000011512,ORD-00008318,PRD-00064,1,24.99,6.91,24.99,24.99,18.08
ITM-000011513,ORD-00008318,PRD-00071,1,86.99,31.3,86.99,86.99,55.69
ITM-000011514,ORD-00008319,PRD-00074,1,16.99,6.2,16.99,16.99,10.79
ITM-000011515,ORD-00008320,PRD-00010,1,207.99,120.07,207.99,207.99,87.92
ITM-000011516,ORD-00008321,PRD-00073,1,84.49,28.1,84.49,84.49,56.39
ITM-000011517,ORD-00008322,PRD-00030,1,67.99,29.21,67.99,67.99,38.78
ITM-000011518,ORD-00008323,PRD-00068,1,37.49,12.61,37.49,37.49,24.88
ITM-000011519,ORD-00008324,PRD-00013,1,275.99,176.16,275.99,275.99,99.83
ITM-000011520,ORD-00008325,PRD-00069,1,51.99,14.6,51.99,51.99,37.39
ITM-000011521,ORD-00008326,PRD-00080,1,87.99,32.75,87.99,87.99,55.24
ITM-000011522,ORD-00008327,PRD-00005,1,82.99,47.75,82.99,82.99,35.24
ITM-000011523,ORD-00008328,PRD-00084,1,31.99,15.58,31.99,31.99,16.41
ITM-000011524,ORD-00008329,PRD-00046,2,113.49,52.53,226.98,226.98,121.92
ITM-000011525,ORD-00008329,PRD-00009,1,94.99,52.51,94.99,94.99,42.48
ITM-000011526,ORD-00008329,PRD-00006,1,391.99,223.93,391.99,391.99,168.06
ITM-000011527,ORD-00008330,PRD-00004,1,294.49,168.07,294.49,294.49,126.42
ITM-000011528,ORD-00008331,PRD-00002,1,203.99,113.88,203.99,203.99,90.11
ITM-000011529,ORD-00008332,PRD-00082,1,151.49,68.21,151.49,151.49,83.28
ITM-000011530,ORD-00008333,PRD-00042,1,121.99,52.18,121.99,121.99,69.81
ITM-000011531,ORD-00008334,PRD-00011,1,179.99,102.31,179.99,179.99,77.68
ITM-000011532,ORD-00008335,PRD-00018,1,72.99,37.97,72.99,72.99,35.02
ITM-000011533,ORD-00008336,PRD-00013,1,275.99,176.16,275.99,275.99,99.83
ITM-000011534,ORD-00008337,PRD-00019,3,339.99,208.97,1019.97,1019.97,393.06
ITM-000011535,ORD-00008338,PRD-00040,1,98.99,45.24,98.99,98.99,53.75
ITM-000011536,ORD-00008339,PRD-00068,1,37.49,12.61,37.49,37.49,24.88
ITM-000011537,ORD-00008339,PRD-00013,1,275.99,176.16,275.99,275.99,99.83
ITM-000011538,ORD-00008339,PRD-00018,1,72.99,37.97,72.99,72.99,35.02
ITM-000011539,ORD-00008340,PRD-00025,1,55.99,23.35,55.99,55.99,32.64
ITM-000011540,ORD-00008340,PRD-00034,3,34.99,12.79,104.97,104.97,66.6
ITM-000011541,ORD-00008341,PRD-00040,1,98.99,45.24,98.99,98.99,53.75
ITM-000011542,ORD-00008341,PRD-00020,1,271.99,147.22,271.99,271.99,124.77
ITM-000011543,ORD-00008342,PRD-00061,1,75.99,20.12,75.99,75.99,55.87
ITM-000011544,ORD-00008342,PRD-00050,1,173.99,93.04,173.99,173.99,80.95
ITM-000011545,ORD-00008342,PRD-00077,1,22.99,8.27,22.99,22.99,14.72
ITM-000011546,ORD-00008343,PRD-00098,1,199.49,113.09,199.49,199.49,86.4
ITM-000011547,ORD-00008344,PRD-00026,1,94.99,41.91,94.99,94.99,53.08
ITM-000011548,ORD-00008345,PRD-00081,2,77.99,39.19,155.98,155.98,77.6
ITM-000011549,ORD-00008346,PRD-00094,1,245.99,110.0,245.99,245.99,135.99
ITM-000011550,ORD-00008347,PRD-00065,1,24.99,5.84,24.99,24.99,19.15
ITM-000011551,ORD-00008348,PRD-00042,1,121.99,52.18,121.99,121.99,69.81
ITM-000011552,ORD-00008349,PRD-00040,1,98.99,45.24,98.99,98.99,53.75
ITM-000011553,ORD-00008350,PRD-00056,2,135.49,71.03,270.98,270.98,128.92
ITM-000011554,ORD-00008351,PRD-00028,2,107.49,45.05,214.98,214.98,124.88
ITM-000011555,ORD-00008352,PRD-00028,1,107.49,45.05,107.49,107.49,62.44
ITM-000011556,ORD-00008352,PRD-00035,1,100.99,39.04,100.99,100.99,61.95
ITM-000011557,ORD-00008353,PRD-00051,1,52.99,21.94,52.99,52.99,31.05
ITM-000011558,ORD-00008354,PRD-00092,1,214.99,101.72,214.99,214.99,113.27
ITM-000011559,ORD-00008354,PRD-00013,1,275.99,176.16,275.99,275.99,99.83
ITM-000011560,ORD-00008355,PRD-00003,1,350.49,212.61,350.49,350.49,137.88
ITM-000011561,ORD-00008356,PRD-00063,1,70.49,27.76,70.49,70.49,42.73
ITM-000011562,ORD-00008356,PRD-00011,1,179.99,102.31,179.99,179.99,77.68
ITM-000011563,ORD-00008357,PRD-00047,1,100.99,42.27,100.99,100.99,58.72
ITM-000011564,ORD-00008358,PRD-00048,1,33.49,15.83,33.49,33.49,17.66
ITM-000011565,ORD-00008359,PRD-00037,1,41.99,15.18,41.99,41.99,26.81
ITM-000011566,ORD-00008360,PRD-00020,3,271.99,147.22,815.97,815.97,374.31
ITM-000011567,ORD-00008360,PRD-00027,1,83.99,34.49,83.99,83.99,49.5
ITM-000011568,ORD-00008361,PRD-00042,1,121.99,52.18,121.99,121.99,69.81
ITM-000011569,ORD-00008361,PRD-00067,1,44.99,16.41,44.99,44.99,28.58
ITM-000011570,ORD-00008362,PRD-00017,1,244.99,144.79,244.99,244.99,100.2
ITM-000011571,ORD-00008363,PRD-00028,2,107.49,45.05,214.98,214.98,124.88
ITM-000011572,ORD-00008364,PRD-00084,1,31.99,15.58,31.99,31.99,16.41
ITM-000011573,ORD-00008365,PRD-00095,1,204.99,100.6,204.99,204.99,104.39
ITM-000011574,ORD-00008365,PRD-00092,1,214.99,101.72,214.99,214.99,113.27
ITM-000011575,ORD-00008366,PRD-00087,1,43.99,24.1,43.99,43.99,19.89
ITM-000011576,ORD-00008367,PRD-00010,1,207.99,120.07,207.99,207.99,87.92
ITM-000011577,ORD-00008368,PRD-00067,2,44.99,16.41,89.98,89.98,57.16
ITM-000011578,ORD-00008369,PRD-00069,1,51.99,14.6,51.99,51.99,37.39
ITM-000011579,ORD-00008369,PRD-00067,1,44.99,16.41,44.99,44.99,28.58
ITM-000011580,ORD-00008369,PRD-00004,1,294.49,168.07,294.49,294.49,126.42
ITM-000011581,ORD-00008370,PRD-00091,3,42.99,22.68,128.97,128.97,60.93
ITM-000011582,ORD-00008370,PRD-00050,1,173.99,93.04,173.99,173.99,80.95
ITM-000011583,ORD-00008371,PRD-00068,1,37.49,12.61,37.49,37.49,24.88
ITM-000011584,ORD-00008371,PRD-00053,1,47.99,23.38,47.99,47.99,24.61
ITM-000011585,ORD-00008372,PRD-00013,1,275.99,176.16,275.99,275.99,99.83
ITM-000011586,ORD-00008372,PRD-00050,1,173.99,93.04,173.99,173.99,80.95
ITM-000011587,ORD-00008373,PRD-00050,1,173.99,93.04,173.99,173.99,80.95
ITM-000011588,ORD-00008373,PRD-00098,1,199.49,113.09,199.49,199.49,86.4
ITM-000011589,ORD-00008374,PRD-00016,1,129.99,78.72,129.99,129.99,51.27
ITM-000011590,ORD-00008375,PRD-00006,1,391.99,223.93,391.99,391.99,168.06
ITM-000011591,ORD-00008375,PRD-00088,2,211.99,101.84,423.98,423.98,220.3
ITM-000011592,ORD-00008376,PRD-00074,1,16.99,6.2,16.99,16.99,10.79
ITM-000011593,ORD-00008377,PRD-00056,1,135.49,71.03,135.49,135.49,64.46
ITM-000011594,ORD-00008377,PRD-00044,1,72.99,36.23,72.99,72.99,36.76
ITM-000011595,ORD-00008378,PRD-00026,2,94.99,41.91,189.98,189.98,106.16
ITM-000011596,ORD-00008379,PRD-00098,1,199.49,113.09,199.49,199.49,86.4
ITM-000011597,ORD-00008379,PRD-00016,1,129.99,78.72,129.99,129.99,51.27
ITM-000011598,ORD-00008379,PRD-00030,1,67.99,29.21,67.99,67.99,38.78
ITM-000011599,ORD-00008380,PRD-00092,2,214.99,101.72,429.98,429.98,226.54
ITM-000011600,ORD-00008380,PRD-00043,1,105.99,49.95,105.99,105.99,56.04
ITM-000011601,ORD-00008380,PRD-00031,1,110.99,51.16,110.99,110.99,59.83
ITM-000011602,ORD-00008381,PRD-00006,1,391.99,223.93,391.99,391.99,168.06
ITM-000011603,ORD-00008382,PRD-00087,1,43.99,24.1,43.99,43.99,19.89
ITM-000011604,ORD-00008383,PRD-00050,1,173.99,93.04,173.99,173.99,80.95
ITM-000011605,ORD-00008384,PRD-00063,1,70.49,27.76,70.49,70.49,42.73
ITM-000011606,ORD-00008384,PRD-00066,2,84.99,33.73,169.98,169.98,102.52
ITM-000011607,ORD-00008385,PRD-00044,2,72.99,36.23,145.98,145.98,73.52
ITM-000011608,ORD-00008386,PRD-00096,1,199.99,116.57,199.99,199.99,83.42
ITM-000011609,ORD-00008387,PRD-00043,1,105.99,49.95,105.99,105.99,56.04
ITM-000011610,ORD-00008388,PRD-00022,1,49.99,20.52,49.99,49.99,29.47
ITM-000011611,ORD-00008388,PRD-00081,1,77.99,39.19,77.99,77.99,38.8
ITM-000011612,ORD-00008389,PRD-00075,1,56.99,20.25,56.99,56.99,36.74
ITM-000011613,ORD-00008390,PRD-00091,1,42.99,22.68,42.99,42.99,20.31
ITM-000011614,ORD-00008390,PRD-00071,1,86.99,31.3,86.99,86.99,55.69
ITM-000011615,ORD-00008391,PRD-00038,1,77.49,36.23,77.49,77.49,41.26
ITM-000011616,ORD-00008392,PRD-00100,1,143.99,66.17,143.99,143.99,77.82
ITM-000011617,ORD-00008393,PRD-00080,1,87.99,32.75,87.99,87.99,55.24
ITM-000011618,ORD-00008394,PRD-00037,1,41.99,15.18,41.99,41.99,26.81
ITM-000011619,ORD-00008395,PRD-00027,1,83.99,34.49,83.99,83.99,49.5
ITM-000011620,ORD-00008396,PRD-00014,1,337.99,200.36,337.99,337.99,137.63
ITM-000011621,ORD-00008397,PRD-00042,1,121.99,52.18,121.99,121.99,69.81
ITM-000011622,ORD-00008398,PRD-00089,2,31.99,18.14,63.98,63.98,27.7
ITM-000011623,ORD-00008399,PRD-00068,2,37.49,12.61,74.98,74.98,49.76
ITM-000011624,ORD-00008399,PRD-00071,1,86.99,31.3,86.99,86.99,55.69
ITM-000011625,ORD-00008399,PRD-00076,1,62.99,25.51,62.99,62.99,37.48
ITM-000011626,ORD-00008400,PRD-00007,1,316.99,172.8,316.99,316.99,144.19
ITM-000011627,ORD-00008400,PRD-00002,1,203.99,113.88,203.99,203.99,90.11
ITM-000011628,ORD-00008401,PRD-00081,1,77.99,39.19,77.99,77.99,38.8
ITM-000011629,ORD-00008401,PRD-00064,2,24.99,6.91,49.98,49.98,36.16
ITM-000011630,ORD-00008402,PRD-00053,2,47.99,23.38,95.98,95.98,49.22
ITM-000011631,ORD-00008402,PRD-00036,1,73.99,30.02,73.99,73.99,43.97
ITM-000011632,ORD-00008402,PRD-00077,1,22.99,8.27,22.99,22.99,14.72
ITM-000011633,ORD-00008403,PRD-00031,2,110.99,51.16,221.98,221.98,119.66
ITM-000011634,ORD-00008403,PRD-00059,1,47.49,23.54,47.49,47.49,23.95
ITM-000011635,ORD-00008404,PRD-00061,1,75.99,20.12,75.99,75.99,55.87
ITM-000011636,ORD-00008405,PRD-00047,1,100.99,42.27,100.99,100.99,58.72
ITM-000011637,ORD-00008405,PRD-00047,1,100.99,42.27,100.99,100.99,58.72
ITM-000011638,ORD-00008406,PRD-00045,1,83.49,36.38,83.49,83.49,47.11
ITM-000011639,ORD-00008407,PRD-00090,1,232.99,113.86,232.99,232.99,119.13
ITM-000011640,ORD-00008408,PRD-00005,1,82.99,47.75,82.99,82.99,35.24
ITM-000011641,ORD-00008408,PRD-00089,1,31.99,18.14,31.99,31.99,13.85
ITM-000011642,ORD-00008409,PRD-00073,1,84.49,28.1,84.49,84.49,56.39
ITM-000011643,ORD-00008409,PRD-00091,1,42.99,22.68,42.99,42.99,20.31
ITM-000011644,ORD-00008410,PRD-00026,1,94.99,41.91,94.99,94.99,53.08
ITM-000011645,ORD-00008411,PRD-00031,2,110.99,51.16,221.98,221.98,119.66
ITM-000011646,ORD-00008412,PRD-00070,1,64.99,25.31,64.99,64.99,39.68
ITM-000011647,ORD-00008413,PRD-00090,1,232.99,113.86,232.99,232.99,119.13
ITM-000011648,ORD-00008414,PRD-00019,1,339.99,208.97,339.99,339.99,131.02
ITM-000011649,ORD-00008414,PRD-00097,1,167.49,87.54,167.49,167.49,79.95
ITM-000011650,ORD-00008415,PRD-00079,1,46.49,15.84,46.49,46.49,30.65
ITM-000011651,ORD-00008415,PRD-00090,1,232.99,113.86,232.99,232.99,119.13
ITM-000011652,ORD-00008415,PRD-00064,1,24.99,6.91,24.99,24.99,18.08
ITM-000011653,ORD-00008416,PRD-00019,2,339.99,208.97,679.98,679.98,262.04
ITM-000011654,ORD-00008416,PRD-00099,1,50.99,27.57,50.99,50.99,23.42
ITM-000011655,ORD-00008417,PRD-00074,1,16.99,6.2,16.99,16.99,10.79
ITM-000011656,ORD-00008418,PRD-00033,1,27.99,11.51,27.99,27.99,16.48
ITM-000011657,ORD-00008419,PRD-00012,1,374.49,207.75,374.49,374.49,166.74
ITM-000011658,ORD-00008420,PRD-00088,1,211.99,101.84,211.99,211.99,110.15
ITM-000011659,ORD-00008421,PRD-00088,1,211.99,101.84,211.99,211.99,110.15
ITM-000011660,ORD-00008421,PRD-00010,1,207.99,120.07,207.99,207.99,87.92
ITM-000011661,ORD-00008422,PRD-00090,1,232.99,113.86,232.99,232.99,119.13
ITM-000011662,ORD-00008423,PRD-00079,1,46.49,15.84,46.49,46.49,30.65
ITM-000011663,ORD-00008424,PRD-00080,2,87.99,32.75,175.98,175.98,110.48
ITM-000011664,ORD-00008425,PRD-00025,2,55.99,23.35,111.98,111.98,65.28
ITM-000011665,ORD-00008425,PRD-00050,2,173.99,93.04,347.98,347.98,161.9
ITM-000011666,ORD-00008426,PRD-00094,1,245.99,110.0,245.99,245.99,135.99
ITM-000011667,ORD-00008427,PRD-00055,1,74.99,31.61,74.99,74.99,43.38
ITM-000011668,ORD-00008428,PRD-00011,1,179.99,102.31,179.99,179.99,77.68
ITM-000011669,ORD-00008428,PRD-00049,1,162.99,86.22,162.99,162.99,76.77
ITM-000011670,ORD-00008428,PRD-00091,2,42.99,22.68,85.98,85.98,40.62
ITM-000011671,ORD-00008429,PRD-00064,1,24.99,6.91,24.99,24.99,18.08
ITM-000011672,ORD-00008429,PRD-00005,1,82.99,47.75,82.99,82.99,35.24
ITM-000011673,ORD-00008430,PRD-00004,1,294.49,168.07,294.49,294.49,126.42
ITM-000011674,ORD-00008431,PRD-00072,1,36.99,11.8,36.99,36.99,25.19
ITM-000011675,ORD-00008432,PRD-00075,1,56.99,20.25,56.99,56.99,36.74
ITM-000011676,ORD-00008433,PRD-00043,1,105.99,49.95,105.99,105.99,56.04
ITM-000011677,ORD-00008433,PRD-00055,1,74.99,31.61,74.99,74.99,43.38
ITM-000011678,ORD-00008434,PRD-00020,1,271.99,147.22,271.99,271.99,124.77
ITM-000011679,ORD-00008435,PRD-00075,1,56.99,20.25,56.99,56.99,36.74
ITM-000011680,ORD-00008436,PRD-00081,1,77.99,39.19,77.99,77.99,38.8
ITM-000011681,ORD-00008436,PRD-00062,1,68.49,27.5,68.49,68.49,40.99
ITM-000011682,ORD-00008437,PRD-00074,1,16.99,6.2,16.99,16.99,10.79
ITM-000011683,ORD-00008437,PRD-00034,1,34.99,12.79,34.99,34.99,22.2
ITM-000011684,ORD-00008438,PRD-00027,2,83.99,34.49,167.98,167.98,99.0
ITM-000011685,ORD-00008438,PRD-00013,1,275.99,176.16,275.99,275.99,99.83
ITM-000011686,ORD-00008439,PRD-00064,2,24.99,6.91,49.98,49.98,36.16
ITM-000011687,ORD-00008440,PRD-00092,1,214.99,101.72,214.99,214.99,113.27
ITM-000011688,ORD-00008440,PRD-00032,1,42.49,17.54,42.49,42.49,24.95
ITM-000011689,ORD-00008441,PRD-00048,1,33.49,15.83,33.49,33.49,17.66
ITM-000011690,ORD-00008442,PRD-00085,1,105.99,56.37,105.99,105.99,49.62
ITM-000011691,ORD-00008443,PRD-00077,1,22.99,8.27,22.99,22.99,14.72
ITM-000011692,ORD-00008444,PRD-00094,1,245.99,110.0,245.99,245.99,135.99
ITM-000011693,ORD-00008445,PRD-00034,2,34.99,12.79,69.98,69.98,44.4
ITM-000011694,ORD-00008445,PRD-00037,1,41.99,15.18,41.99,41.99,26.81
ITM-000011695,ORD-00008446,PRD-00082,3,151.49,68.21,454.47,454.47,249.84
ITM-000011696,ORD-00008447,PRD-00086,1,140.99,72.94,140.99,140.99,68.05
ITM-000011697,ORD-00008447,PRD-00021,1,114.99,46.3,114.99,114.99,68.69
ITM-000011698,ORD-00008448,PRD-00078,1,25.99,9.37,25.99,25.99,16.62
ITM-000011699,ORD-00008449,PRD-00077,1,22.99,8.27,22.99,22.99,14.72
ITM-000011700,ORD-00008449,PRD-00014,1,337.99,200.36,337.99,337.99,137.63
ITM-000011701,ORD-00008450,PRD-00084,1,31.99,15.58,31.99,31.99,16.41
ITM-000011702,ORD-00008451,PRD-00065,1,24.99,5.84,24.99,24.99,19.15
ITM-000011703,ORD-00008452,PRD-00038,1,77.49,36.23,77.49,77.49,41.26
ITM-000011704,ORD-00008452,PRD-00080,1,87.99,32.75,87.99,87.99,55.24
ITM-000011705,ORD-00008453,PRD-00037,1,41.99,15.18,41.99,41.99,26.81
ITM-000011706,ORD-00008454,PRD-00034,1,34.99,12.79,34.99,34.99,22.2
ITM-000011707,ORD-00008455,PRD-00036,1,73.99,30.02,73.99,73.99,43.97
ITM-000011708,ORD-00008456,PRD-00082,1,151.49,68.21,151.49,151.49,83.28
ITM-000011709,ORD-00008457,PRD-00026,1,94.99,41.91,94.99,94.99,53.08
ITM-000011710,ORD-00008458,PRD-00091,1,42.99,22.68,42.99,42.99,20.31
ITM-000011711,ORD-00008459,PRD-00096,1,199.99,116.57,199.99,199.99,83.42
ITM-000011712,ORD-00008459,PRD-00070,1,64.99,25.31,64.99,64.99,39.68
ITM-000011713,ORD-00008460,PRD-00058,1,152.99,69.5,152.99,152.99,83.49
ITM-000011714,ORD-00008460,PRD-00083,1,115.99,58.28,115.99,115.99,57.71
ITM-000011715,ORD-00008461,PRD-00070,2,64.99,25.31,129.98,129.98,79.36
ITM-000011716,ORD-00008461,PRD-00069,1,51.99,14.6,51.99,51.99,37.39
ITM-000011717,ORD-00008462,PRD-00019,1,339.99,208.97,339.99,339.99,131.02
ITM-000011718,ORD-00008463,PRD-00027,1,83.99,34.49,83.99,83.99,49.5
ITM-000011719,ORD-00008463,PRD-00074,2,16.99,6.2,33.98,33.98,21.58
ITM-000011720,ORD-00008464,PRD-00068,2,37.49,12.61,74.98,74.98,49.76
ITM-000011721,ORD-00008465,PRD-00054,1,137.99,68.35,137.99,137.99,69.64
ITM-000011722,ORD-00008466,PRD-00028,1,107.49,45.05,107.49,107.49,62.44
ITM-000011723,ORD-00008467,PRD-00015,1,205.99,123.35,205.99,205.99,82.64
ITM-000011724,ORD-00008467,PRD-00059,1,47.49,23.54,47.49,47.49,23.95
ITM-000011725,ORD-00008467,PRD-00047,1,100.99,42.27,100.99,100.99,58.72
ITM-000011726,ORD-00008468,PRD-00018,1,72.99,37.97,72.99,72.99,35.02
ITM-000011727,ORD-00008469,PRD-00074,1,16.99,6.2,16.99,16.99,10.79
ITM-000011728,ORD-00008470,PRD-00022,1,49.99,20.52,49.99,49.99,29.47
ITM-000011729,ORD-00008471,PRD-00070,1,64.99,25.31,64.99,64.99,39.68
ITM-000011730,ORD-00008472,PRD-00091,3,42.99,22.68,128.97,128.97,60.93
ITM-000011731,ORD-00008473,PRD-00098,1,199.49,113.09,199.49,199.49,86.4
ITM-000011732,ORD-00008473,PRD-00085,1,105.99,56.37,105.99,105.99,49.62
ITM-000011733,ORD-00008474,PRD-00082,2,151.49,68.21,302.98,302.98,166.56
ITM-000011734,ORD-00008475,PRD-00031,1,110.99,51.16,110.99,110.99,59.83
ITM-000011735,ORD-00008476,PRD-00036,1,73.99,30.02,73.99,73.99,43.97
ITM-000011736,ORD-00008477,PRD-00047,1,100.99,42.27,100.99,100.99,58.72
ITM-000011737,ORD-00008478,PRD-00038,1,77.49,36.23,77.49,77.49,41.26
ITM-000011738,ORD-00008479,PRD-00068,1,37.49,12.61,37.49,37.49,24.88
ITM-000011739,ORD-00008479,PRD-00014,2,337.99,200.36,675.98,675.98,275.26
ITM-000011740,ORD-00008480,PRD-00071,2,86.99,31.3,173.98,173.98,111.38
ITM-000011741,ORD-00008481,PRD-00024,1,54.99,26.28,54.99,54.99,28.71
ITM-000011742,ORD-00008482,PRD-00086,1,140.99,72.94,140.99,140.99,68.05
ITM-000011743,ORD-00008483,PRD-00064,2,24.99,6.91,49.98,49.98,36.16
ITM-000011744,ORD-00008484,PRD-00002,1,203.99,113.88,203.99,203.99,90.11
ITM-000011745,ORD-00008484,PRD-00013,1,275.99,176.16,275.99,275.99,99.83
ITM-000011746,ORD-00008485,PRD-00005,1,82.99,47.75,82.99,82.99,35.24
ITM-000011747,ORD-00008486,PRD-00029,1,94.49,33.63,94.49,94.49,60.86
ITM-000011748,ORD-00008486,PRD-00096,1,199.99,116.57,199.99,199.99,83.42
ITM-000011749,ORD-00008486,PRD-00013,1,275.99,176.16,275.99,275.99,99.83
ITM-000011750,ORD-00008487,PRD-00024,1,54.99,26.28,54.99,54.99,28.71
ITM-000011751,ORD-00008487,PRD-00057,1,146.49,75.56,146.49,146.49,70.93
ITM-000011752,ORD-00008488,PRD-00008,1,325.99,186.16,325.99,325.99,139.83
ITM-000011753,ORD-00008488,PRD-00021,1,114.99,46.3,114.99,114.99,68.69
ITM-000011754,ORD-00008488,PRD-00046,1,113.49,52.53,113.49,113.49,60.96
ITM-000011755,ORD-00008489,PRD-00002,2,203.99,113.88,407.98,407.98,180.22
ITM-000011756,ORD-00008490,PRD-00014,1,337.99,200.36,337.99,337.99,137.63
ITM-000011757,ORD-00008491,PRD-00092,1,214.99,101.72,214.99,214.99,113.27
ITM-000011758,ORD-00008491,PRD-00007,1,316.99,172.8,316.99,316.99,144.19
ITM-000011759,ORD-00008492,PRD-00013,1,275.99,176.16,275.99,275.99,99.83
ITM-000011760,ORD-00008493,PRD-00045,1,83.49,36.38,83.49,83.49,47.11
ITM-000011761,ORD-00008494,PRD-00055,1,74.99,31.61,74.99,74.99,43.38
ITM-000011762,ORD-00008495,PRD-00046,1,113.49,52.53,113.49,113.49,60.96
ITM-000011763,ORD-00008496,PRD-00008,1,325.99,186.16,325.99,325.99,139.83
ITM-000011764,ORD-00008497,PRD-00024,1,54.99,26.28,54.99,54.99,28.71
ITM-000011765,ORD-00008497,PRD-00004,1,294.49,168.07,294.49,294.49,126.42
ITM-000011766,ORD-00008498,PRD-00025,1,55.99,23.35,55.99,55.99,32.64
ITM-000011767,ORD-00008499,PRD-00070,3,64.99,25.31,194.97,194.97,119.04
ITM-000011768,ORD-00008499,PRD-00062,1,68.49,27.5,68.49,68.49,40.99
ITM-000011769,ORD-00008499,PRD-00096,1,199.99,116.57,199.99,199.99,83.42
ITM-000011770,ORD-00008500,PRD-00026,2,94.99,41.91,189.98,189.98,106.16
ITM-000011771,ORD-00008501,PRD-00070,1,64.99,25.31,64.99,64.99,39.68
ITM-000011772,ORD-00008502,PRD-00029,1,94.49,33.63,94.49,94.49,60.86
ITM-000011773,ORD-00008503,PRD-00028,3,107.49,45.05,322.47,322.47,187.32
ITM-000011774,ORD-00008504,PRD-00048,1,33.49,15.83,33.49,33.49,17.66
ITM-000011775,ORD-00008505,PRD-00094,1,245.99,110.0,245.99,245.99,135.99
ITM-000011776,ORD-00008506,PRD-00045,1,83.49,36.38,83.49,83.49,47.11
ITM-000011777,ORD-00008507,PRD-00033,1,27.99,11.51,27.99,27.99,16.48
ITM-000011778,ORD-00008508,PRD-00032,1,42.49,17.54,42.49,42.49,24.95
ITM-000011779,ORD-00008509,PRD-00093,2,227.99,111.71,455.98,455.98,232.56
ITM-000011780,ORD-00008510,PRD-00008,3,325.99,186.16,977.97,977.97,419.49
ITM-000011781,ORD-00008510,PRD-00056,3,135.49,71.03,406.47,406.47,193.38
ITM-000011782,ORD-00008511,PRD-00100,1,143.99,66.17,143.99,143.99,77.82
ITM-000011783,ORD-00008512,PRD-00058,1,152.99,69.5,152.99,152.99,83.49
ITM-000011784,ORD-00008513,PRD-00018,1,72.99,37.97,72.99,72.99,35.02
ITM-000011785,ORD-00008514,PRD-00040,1,98.99,45.24,98.99,98.99,53.75
ITM-000011786,ORD-00008514,PRD-00049,1,162.99,86.22,162.99,162.99,76.77
ITM-000011787,ORD-00008514,PRD-00073,1,84.49,28.1,84.49,84.49,56.39
ITM-000011788,ORD-00008515,PRD-00050,1,173.99,93.04,173.99,173.99,80.95
ITM-000011789,ORD-00008516,PRD-00051,2,52.99,21.94,105.98,105.98,62.1
ITM-000011790,ORD-00008516,PRD-00063,1,70.49,27.76,70.49,70.49,42.73
ITM-000011791,ORD-00008516,PRD-00076,1,62.99,25.51,62.99,62.99,37.48
ITM-000011792,ORD-00008517,PRD-00026,1,94.99,41.91,94.99,94.99,53.08
ITM-000011793,ORD-00008518,PRD-00026,1,94.99,41.91,94.99,94.99,53.08
ITM-000011794,ORD-00008519,PRD-00063,1,70.49,27.76,70.49,70.49,42.73
ITM-000011795,ORD-00008520,PRD-00094,1,245.99,110.0,245.99,245.99,135.99
ITM-000011796,ORD-00008521,PRD-00082,1,151.49,68.21,151.49,151.49,83.28
ITM-000011797,ORD-00008522,PRD-00013,2,275.99,176.16,551.98,551.98,199.66
ITM-000011798,ORD-00008522,PRD-00055,1,74.99,31.61,74.99,74.99,43.38
ITM-000011799,ORD-00008523,PRD-00008,1,325.99,186.16,325.99,325.99,139.83
ITM-000011800,ORD-00008524,PRD-00038,2,77.49,36.23,154.98,154.98,82.52
ITM-000011801,ORD-00008524,PRD-00078,1,25.99,9.37,25.99,25.99,16.62
ITM-000011802,ORD-00008525,PRD-00018,1,72.99,37.97,72.99,72.99,35.02
ITM-000011803,ORD-00008526,PRD-00031,1,110.99,51.16,110.99,110.99,59.83
ITM-000011804,ORD-00008527,PRD-00007,2,316.99,172.8,633.98,633.98,288.38
ITM-000011805,ORD-00008528,PRD-00084,2,31.99,15.58,63.98,63.98,32.82
ITM-000011806,ORD-00008529,PRD-00048,1,33.49,15.83,33.49,33.49,17.66
ITM-000011807,ORD-00008530,PRD-00003,1,350.49,212.61,350.49,350.49,137.88
ITM-000011808,ORD-00008531,PRD-00095,1,204.99,100.6,204.99,204.99,104.39
ITM-000011809,ORD-00008531,PRD-00061,1,75.99,20.12,75.99,75.99,55.87
ITM-000011810,ORD-00008532,PRD-00053,1,47.99,23.38,47.99,47.99,24.61
ITM-000011811,ORD-00008533,PRD-00028,1,107.49,45.05,107.49,107.49,62.44
ITM-000011812,ORD-00008534,PRD-00081,1,77.99,39.19,77.99,77.99,38.8
ITM-000011813,ORD-00008534,PRD-00041,1,180.99,84.81,180.99,180.99,96.18
ITM-000011814,ORD-00008535,PRD-00024,1,54.99,26.28,54.99,54.99,28.71
ITM-000011815,ORD-00008536,PRD-00090,1,232.99,113.86,232.99,232.99,119.13
ITM-000011816,ORD-00008537,PRD-00032,1,42.49,17.54,42.49,42.49,24.95
ITM-000011817,ORD-00008538,PRD-00005,1,82.99,47.75,82.99,82.99,35.24
ITM-000011818,ORD-00008539,PRD-00028,1,107.49,45.05,107.49,107.49,62.44
ITM-000011819,ORD-00008539,PRD-00047,2,100.99,42.27,201.98,201.98,117.44
ITM-000011820,ORD-00008539,PRD-00070,2,64.99,25.31,129.98,129.98,79.36
ITM-000011821,ORD-00008540,PRD-00075,2,56.99,20.25,113.98,113.98,73.48
ITM-000011822,ORD-00008540,PRD-00026,1,94.99,41.91,94.99,94.99,53.08
ITM-000011823,ORD-00008541,PRD-00036,2,73.99,30.02,147.98,147.98,87.94
ITM-000011824,ORD-00008542,PRD-00036,1,73.99,30.02,73.99,73.99,43.97
ITM-000011825,ORD-00008543,PRD-00017,1,244.99,144.79,244.99,244.99,100.2
ITM-000011826,ORD-00008544,PRD-00009,1,94.99,52.51,94.99,94.99,42.48
ITM-000011827,ORD-00008545,PRD-00033,1,27.99,11.51,27.99,27.99,16.48
ITM-000011828,ORD-00008546,PRD-00033,1,27.99,11.51,27.99,27.99,16.48
ITM-000011829,ORD-00008546,PRD-00099,1,50.99,27.57,50.99,50.99,23.42
ITM-000011830,ORD-00008547,PRD-00036,2,73.99,30.02,147.98,147.98,87.94
ITM-000011831,ORD-00008548,PRD-00055,1,74.99,31.61,74.99,74.99,43.38
ITM-000011832,ORD-00008549,PRD-00053,1,47.99,23.38,47.99,47.99,24.61
ITM-000011833,ORD-00008550,PRD-00083,1,115.99,58.28,115.99,115.99,57.71
ITM-000011834,ORD-00008551,PRD-00078,1,25.99,9.37,25.99,25.99,16.62
ITM-000011835,ORD-00008552,PRD-00005,1,82.99,47.75,82.99,82.99,35.24
ITM-000011836,ORD-00008553,PRD-00011,1,179.99,102.31,179.99,179.99,77.68
ITM-000011837,ORD-00008554,PRD-00052,3,118.49,48.71,355.47,355.47,209.34
ITM-000011838,ORD-00008554,PRD-00079,1,46.49,15.84,46.49,46.49,30.65
ITM-000011839,ORD-00008554,PRD-00091,1,42.99,22.68,42.99,42.99,20.31
ITM-000011840,ORD-00008555,PRD-00032,1,42.49,17.54,42.49,42.49,24.95
ITM-000011841,ORD-00008556,PRD-00057,2,146.49,75.56,292.98,292.98,141.86
ITM-000011842,ORD-00008557,PRD-00046,1,113.49,52.53,113.49,113.49,60.96
ITM-000011843,ORD-00008558,PRD-00079,1,46.49,15.84,46.49,46.49,30.65
ITM-000011844,ORD-00008558,PRD-00013,1,275.99,176.16,275.99,275.99,99.83
ITM-000011845,ORD-00008558,PRD-00029,1,94.49,33.63,94.49,94.49,60.86
ITM-000011846,ORD-00008559,PRD-00089,1,31.99,18.14,31.99,31.99,13.85
ITM-000011847,ORD-00008559,PRD-00037,1,41.99,15.18,41.99,41.99,26.81
ITM-000011848,ORD-00008560,PRD-00041,1,180.99,84.81,180.99,180.99,96.18
ITM-000011849,ORD-00008561,PRD-00098,1,199.49,113.09,199.49,199.49,86.4
ITM-000011850,ORD-00008561,PRD-00076,1,62.99,25.51,62.99,62.99,37.48
ITM-000011851,ORD-00008562,PRD-00097,1,167.49,87.54,167.49,167.49,79.95
ITM-000011852,ORD-00008563,PRD-00051,1,52.99,21.94,52.99,52.99,31.05
ITM-000011853,ORD-00008564,PRD-00062,1,68.49,27.5,68.49,68.49,40.99
ITM-000011854,ORD-00008564,PRD-00014,2,337.99,200.36,675.98,675.98,275.26
ITM-000011855,ORD-00008565,PRD-00050,1,173.99,93.04,173.99,173.99,80.95
ITM-000011856,ORD-00008566,PRD-00030,1,67.99,29.21,67.99,67.99,38.78
ITM-000011857,ORD-00008566,PRD-00060,1,176.49,84.75,176.49,176.49,91.74
ITM-000011858,ORD-00008567,PRD-00022,1,49.99,20.52,49.99,49.99,29.47
ITM-000011859,ORD-00008568,PRD-00065,1,24.99,5.84,24.99,24.99,19.15
ITM-000011860,ORD-00008569,PRD-00010,1,207.99,120.07,207.99,207.99,87.92
ITM-000011861,ORD-00008570,PRD-00066,1,84.99,33.73,84.99,84.99,51.26
ITM-000011862,ORD-00008571,PRD-00037,1,41.99,15.18,41.99,41.99,26.81
ITM-000011863,ORD-00008572,PRD-00091,1,42.99,22.68,42.99,42.99,20.31
ITM-000011864,ORD-00008573,PRD-00030,1,67.99,29.21,67.99,67.99,38.78
ITM-000011865,ORD-00008574,PRD-00009,1,94.99,52.51,94.99,94.99,42.48
ITM-000011866,ORD-00008575,PRD-00044,1,72.99,36.23,72.99,72.99,36.76
ITM-000011867,ORD-00008576,PRD-00010,1,207.99,120.07,207.99,207.99,87.92
ITM-000011868,ORD-00008576,PRD-00087,2,43.99,24.1,87.98,87.98,39.78
ITM-000011869,ORD-00008577,PRD-00032,1,42.49,17.54,42.49,42.49,24.95
ITM-000011870,ORD-00008578,PRD-00015,1,205.99,123.35,205.99,205.99,82.64
ITM-000011871,ORD-00008578,PRD-00069,1,51.99,14.6,51.99,51.99,37.39
ITM-000011872,ORD-00008579,PRD-00025,1,55.99,23.35,55.99,55.99,32.64
ITM-000011873,ORD-00008580,PRD-00075,1,56.99,20.25,56.99,56.99,36.74
ITM-000011874,ORD-00008580,PRD-00039,2,40.99,18.26,81.98,81.98,45.46
ITM-000011875,ORD-00008581,PRD-00039,1,40.99,18.26,40.99,40.99,22.73
ITM-000011876,ORD-00008582,PRD-00020,1,271.99,147.22,271.99,271.99,124.77
ITM-000011877,ORD-00008583,PRD-00062,1,68.49,27.5,68.49,68.49,40.99
ITM-000011878,ORD-00008584,PRD-00100,1,143.99,66.17,143.99,143.99,77.82
ITM-000011879,ORD-00008585,PRD-00058,1,152.99,69.5,152.99,152.99,83.49
ITM-000011880,ORD-00008586,PRD-00076,1,62.99,25.51,62.99,62.99,37.48
ITM-000011881,ORD-00008587,PRD-00093,1,227.99,111.71,227.99,227.99,116.28
ITM-000011882,ORD-00008588,PRD-00042,1,121.99,52.18,121.99,121.99,69.81
ITM-000011883,ORD-00008589,PRD-00057,1,146.49,75.56,146.49,146.49,70.93
ITM-000011884,ORD-00008590,PRD-00089,1,31.99,18.14,31.99,31.99,13.85
ITM-000011885,ORD-00008591,PRD-00036,1,73.99,30.02,73.99,73.99,43.97
ITM-000011886,ORD-00008591,PRD-00062,1,68.49,27.5,68.49,68.49,40.99
ITM-000011887,ORD-00008592,PRD-00014,1,337.99,200.36,337.99,337.99,137.63
ITM-000011888,ORD-00008592,PRD-00002,1,203.99,113.88,203.99,203.99,90.11
ITM-000011889,ORD-00008592,PRD-00050,1,173.99,93.04,173.99,173.99,80.95
ITM-000011890,ORD-00008593,PRD-00007,2,316.99,172.8,633.98,633.98,288.38
ITM-000011891,ORD-00008593,PRD-00028,1,107.49,45.05,107.49,107.49,62.44
ITM-000011892,ORD-00008593,PRD-00023,1,31.99,14.2,31.99,31.99,17.79
ITM-000011893,ORD-00008594,PRD-00030,1,67.99,29.21,67.99,67.99,38.78
ITM-000011894,ORD-00008595,PRD-00022,1,49.99,20.52,49.99,49.99,29.47
ITM-000011895,ORD-00008595,PRD-00079,1,46.49,15.84,46.49,46.49,30.65
ITM-000011896,ORD-00008596,PRD-00043,1,105.99,49.95,105.99,105.99,56.04
ITM-000011897,ORD-00008596,PRD-00082,1,151.49,68.21,151.49,151.49,83.28
ITM-000011898,ORD-00008597,PRD-00051,1,52.99,21.94,52.99,52.99,31.05
ITM-000011899,ORD-00008598,PRD-00053,1,47.99,23.38,47.99,47.99,24.61
ITM-000011900,ORD-00008598,PRD-00079,1,46.49,15.84,46.49,46.49,30.65
ITM-000011901,ORD-00008598,PRD-00070,1,64.99,25.31,64.99,64.99,39.68
ITM-000011902,ORD-00008599,PRD-00004,1,294.49,168.07,294.49,294.49,126.42
ITM-000011903,ORD-00008599,PRD-00041,1,180.99,84.81,180.99,180.99,96.18
ITM-000011904,ORD-00008600,PRD-00093,1,227.99,111.71,227.99,227.99,116.28
ITM-000011905,ORD-00008601,PRD-00079,1,46.49,15.84,46.49,46.49,30.65
ITM-000011906,ORD-00008602,PRD-00006,1,391.99,223.93,391.99,391.99,168.06
ITM-000011907,ORD-00008603,PRD-00038,2,77.49,36.23,154.98,154.98,82.52
ITM-000011908,ORD-00008603,PRD-00052,1,118.49,48.71,118.49,118.49,69.78
ITM-000011909,ORD-00008604,PRD-00098,1,199.49,113.09,199.49,199.49,86.4
ITM-000011910,ORD-00008604,PRD-00056,1,135.49,71.03,135.49,135.49,64.46
ITM-000011911,ORD-00008604,PRD-00019,2,339.99,208.97,679.98,679.98,262.04
ITM-000011912,ORD-00008605,PRD-00048,1,33.49,15.83,33.49,33.49,17.66
ITM-000011913,ORD-00008606,PRD-00050,1,173.99,93.04,173.99,173.99,80.95
ITM-000011914,ORD-00008607,PRD-00081,1,77.99,39.19,77.99,77.99,38.8
ITM-000011915,ORD-00008608,PRD-00067,1,44.99,16.41,44.99,44.99,28.58
ITM-000011916,ORD-00008609,PRD-00098,1,199.49,113.09,199.49,199.49,86.4
ITM-000011917,ORD-00008609,PRD-00069,1,51.99,14.6,51.99,51.99,37.39
ITM-000011918,ORD-00008610,PRD-00059,1,47.49,23.54,47.49,47.49,23.95
ITM-000011919,ORD-00008611,PRD-00034,2,34.99,12.79,69.98,69.98,44.4
ITM-000011920,ORD-00008612,PRD-00025,1,55.99,23.35,55.99,55.99,32.64
ITM-000011921,ORD-00008613,PRD-00077,1,22.99,8.27,22.99,22.99,14.72
ITM-000011922,ORD-00008614,PRD-00032,1,42.49,17.54,42.49,42.49,24.95
ITM-000011923,ORD-00008615,PRD-00050,1,173.99,93.04,173.99,173.99,80.95
ITM-000011924,ORD-00008615,PRD-00026,1,94.99,41.91,94.99,94.99,53.08
ITM-000011925,ORD-00008616,PRD-00079,1,46.49,15.84,46.49,46.49,30.65
ITM-000011926,ORD-00008617,PRD-00082,2,151.49,68.21,302.98,302.98,166.56
ITM-000011927,ORD-00008618,PRD-00033,1,27.99,11.51,27.99,27.99,16.48
ITM-000011928,ORD-00008618,PRD-00075,1,56.99,20.25,56.99,56.99,36.74
ITM-000011929,ORD-00008618,PRD-00054,1,137.99,68.35,137.99,137.99,69.64
ITM-000011930,ORD-00008619,PRD-00099,1,50.99,27.57,50.99,50.99,23.42
ITM-000011931,ORD-00008620,PRD-00026,1,94.99,41.91,94.99,94.99,53.08
ITM-000011932,ORD-00008621,PRD-00049,1,162.99,86.22,162.99,162.99,76.77
ITM-000011933,ORD-00008622,PRD-00028,1,107.49,45.05,107.49,107.49,62.44
ITM-000011934,ORD-00008623,PRD-00016,1,129.99,78.72,129.99,129.99,51.27
ITM-000011935,ORD-00008624,PRD-00051,1,52.99,21.94,52.99,52.99,31.05
ITM-000011936,ORD-00008625,PRD-00075,1,56.99,20.25,56.99,56.99,36.74
ITM-000011937,ORD-00008626,PRD-00085,1,105.99,56.37,105.99,105.99,49.62
ITM-000011938,ORD-00008627,PRD-00044,1,72.99,36.23,72.99,72.99,36.76
ITM-000011939,ORD-00008628,PRD-00097,1,167.49,87.54,167.49,167.49,79.95
ITM-000011940,ORD-00008629,PRD-00098,1,199.49,113.09,199.49,199.49,86.4
ITM-000011941,ORD-00008630,PRD-00066,1,84.99,33.73,84.99,84.99,51.26
ITM-000011942,ORD-00008630,PRD-00028,1,107.49,45.05,107.49,107.49,62.44
ITM-000011943,ORD-00008631,PRD-00084,1,31.99,15.58,31.99,31.99,16.41
ITM-000011944,ORD-00008632,PRD-00078,1,25.99,9.37,25.99,25.99,16.62
ITM-000011945,ORD-00008633,PRD-00057,1,146.49,75.56,146.49,146.49,70.93
ITM-000011946,ORD-00008634,PRD-00017,1,244.99,144.79,244.99,244.99,100.2
ITM-000011947,ORD-00008634,PRD-00005,1,82.99,47.75,82.99,82.99,35.24
ITM-000011948,ORD-00008634,PRD-00085,1,105.99,56.37,105.99,105.99,49.62
ITM-000011949,ORD-00008635,PRD-00057,2,146.49,75.56,292.98,292.98,141.86
ITM-000011950,ORD-00008635,PRD-00005,1,82.99,47.75,82.99,82.99,35.24
ITM-000011951,ORD-00008636,PRD-00021,1,114.99,46.3,114.99,114.99,68.69
ITM-000011952,ORD-00008637,PRD-00099,1,50.99,27.57,50.99,50.99,23.42
ITM-000011953,ORD-00008637,PRD-00081,1,77.99,39.19,77.99,77.99,38.8
ITM-000011954,ORD-00008638,PRD-00034,1,34.99,12.79,34.99,34.99,22.2
ITM-000011955,ORD-00008638,PRD-00066,2,84.99,33.73,169.98,169.98,102.52
ITM-000011956,ORD-00008638,PRD-00099,1,50.99,27.57,50.99,50.99,23.42
ITM-000011957,ORD-00008639,PRD-00027,1,83.99,34.49,83.99,83.99,49.5
ITM-000011958,ORD-00008640,PRD-00048,1,33.49,15.83,33.49,33.49,17.66
ITM-000011959,ORD-00008641,PRD-00017,1,244.99,144.79,244.99,244.99,100.2
ITM-000011960,ORD-00008642,PRD-00049,1,162.99,86.22,162.99,162.99,76.77
ITM-000011961,ORD-00008643,PRD-00001,1,320.99,176.63,320.99,320.99,144.36
ITM-000011962,ORD-00008643,PRD-00082,1,151.49,68.21,151.49,151.49,83.28
ITM-000011963,ORD-00008644,PRD-00030,2,67.99,29.21,135.98,135.98,77.56
ITM-000011964,ORD-00008645,PRD-00069,1,51.99,14.6,51.99,51.99,37.39
ITM-000011965,ORD-00008646,PRD-00057,1,146.49,75.56,146.49,146.49,70.93
ITM-000011966,ORD-00008646,PRD-00084,2,31.99,15.58,63.98,63.98,32.82
ITM-000011967,ORD-00008646,PRD-00063,1,70.49,27.76,70.49,70.49,42.73
ITM-000011968,ORD-00008647,PRD-00040,1,98.99,45.24,98.99,98.99,53.75
ITM-000011969,ORD-00008647,PRD-00038,1,77.49,36.23,77.49,77.49,41.26
ITM-000011970,ORD-00008648,PRD-00054,2,137.99,68.35,275.98,275.98,139.28
ITM-000011971,ORD-00008648,PRD-00072,1,36.99,11.8,36.99,36.99,25.19
ITM-000011972,ORD-00008648,PRD-00059,1,47.49,23.54,47.49,47.49,23.95
ITM-000011973,ORD-00008649,PRD-00077,1,22.99,8.27,22.99,22.99,14.72
ITM-000011974,ORD-00008650,PRD-00034,1,34.99,12.79,34.99,34.99,22.2
ITM-000011975,ORD-00008651,PRD-00088,1,211.99,101.84,211.99,211.99,110.15
ITM-000011976,ORD-00008652,PRD-00088,1,211.99,101.84,211.99,211.99,110.15
ITM-000011977,ORD-00008653,PRD-00004,1,294.49,168.07,294.49,294.49,126.42
ITM-000011978,ORD-00008654,PRD-00092,1,214.99,101.72,214.99,214.99,113.27
ITM-000011979,ORD-00008654,PRD-00039,1,40.99,18.26,40.99,40.99,22.73
ITM-000011980,ORD-00008655,PRD-00023,2,31.99,14.2,63.98,63.98,35.58
ITM-000011981,ORD-00008656,PRD-00045,1,83.49,36.38,83.49,83.49,47.11
ITM-000011982,ORD-00008657,PRD-00055,1,74.99,31.61,74.99,74.99,43.38
ITM-000011983,ORD-00008657,PRD-00055,2,74.99,31.61,149.98,149.98,86.76
ITM-000011984,ORD-00008658,PRD-00028,1,107.49,45.05,107.49,107.49,62.44
ITM-000011985,ORD-00008659,PRD-00044,2,72.99,36.23,145.98,145.98,73.52
ITM-000011986,ORD-00008659,PRD-00030,1,67.99,29.21,67.99,67.99,38.78
ITM-000011987,ORD-00008659,PRD-00072,1,36.99,11.8,36.99,36.99,25.19
ITM-000011988,ORD-00008660,PRD-00004,1,294.49,168.07,294.49,294.49,126.42
ITM-000011989,ORD-00008661,PRD-00039,1,40.99,18.26,40.99,40.99,22.73
ITM-000011990,ORD-00008661,PRD-00072,1,36.99,11.8,36.99,36.99,25.19
ITM-000011991,ORD-00008662,PRD-00099,1,50.99,27.57,50.99,50.99,23.42
ITM-000011992,ORD-00008662,PRD-00090,1,232.99,113.86,232.99,232.99,119.13
ITM-000011993,ORD-00008662,PRD-00045,1,83.49,36.38,83.49,83.49,47.11
ITM-000011994,ORD-00008663,PRD-00037,1,41.99,15.18,41.99,41.99,26.81
ITM-000011995,ORD-00008664,PRD-00079,1,46.49,15.84,46.49,46.49,30.65
ITM-000011996,ORD-00008665,PRD-00055,1,74.99,31.61,74.99,74.99,43.38
ITM-000011997,ORD-00008666,PRD-00069,1,51.99,14.6,51.99,51.99,37.39
ITM-000011998,ORD-00008667,PRD-00078,1,25.99,9.37,25.99,25.99,16.62
ITM-000011999,ORD-00008668,PRD-00032,1,42.49,17.54,42.49,42.49,24.95
ITM-000012000,ORD-00008668,PRD-00078,1,25.99,9.37,25.99,25.99,16.62
ITM-000012001,ORD-00008669,PRD-00031,1,110.99,51.16,110.99,110.99,59.83
ITM-000012002,ORD-00008670,PRD-00014,1,337.99,200.36,337.99,337.99,137.63
ITM-000012003,ORD-00008670,PRD-00072,1,36.99,11.8,36.99,36.99,25.19
ITM-000012004,ORD-00008671,PRD-00050,2,173.99,93.04,347.98,347.98,161.9
ITM-000012005,ORD-00008672,PRD-00035,1,100.99,39.04,100.99,100.99,61.95
ITM-000012006,ORD-00008672,PRD-00029,1,94.49,33.63,94.49,94.49,60.86
ITM-000012007,ORD-00008673,PRD-00058,2,152.99,69.5,305.98,305.98,166.98
ITM-000012008,ORD-00008674,PRD-00016,1,129.99,78.72,129.99,129.99,51.27
ITM-000012009,ORD-00008675,PRD-00038,1,77.49,36.23,77.49,77.49,41.26
ITM-000012010,ORD-00008676,PRD-00037,2,41.99,15.18,83.98,83.98,53.62
ITM-000012011,ORD-00008677,PRD-00058,1,152.99,69.5,152.99,152.99,83.49
ITM-000012012,ORD-00008678,PRD-00014,1,337.99,200.36,337.99,337.99,137.63
ITM-000012013,ORD-00008678,PRD-00061,1,75.99,20.12,75.99,75.99,55.87
ITM-000012014,ORD-00008679,PRD-00048,1,33.49,15.83,33.49,33.49,17.66
ITM-000012015,ORD-00008680,PRD-00062,1,68.49,27.5,68.49,68.49,40.99
ITM-000012016,ORD-00008681,PRD-00011,1,179.99,102.31,179.99,179.99,77.68
ITM-000012017,ORD-00008681,PRD-00020,1,271.99,147.22,271.99,271.99,124.77
ITM-000012018,ORD-00008681,PRD-00045,1,83.49,36.38,83.49,83.49,47.11
ITM-000012019,ORD-00008682,PRD-00077,1,22.99,8.27,22.99,22.99,14.72
ITM-000012020,ORD-00008683,PRD-00077,1,22.99,8.27,22.99,22.99,14.72
ITM-000012021,ORD-00008683,PRD-00077,1,22.99,8.27,22.99,22.99,14.72
ITM-000012022,ORD-00008683,PRD-00074,1,16.99,6.2,16.99,16.99,10.79
ITM-000012023,ORD-00008684,PRD-00062,1,68.49,27.5,68.49,68.49,40.99
ITM-000012024,ORD-00008684,PRD-00063,1,70.49,27.76,70.49,70.49,42.73
ITM-000012025,ORD-00008684,PRD-00078,1,25.99,9.37,25.99,25.99,16.62
ITM-000012026,ORD-00008685,PRD-00037,1,41.99,15.18,41.99,41.99,26.81
ITM-000012027,ORD-00008685,PRD-00024,1,54.99,26.28,54.99,54.99,28.71
ITM-000012028,ORD-00008686,PRD-00057,2,146.49,75.56,292.98,292.98,141.86
ITM-000012029,ORD-00008687,PRD-00065,1,24.99,5.84,24.99,24.99,19.15
ITM-000012030,ORD-00008687,PRD-00079,1,46.49,15.84,46.49,46.49,30.65
ITM-000012031,ORD-00008688,PRD-00060,1,176.49,84.75,176.49,176.49,91.74
ITM-000012032,ORD-00008689,PRD-00037,1,41.99,15.18,41.99,41.99,26.81
ITM-000012033,ORD-00008689,PRD-00062,1,68.49,27.5,68.49,68.49,40.99
ITM-000012034,ORD-00008690,PRD-00055,1,74.99,31.61,74.99,74.99,43.38
ITM-000012035,ORD-00008690,PRD-00053,2,47.99,23.38,95.98,95.98,49.22
ITM-000012036,ORD-00008691,PRD-00049,1,162.99,86.22,162.99,162.99,76.77
ITM-000012037,ORD-00008692,PRD-00042,1,121.99,52.18,121.99,121.99,69.81
ITM-000012038,ORD-00008693,PRD-00011,1,179.99,102.31,179.99,179.99,77.68
ITM-000012039,ORD-00008693,PRD-00049,1,162.99,86.22,162.99,162.99,76.77
ITM-000012040,ORD-00008693,PRD-00013,1,275.99,176.16,275.99,275.99,99.83
ITM-000012041,ORD-00008694,PRD-00032,1,42.49,17.54,42.49,42.49,24.95
ITM-000012042,ORD-00008695,PRD-00063,2,70.49,27.76,140.98,140.98,85.46
ITM-000012043,ORD-00008696,PRD-00060,2,176.49,84.75,352.98,352.98,183.48
ITM-000012044,ORD-00008697,PRD-00054,1,137.99,68.35,137.99,137.99,69.64
ITM-000012045,ORD-00008698,PRD-00044,2,72.99,36.23,145.98,145.98,73.52
ITM-000012046,ORD-00008699,PRD-00065,1,24.99,5.84,24.99,24.99,19.15
ITM-000012047,ORD-00008699,PRD-00001,3,320.99,176.63,962.97,962.97,433.08
ITM-000012048,ORD-00008700,PRD-00045,1,83.49,36.38,83.49,83.49,47.11
ITM-000012049,ORD-00008701,PRD-00079,1,46.49,15.84,46.49,46.49,30.65
ITM-000012050,ORD-00008702,PRD-00058,1,152.99,69.5,152.99,152.99,83.49
ITM-000012051,ORD-00008703,PRD-00052,1,118.49,48.71,118.49,118.49,69.78
ITM-000012052,ORD-00008703,PRD-00009,1,94.99,52.51,94.99,94.99,42.48
ITM-000012053,ORD-00008704,PRD-00064,1,24.99,6.91,24.99,24.99,18.08
ITM-000012054,ORD-00008705,PRD-00085,1,105.99,56.37,105.99,105.99,49.62
ITM-000012055,ORD-00008706,PRD-00017,1,244.99,144.79,244.99,244.99,100.2
ITM-000012056,ORD-00008707,PRD-00056,1,135.49,71.03,135.49,135.49,64.46
ITM-000012057,ORD-00008708,PRD-00081,1,77.99,39.19,77.99,77.99,38.8
ITM-000012058,ORD-00008708,PRD-00042,1,121.99,52.18,121.99,121.99,69.81
ITM-000012059,ORD-00008709,PRD-00100,1,143.99,66.17,143.99,143.99,77.82
ITM-000012060,ORD-00008709,PRD-00061,1,75.99,20.12,75.99,75.99,55.87
ITM-000012061,ORD-00008710,PRD-00043,1,105.99,49.95,105.99,105.99,56.04
ITM-000012062,ORD-00008711,PRD-00087,1,43.99,24.1,43.99,43.99,19.89
ITM-000012063,ORD-00008712,PRD-00065,2,24.99,5.84,49.98,49.98,38.3
ITM-000012064,ORD-00008713,PRD-00015,3,205.99,123.35,617.97,617.97,247.92
ITM-000012065,ORD-00008713,PRD-00022,1,49.99,20.52,49.99,49.99,29.47
ITM-000012066,ORD-00008714,PRD-00001,1,320.99,176.63,320.99,320.99,144.36
ITM-000012067,ORD-00008715,PRD-00064,1,24.99,6.91,24.99,24.99,18.08
ITM-000012068,ORD-00008716,PRD-00062,1,68.49,27.5,68.49,68.49,40.99
ITM-000012069,ORD-00008716,PRD-00010,1,207.99,120.07,207.99,207.99,87.92
ITM-000012070,ORD-00008717,PRD-00087,1,43.99,24.1,43.99,43.99,19.89
ITM-000012071,ORD-00008718,PRD-00004,1,294.49,168.07,294.49,294.49,126.42
ITM-000012072,ORD-00008719,PRD-00031,1,110.99,51.16,110.99,110.99,59.83
ITM-000012073,ORD-00008719,PRD-00001,1,320.99,176.63,320.99,320.99,144.36
ITM-000012074,ORD-00008720,PRD-00013,1,275.99,176.16,275.99,275.99,99.83
ITM-000012075,ORD-00008721,PRD-00060,1,176.49,84.75,176.49,176.49,91.74
ITM-000012076,ORD-00008721,PRD-00098,1,199.49,113.09,199.49,199.49,86.4
ITM-000012077,ORD-00008722,PRD-00018,1,72.99,37.97,72.99,72.99,35.02
ITM-000012078,ORD-00008723,PRD-00024,3,54.99,26.28,164.97,164.97,86.13
ITM-000012079,ORD-00008724,PRD-00036,1,73.99,30.02,73.99,73.99,43.97
ITM-000012080,ORD-00008725,PRD-00043,1,105.99,49.95,105.99,105.99,56.04
ITM-000012081,ORD-00008726,PRD-00094,2,245.99,110.0,491.98,491.98,271.98
ITM-000012082,ORD-00008727,PRD-00038,1,77.49,36.23,77.49,77.49,41.26
ITM-000012083,ORD-00008727,PRD-00099,1,50.99,27.57,50.99,50.99,23.42
ITM-000012084,ORD-00008727,PRD-00065,1,24.99,5.84,24.99,24.99,19.15
ITM-000012085,ORD-00008728,PRD-00043,3,105.99,49.95,317.97,317.97,168.12
ITM-000012086,ORD-00008728,PRD-00087,1,43.99,24.1,43.99,43.99,19.89
ITM-000012087,ORD-00008729,PRD-00044,1,72.99,36.23,72.99,72.99,36.76
ITM-000012088,ORD-00008729,PRD-00037,2,41.99,15.18,83.98,83.98,53.62
ITM-000012089,ORD-00008729,PRD-00083,1,115.99,58.28,115.99,115.99,57.71
ITM-000012090,ORD-00008730,PRD-00092,1,214.99,101.72,214.99,214.99,113.27
ITM-000012091,ORD-00008731,PRD-00035,1,100.99,39.04,100.99,100.99,61.95
ITM-000012092,ORD-00008732,PRD-00063,1,70.49,27.76,70.49,70.49,42.73
ITM-000012093,ORD-00008732,PRD-00050,1,173.99,93.04,173.99,173.99,80.95
ITM-000012094,ORD-00008733,PRD-00092,1,214.99,101.72,214.99,214.99,113.27
ITM-000012095,ORD-00008734,PRD-00037,1,41.99,15.18,41.99,41.99,26.81
ITM-000012096,ORD-00008734,PRD-00093,1,227.99,111.71,227.99,227.99,116.28
ITM-000012097,ORD-00008735,PRD-00051,1,52.99,21.94,52.99,52.99,31.05
ITM-000012098,ORD-00008736,PRD-00067,1,44.99,16.41,44.99,44.99,28.58
ITM-000012099,ORD-00008737,PRD-00054,1,137.99,68.35,137.99,137.99,69.64
ITM-000012100,ORD-00008738,PRD-00094,1,245.99,110.0,245.99,245.99,135.99
ITM-000012101,ORD-00008739,PRD-00076,1,62.99,25.51,62.99,62.99,37.48
ITM-000012102,ORD-00008739,PRD-00026,1,94.99,41.91,94.99,94.99,53.08
ITM-000012103,ORD-00008740,PRD-00021,1,114.99,46.3,114.99,114.99,68.69
ITM-000012104,ORD-00008740,PRD-00090,1,232.99,113.86,232.99,232.99,119.13
ITM-000012105,ORD-00008741,PRD-00084,1,31.99,15.58,31.99,31.99,16.41
ITM-000012106,ORD-00008741,PRD-00023,1,31.99,14.2,31.99,31.99,17.79
ITM-000012107,ORD-00008741,PRD-00035,1,100.99,39.04,100.99,100.99,61.95
ITM-000012108,ORD-00008742,PRD-00019,2,339.99,208.97,679.98,679.98,262.04
ITM-000012109,ORD-00008742,PRD-00078,1,25.99,9.37,25.99,25.99,16.62
ITM-000012110,ORD-00008742,PRD-00063,1,70.49,27.76,70.49,70.49,42.73
ITM-000012111,ORD-00008743,PRD-00069,1,51.99,14.6,51.99,51.99,37.39
ITM-000012112,ORD-00008744,PRD-00038,1,77.49,36.23,77.49,77.49,41.26
ITM-000012113,ORD-00008745,PRD-00095,1,204.99,100.6,204.99,204.99,104.39
ITM-000012114,ORD-00008746,PRD-00069,1,51.99,14.6,51.99,51.99,37.39
ITM-000012115,ORD-00008747,PRD-00040,1,98.99,45.24,98.99,98.99,53.75
ITM-000012116,ORD-00008748,PRD-00087,2,43.99,24.1,87.98,87.98,39.78
ITM-000012117,ORD-00008749,PRD-00025,2,55.99,23.35,111.98,111.98,65.28
ITM-000012118,ORD-00008749,PRD-00099,2,50.99,27.57,101.98,101.98,46.84
ITM-000012119,ORD-00008749,PRD-00086,2,140.99,72.94,281.98,281.98,136.1
ITM-000012120,ORD-00008750,PRD-00038,1,77.49,36.23,77.49,77.49,41.26
ITM-000012121,ORD-00008751,PRD-00043,1,105.99,49.95,105.99,105.99,56.04
ITM-000012122,ORD-00008751,PRD-00052,1,118.49,48.71,118.49,118.49,69.78
ITM-000012123,ORD-00008752,PRD-00063,1,70.49,27.76,70.49,70.49,42.73
ITM-000012124,ORD-00008753,PRD-00074,1,16.99,6.2,16.99,16.99,10.79
ITM-000012125,ORD-00008754,PRD-00079,1,46.49,15.84,46.49,46.49,30.65
ITM-000012126,ORD-00008754,PRD-00083,1,115.99,58.28,115.99,115.99,57.71
ITM-000012127,ORD-00008755,PRD-00037,1,41.99,15.18,41.99,41.99,26.81
ITM-000012128,ORD-00008755,PRD-00011,1,179.99,102.31,179.99,179.99,77.68
ITM-000012129,ORD-00008756,PRD-00073,1,84.49,28.1,84.49,84.49,56.39
ITM-000012130,ORD-00008756,PRD-00077,1,22.99,8.27,22.99,22.99,14.72
ITM-000012131,ORD-00008757,PRD-00057,1,146.49,75.56,146.49,146.49,70.93
ITM-000012132,ORD-00008757,PRD-00084,1,31.99,15.58,31.99,31.99,16.41
ITM-000012133,ORD-00008758,PRD-00036,1,73.99,30.02,73.99,73.99,43.97
ITM-000012134,ORD-00008759,PRD-00067,1,44.99,16.41,44.99,44.99,28.58
ITM-000012135,ORD-00008760,PRD-00073,1,84.49,28.1,84.49,84.49,56.39
ITM-000012136,ORD-00008761,PRD-00003,1,350.49,212.61,350.49,350.49,137.88
ITM-000012137,ORD-00008762,PRD-00026,1,94.99,41.91,94.99,94.99,53.08
ITM-000012138,ORD-00008763,PRD-00072,1,36.99,11.8,36.99,36.99,25.19
ITM-000012139,ORD-00008763,PRD-00005,1,82.99,47.75,82.99,82.99,35.24
ITM-000012140,ORD-00008764,PRD-00058,1,152.99,69.5,152.99,152.99,83.49
ITM-000012141,ORD-00008764,PRD-00085,1,105.99,56.37,105.99,105.99,49.62
ITM-000012142,ORD-00008765,PRD-00097,1,167.49,87.54,167.49,167.49,79.95
ITM-000012143,ORD-00008766,PRD-00080,1,87.99,32.75,87.99,87.99,55.24
ITM-000012144,ORD-00008767,PRD-00079,1,46.49,15.84,46.49,46.49,30.65
ITM-000012145,ORD-00008768,PRD-00034,1,34.99,12.79,34.99,34.99,22.2
ITM-000012146,ORD-00008769,PRD-00092,1,214.99,101.72,214.99,214.99,113.27
ITM-000012147,ORD-00008769,PRD-00079,1,46.49,15.84,46.49,46.49,30.65
ITM-000012148,ORD-00008770,PRD-00050,1,173.99,93.04,173.99,173.99,80.95
ITM-000012149,ORD-00008771,PRD-00046,2,113.49,52.53,226.98,226.98,121.92
ITM-000012150,ORD-00008772,PRD-00045,1,83.49,36.38,83.49,83.49,47.11
ITM-000012151,ORD-00008773,PRD-00063,1,70.49,27.76,70.49,70.49,42.73
ITM-000012152,ORD-00008774,PRD-00032,1,42.49,17.54,42.49,42.49,24.95
ITM-000012153,ORD-00008774,PRD-00040,1,98.99,45.24,98.99,98.99,53.75
ITM-000012154,ORD-00008774,PRD-00063,1,70.49,27.76,70.49,70.49,42.73
ITM-000012155,ORD-00008775,PRD-00075,1,56.99,20.25,56.99,56.99,36.74
ITM-000012156,ORD-00008776,PRD-00033,1,27.99,11.51,27.99,27.99,16.48
ITM-000012157,ORD-00008777,PRD-00087,2,43.99,24.1,87.98,87.98,39.78
ITM-000012158,ORD-00008777,PRD-00044,2,72.99,36.23,145.98,145.98,73.52
ITM-000012159,ORD-00008777,PRD-00006,1,391.99,223.93,391.99,391.99,168.06
ITM-000012160,ORD-00008778,PRD-00081,2,77.99,39.19,155.98,155.98,77.6
ITM-000012161,ORD-00008779,PRD-00045,2,83.49,36.38,166.98,166.98,94.22
ITM-000012162,ORD-00008780,PRD-00058,2,152.99,69.5,305.98,305.98,166.98
ITM-000012163,ORD-00008781,PRD-00092,3,214.99,101.72,644.97,644.97,339.81
ITM-000012164,ORD-00008782,PRD-00065,1,24.99,5.84,24.99,24.99,19.15
ITM-000012165,ORD-00008783,PRD-00014,1,337.99,200.36,337.99,337.99,137.63
ITM-000012166,ORD-00008784,PRD-00044,1,72.99,36.23,72.99,72.99,36.76
ITM-000012167,ORD-00008785,PRD-00095,2,204.99,100.6,409.98,409.98,208.78
ITM-000012168,ORD-00008785,PRD-00035,1,100.99,39.04,100.99,100.99,61.95
ITM-000012169,ORD-00008786,PRD-00051,1,52.99,21.94,52.99,52.99,31.05
ITM-000012170,ORD-00008787,PRD-00007,1,316.99,172.8,316.99,316.99,144.19
ITM-000012171,ORD-00008788,PRD-00004,2,294.49,168.07,588.98,588.98,252.84
ITM-000012172,ORD-00008789,PRD-00053,1,47.99,23.38,47.99,47.99,24.61
ITM-000012173,ORD-00008789,PRD-00018,1,72.99,37.97,72.99,72.99,35.02
ITM-000012174,ORD-00008789,PRD-00048,2,33.49,15.83,66.98,66.98,35.32
ITM-000012175,ORD-00008790,PRD-00093,1,227.99,111.71,227.99,227.99,116.28
ITM-000012176,ORD-00008790,PRD-00062,1,68.49,27.5,68.49,68.49,40.99
ITM-000012177,ORD-00008791,PRD-00037,1,41.99,15.18,41.99,41.99,26.81
ITM-000012178,ORD-00008792,PRD-00059,1,47.49,23.54,47.49,47.49,23.95
ITM-000012179,ORD-00008792,PRD-00032,1,42.49,17.54,42.49,42.49,24.95
ITM-000012180,ORD-00008793,PRD-00071,1,86.99,31.3,86.99,86.99,55.69
ITM-000012181,ORD-00008793,PRD-00061,1,75.99,20.12,75.99,75.99,55.87
ITM-000012182,ORD-00008793,PRD-00049,1,162.99,86.22,162.99,162.99,76.77
ITM-000012183,ORD-00008794,PRD-00026,1,94.99,41.91,94.99,94.99,53.08
ITM-000012184,ORD-00008794,PRD-00021,2,114.99,46.3,229.98,229.98,137.38
ITM-000012185,ORD-00008794,PRD-00067,1,44.99,16.41,44.99,44.99,28.58
ITM-000012186,ORD-00008795,PRD-00020,1,271.99,147.22,271.99,271.99,124.77
ITM-000012187,ORD-00008796,PRD-00093,1,227.99,111.71,227.99,227.99,116.28
ITM-000012188,ORD-00008797,PRD-00099,2,50.99,27.57,101.98,101.98,46.84
ITM-000012189,ORD-00008798,PRD-00014,1,337.99,200.36,337.99,337.99,137.63
ITM-000012190,ORD-00008799,PRD-00001,1,320.99,176.63,320.99,320.99,144.36
ITM-000012191,ORD-00008800,PRD-00045,2,83.49,36.38,166.98,166.98,94.22
ITM-000012192,ORD-00008801,PRD-00065,1,24.99,5.84,24.99,24.99,19.15
ITM-000012193,ORD-00008802,PRD-00022,1,49.99,20.52,49.99,49.99,29.47
ITM-000012194,ORD-00008803,PRD-00045,1,83.49,36.38,83.49,83.49,47.11
ITM-000012195,ORD-00008804,PRD-00034,1,34.99,12.79,34.99,34.99,22.2
ITM-000012196,ORD-00008805,PRD-00041,1,180.99,84.81,180.99,180.99,96.18
ITM-000012197,ORD-00008806,PRD-00095,1,204.99,100.6,204.99,204.99,104.39
ITM-000012198,ORD-00008807,PRD-00044,1,72.99,36.23,72.99,72.99,36.76
ITM-000012199,ORD-00008808,PRD-00003,1,350.49,212.61,350.49,350.49,137.88
ITM-000012200,ORD-00008809,PRD-00052,1,118.49,48.71,118.49,118.49,69.78
ITM-000012201,ORD-00008810,PRD-00044,1,72.99,36.23,72.99,72.99,36.76
ITM-000012202,ORD-00008811,PRD-00091,1,42.99,22.68,42.99,42.99,20.31
ITM-000012203,ORD-00008812,PRD-00041,1,180.99,84.81,180.99,180.99,96.18
ITM-000012204,ORD-00008813,PRD-00068,1,37.49,12.61,37.49,37.49,24.88
ITM-000012205,ORD-00008814,PRD-00085,1,105.99,56.37,105.99,105.99,49.62
ITM-000012206,ORD-00008815,PRD-00068,1,37.49,12.61,37.49,37.49,24.88
ITM-000012207,ORD-00008816,PRD-00013,1,275.99,176.16,275.99,275.99,99.83
ITM-000012208,ORD-00008817,PRD-00066,1,84.99,33.73,84.99,84.99,51.26
ITM-000012209,ORD-00008818,PRD-00039,1,40.99,18.26,40.99,40.99,22.73
ITM-000012210,ORD-00008819,PRD-00075,3,56.99,20.25,170.97,170.97,110.22
ITM-000012211,ORD-00008820,PRD-00041,1,180.99,84.81,180.99,180.99,96.18
ITM-000012212,ORD-00008820,PRD-00053,3,47.99,23.38,143.97,143.97,73.83
ITM-000012213,ORD-00008821,PRD-00001,1,320.99,176.63,320.99,320.99,144.36
ITM-000012214,ORD-00008822,PRD-00055,1,74.99,31.61,74.99,74.99,43.38
ITM-000012215,ORD-00008823,PRD-00071,1,86.99,31.3,86.99,86.99,55.69
ITM-000012216,ORD-00008823,PRD-00017,1,244.99,144.79,244.99,244.99,100.2
ITM-000012217,ORD-00008824,PRD-00053,1,47.99,23.38,47.99,47.99,24.61
ITM-000012218,ORD-00008824,PRD-00055,1,74.99,31.61,74.99,74.99,43.38
ITM-000012219,ORD-00008825,PRD-00095,1,204.99,100.6,204.99,204.99,104.39
ITM-000012220,ORD-00008825,PRD-00091,1,42.99,22.68,42.99,42.99,20.31
ITM-000012221,ORD-00008825,PRD-00004,1,294.49,168.07,294.49,294.49,126.42
ITM-000012222,ORD-00008826,PRD-00035,1,100.99,39.04,100.99,100.99,61.95
ITM-000012223,ORD-00008827,PRD-00025,2,55.99,23.35,111.98,111.98,65.28
ITM-000012224,ORD-00008828,PRD-00029,1,94.49,33.63,94.49,94.49,60.86
ITM-000012225,ORD-00008829,PRD-00095,1,204.99,100.6,204.99,204.99,104.39
ITM-000012226,ORD-00008830,PRD-00064,1,24.99,6.91,24.99,24.99,18.08
ITM-000012227,ORD-00008830,PRD-00049,2,162.99,86.22,325.98,325.98,153.54
ITM-000012228,ORD-00008831,PRD-00084,1,31.99,15.58,31.99,31.99,16.41
ITM-000012229,ORD-00008832,PRD-00090,2,232.99,113.86,465.98,465.98,238.26
ITM-000012230,ORD-00008832,PRD-00074,1,16.99,6.2,16.99,16.99,10.79
ITM-000012231,ORD-00008833,PRD-00046,1,113.49,52.53,113.49,113.49,60.96
ITM-000012232,ORD-00008834,PRD-00091,1,42.99,22.68,42.99,42.99,20.31
ITM-000012233,ORD-00008835,PRD-00079,1,46.49,15.84,46.49,46.49,30.65
ITM-000012234,ORD-00008836,PRD-00008,1,325.99,186.16,325.99,325.99,139.83
ITM-000012235,ORD-00008837,PRD-00018,1,72.99,37.97,72.99,72.99,35.02
ITM-000012236,ORD-00008838,PRD-00018,1,72.99,37.97,72.99,72.99,35.02
ITM-000012237,ORD-00008839,PRD-00073,1,84.49,28.1,84.49,84.49,56.39
ITM-000012238,ORD-00008839,PRD-00100,1,143.99,66.17,143.99,143.99,77.82
ITM-000012239,ORD-00008840,PRD-00003,1,350.49,212.61,350.49,350.49,137.88
ITM-000012240,ORD-00008840,PRD-00088,1,211.99,101.84,211.99,211.99,110.15
ITM-000012241,ORD-00008841,PRD-00013,3,275.99,176.16,827.97,827.97,299.49
ITM-000012242,ORD-00008842,PRD-00076,1,62.99,25.51,62.99,62.99,37.48
ITM-000012243,ORD-00008843,PRD-00074,1,16.99,6.2,16.99,16.99,10.79
ITM-000012244,ORD-00008843,PRD-00067,1,44.99,16.41,44.99,44.99,28.58
ITM-000012245,ORD-00008844,PRD-00031,1,110.99,51.16,110.99,110.99,59.83
ITM-000012246,ORD-00008845,PRD-00079,1,46.49,15.84,46.49,46.49,30.65
ITM-000012247,ORD-00008845,PRD-00083,1,115.99,58.28,115.99,115.99,57.71
ITM-000012248,ORD-00008846,PRD-00043,2,105.99,49.95,211.98,211.98,112.08
ITM-000012249,ORD-00008846,PRD-00033,1,27.99,11.51,27.99,27.99,16.48
ITM-000012250,ORD-00008846,PRD-00062,1,68.49,27.5,68.49,68.49,40.99
ITM-000012251,ORD-00008847,PRD-00028,1,107.49,45.05,107.49,107.49,62.44
ITM-000012252,ORD-00008848,PRD-00054,3,137.99,68.35,413.97,413.97,208.92
ITM-000012253,ORD-00008849,PRD-00009,3,94.99,52.51,284.97,284.97,127.44
ITM-000012254,ORD-00008850,PRD-00015,1,205.99,123.35,205.99,205.99,82.64
ITM-000012255,ORD-00008850,PRD-00097,1,167.49,87.54,167.49,167.49,79.95
ITM-000012256,ORD-00008851,PRD-00050,1,173.99,93.04,173.99,173.99,80.95
ITM-000012257,ORD-00008852,PRD-00019,1,339.99,208.97,339.99,339.99,131.02
ITM-000012258,ORD-00008853,PRD-00070,1,64.99,25.31,64.99,64.99,39.68
ITM-000012259,ORD-00008853,PRD-00037,1,41.99,15.18,41.99,41.99,26.81
ITM-000012260,ORD-00008854,PRD-00008,1,325.99,186.16,325.99,325.99,139.83
ITM-000012261,ORD-00008855,PRD-00073,1,84.49,28.1,84.49,84.49,56.39
ITM-000012262,ORD-00008856,PRD-00044,1,72.99,36.23,72.99,72.99,36.76
ITM-000012263,ORD-00008856,PRD-00032,1,42.49,17.54,42.49,42.49,24.95
ITM-000012264,ORD-00008857,PRD-00089,2,31.99,18.14,63.98,63.98,27.7
ITM-000012265,ORD-00008858,PRD-00066,1,84.99,33.73,84.99,84.99,51.26
ITM-000012266,ORD-00008859,PRD-00034,1,34.99,12.79,34.99,34.99,22.2
ITM-000012267,ORD-00008859,PRD-00082,1,151.49,68.21,151.49,151.49,83.28
ITM-000012268,ORD-00008860,PRD-00057,2,146.49,75.56,292.98,292.98,141.86
ITM-000012269,ORD-00008860,PRD-00092,1,214.99,101.72,214.99,214.99,113.27
ITM-000012270,ORD-00008860,PRD-00094,1,245.99,110.0,245.99,245.99,135.99
ITM-000012271,ORD-00008861,PRD-00042,1,121.99,52.18,121.99,121.99,69.81
ITM-000012272,ORD-00008862,PRD-00055,1,74.99,31.61,74.99,74.99,43.38
ITM-000012273,ORD-00008863,PRD-00080,1,87.99,32.75,87.99,87.99,55.24
ITM-000012274,ORD-00008864,PRD-00051,2,52.99,21.94,105.98,105.98,62.1
ITM-000012275,ORD-00008865,PRD-00076,1,62.99,25.51,62.99,62.99,37.48
ITM-000012276,ORD-00008866,PRD-00013,2,275.99,176.16,551.98,551.98,199.66
ITM-000012277,ORD-00008867,PRD-00026,2,94.99,41.91,189.98,189.98,106.16
ITM-000012278,ORD-00008868,PRD-00034,2,34.99,12.79,69.98,69.98,44.4
ITM-000012279,ORD-00008868,PRD-00002,1,203.99,113.88,203.99,203.99,90.11
ITM-000012280,ORD-00008869,PRD-00096,1,199.99,116.57,199.99,199.99,83.42
ITM-000012281,ORD-00008870,PRD-00010,1,207.99,120.07,207.99,207.99,87.92
ITM-000012282,ORD-00008871,PRD-00012,1,374.49,207.75,374.49,374.49,166.74
ITM-000012283,ORD-00008872,PRD-00035,1,100.99,39.04,100.99,100.99,61.95
ITM-000012284,ORD-00008872,PRD-00069,1,51.99,14.6,51.99,51.99,37.39
ITM-000012285,ORD-00008873,PRD-00091,1,42.99,22.68,42.99,42.99,20.31
ITM-000012286,ORD-00008874,PRD-00004,1,294.49,168.07,294.49,294.49,126.42
ITM-000012287,ORD-00008875,PRD-00067,1,44.99,16.41,44.99,44.99,28.58
ITM-000012288,ORD-00008875,PRD-00078,1,25.99,9.37,25.99,25.99,16.62
ITM-000012289,ORD-00008875,PRD-00099,1,50.99,27.57,50.99,50.99,23.42
ITM-000012290,ORD-00008876,PRD-00094,1,245.99,110.0,245.99,245.99,135.99
ITM-000012291,ORD-00008877,PRD-00094,1,245.99,110.0,245.99,245.99,135.99
ITM-000012292,ORD-00008878,PRD-00023,1,31.99,14.2,31.99,31.99,17.79
ITM-000012293,ORD-00008879,PRD-00087,1,43.99,24.1,43.99,43.99,19.89
ITM-000012294,ORD-00008879,PRD-00005,1,82.99,47.75,82.99,82.99,35.24
ITM-000012295,ORD-00008879,PRD-00061,1,75.99,20.12,75.99,75.99,55.87
ITM-000012296,ORD-00008880,PRD-00057,1,146.49,75.56,146.49,146.49,70.93
ITM-000012297,ORD-00008881,PRD-00013,2,275.99,176.16,551.98,551.98,199.66
ITM-000012298,ORD-00008881,PRD-00097,1,167.49,87.54,167.49,167.49,79.95
ITM-000012299,ORD-00008882,PRD-00024,2,54.99,26.28,109.98,109.98,57.42
ITM-000012300,ORD-00008883,PRD-00013,1,275.99,176.16,275.99,275.99,99.83
ITM-000012301,ORD-00008883,PRD-00074,1,16.99,6.2,16.99,16.99,10.79
ITM-000012302,ORD-00008884,PRD-00031,1,110.99,51.16,110.99,110.99,59.83
ITM-000012303,ORD-00008885,PRD-00053,1,47.99,23.38,47.99,47.99,24.61
ITM-000012304,ORD-00008885,PRD-00034,1,34.99,12.79,34.99,34.99,22.2
ITM-000012305,ORD-00008886,PRD-00018,1,72.99,37.97,72.99,72.99,35.02
ITM-000012306,ORD-00008886,PRD-00012,1,374.49,207.75,374.49,374.49,166.74
ITM-000012307,ORD-00008886,PRD-00009,1,94.99,52.51,94.99,94.99,42.48
ITM-000012308,ORD-00008887,PRD-00059,1,47.49,23.54,47.49,47.49,23.95
ITM-000012309,ORD-00008888,PRD-00007,1,316.99,172.8,316.99,316.99,144.19
ITM-000012310,ORD-00008889,PRD-00070,1,64.99,25.31,64.99,64.99,39.68
ITM-000012311,ORD-00008889,PRD-00020,1,271.99,147.22,271.99,271.99,124.77
ITM-000012312,ORD-00008890,PRD-00012,1,374.49,207.75,374.49,374.49,166.74
ITM-000012313,ORD-00008891,PRD-00003,1,350.49,212.61,350.49,350.49,137.88
ITM-000012314,ORD-00008892,PRD-00046,1,113.49,52.53,113.49,113.49,60.96
ITM-000012315,ORD-00008892,PRD-00098,1,199.49,113.09,199.49,199.49,86.4
ITM-000012316,ORD-00008892,PRD-00033,1,27.99,11.51,27.99,27.99,16.48
ITM-000012317,ORD-00008893,PRD-00045,1,83.49,36.38,83.49,83.49,47.11
ITM-000012318,ORD-00008894,PRD-00041,1,180.99,84.81,180.99,180.99,96.18
ITM-000012319,ORD-00008895,PRD-00002,1,203.99,113.88,203.99,203.99,90.11
ITM-000012320,ORD-00008896,PRD-00085,1,105.99,56.37,105.99,105.99,49.62
ITM-000012321,ORD-00008896,PRD-00029,1,94.49,33.63,94.49,94.49,60.86
ITM-000012322,ORD-00008896,PRD-00084,1,31.99,15.58,31.99,31.99,16.41
ITM-000012323,ORD-00008897,PRD-00037,1,41.99,15.18,41.99,41.99,26.81
ITM-000012324,ORD-00008897,PRD-00010,1,207.99,120.07,207.99,207.99,87.92
ITM-000012325,ORD-00008898,PRD-00042,1,121.99,52.18,121.99,121.99,69.81
ITM-000012326,ORD-00008898,PRD-00064,1,24.99,6.91,24.99,24.99,18.08
ITM-000012327,ORD-00008898,PRD-00085,1,105.99,56.37,105.99,105.99,49.62
ITM-000012328,ORD-00008899,PRD-00097,1,167.49,87.54,167.49,167.49,79.95
ITM-000012329,ORD-00008900,PRD-00067,1,44.99,16.41,44.99,44.99,28.58
ITM-000012330,ORD-00008901,PRD-00031,1,110.99,51.16,110.99,110.99,59.83
ITM-000012331,ORD-00008901,PRD-00078,1,25.99,9.37,25.99,25.99,16.62
ITM-000012332,ORD-00008902,PRD-00064,1,24.99,6.91,24.99,24.99,18.08
ITM-000012333,ORD-00008903,PRD-00070,1,64.99,25.31,64.99,64.99,39.68
ITM-000012334,ORD-00008904,PRD-00033,1,27.99,11.51,27.99,27.99,16.48
ITM-000012335,ORD-00008905,PRD-00034,1,34.99,12.79,34.99,34.99,22.2
ITM-000012336,ORD-00008906,PRD-00069,1,51.99,14.6,51.99,51.99,37.39
ITM-000012337,ORD-00008907,PRD-00058,1,152.99,69.5,152.99,152.99,83.49
ITM-000012338,ORD-00008908,PRD-00006,1,391.99,223.93,391.99,391.99,168.06
ITM-000012339,ORD-00008908,PRD-00058,1,152.99,69.5,152.99,152.99,83.49
ITM-000012340,ORD-00008909,PRD-00052,1,118.49,48.71,118.49,118.49,69.78
ITM-000012341,ORD-00008910,PRD-00067,1,44.99,16.41,44.99,44.99,28.58
ITM-000012342,ORD-00008911,PRD-00096,1,199.99,116.57,199.99,199.99,83.42
ITM-000012343,ORD-00008912,PRD-00073,1,84.49,28.1,84.49,84.49,56.39
ITM-000012344,ORD-00008912,PRD-00025,1,55.99,23.35,55.99,55.99,32.64
ITM-000012345,ORD-00008913,PRD-00066,1,84.99,33.73,84.99,84.99,51.26
ITM-000012346,ORD-00008914,PRD-00099,1,50.99,27.57,50.99,50.99,23.42
ITM-000012347,ORD-00008914,PRD-00066,1,84.99,33.73,84.99,84.99,51.26
ITM-000012348,ORD-00008914,PRD-00001,1,320.99,176.63,320.99,320.99,144.36
ITM-000012349,ORD-00008915,PRD-00006,1,391.99,223.93,391.99,391.99,168.06
ITM-000012350,ORD-00008916,PRD-00011,1,179.99,102.31,179.99,179.99,77.68
ITM-000012351,ORD-00008917,PRD-00002,1,203.99,113.88,203.99,203.99,90.11
ITM-000012352,ORD-00008917,PRD-00072,1,36.99,11.8,36.99,36.99,25.19
ITM-000012353,ORD-00008918,PRD-00064,1,24.99,6.91,24.99,24.99,18.08
ITM-000012354,ORD-00008919,PRD-00007,1,316.99,172.8,316.99,316.99,144.19
ITM-000012355,ORD-00008919,PRD-00015,1,205.99,123.35,205.99,205.99,82.64
ITM-000012356,ORD-00008920,PRD-00056,1,135.49,71.03,135.49,135.49,64.46
ITM-000012357,ORD-00008920,PRD-00053,1,47.99,23.38,47.99,47.99,24.61
ITM-000012358,ORD-00008920,PRD-00077,1,22.99,8.27,22.99,22.99,14.72
ITM-000012359,ORD-00008921,PRD-00037,1,41.99,15.18,41.99,41.99,26.81
ITM-000012360,ORD-00008921,PRD-00095,1,204.99,100.6,204.99,204.99,104.39
ITM-000012361,ORD-00008922,PRD-00078,1,25.99,9.37,25.99,25.99,16.62
ITM-000012362,ORD-00008923,PRD-00008,1,325.99,186.16,325.99,325.99,139.83
ITM-000012363,ORD-00008923,PRD-00042,1,121.99,52.18,121.99,121.99,69.81
ITM-000012364,ORD-00008924,PRD-00080,1,87.99,32.75,87.99,87.99,55.24
ITM-000012365,ORD-00008924,PRD-00092,1,214.99,101.72,214.99,214.99,113.27
ITM-000012366,ORD-00008925,PRD-00085,1,105.99,56.37,105.99,105.99,49.62
ITM-000012367,ORD-00008926,PRD-00007,1,316.99,172.8,316.99,316.99,144.19
ITM-000012368,ORD-00008927,PRD-00067,1,44.99,16.41,44.99,44.99,28.58
ITM-000012369,ORD-00008928,PRD-00093,1,227.99,111.71,227.99,227.99,116.28
ITM-000012370,ORD-00008929,PRD-00011,3,179.99,102.31,539.97,539.97,233.04
ITM-000012371,ORD-00008930,PRD-00004,1,294.49,168.07,294.49,294.49,126.42
ITM-000012372,ORD-00008930,PRD-00070,1,64.99,25.31,64.99,64.99,39.68
ITM-000012373,ORD-00008931,PRD-00009,3,94.99,52.51,284.97,284.97,127.44
ITM-000012374,ORD-00008932,PRD-00044,1,72.99,36.23,72.99,72.99,36.76
ITM-000012375,ORD-00008932,PRD-00006,2,391.99,223.93,783.98,783.98,336.12
ITM-000012376,ORD-00008933,PRD-00018,1,72.99,37.97,72.99,72.99,35.02
ITM-000012377,ORD-00008934,PRD-00086,1,140.99,72.94,140.99,140.99,68.05
ITM-000012378,ORD-00008934,PRD-00088,1,211.99,101.84,211.99,211.99,110.15
ITM-000012379,ORD-00008935,PRD-00075,1,56.99,20.25,56.99,56.99,36.74
ITM-000012380,ORD-00008936,PRD-00050,1,173.99,93.04,173.99,173.99,80.95
ITM-000012381,ORD-00008937,PRD-00080,1,87.99,32.75,87.99,87.99,55.24
ITM-000012382,ORD-00008938,PRD-00055,1,74.99,31.61,74.99,74.99,43.38
ITM-000012383,ORD-00008938,PRD-00066,1,84.99,33.73,84.99,84.99,51.26
ITM-000012384,ORD-00008939,PRD-00098,1,199.49,113.09,199.49,199.49,86.4
ITM-000012385,ORD-00008940,PRD-00002,1,203.99,113.88,203.99,203.99,90.11
ITM-000012386,ORD-00008941,PRD-00032,1,42.49,17.54,42.49,42.49,24.95
ITM-000012387,ORD-00008942,PRD-00075,1,56.99,20.25,56.99,56.99,36.74
ITM-000012388,ORD-00008943,PRD-00062,1,68.49,27.5,68.49,68.49,40.99
ITM-000012389,ORD-00008944,PRD-00092,1,214.99,101.72,214.99,214.99,113.27
ITM-000012390,ORD-00008944,PRD-00061,3,75.99,20.12,227.97,227.97,167.61
ITM-000012391,ORD-00008945,PRD-00071,1,86.99,31.3,86.99,86.99,55.69
ITM-000012392,ORD-00008946,PRD-00019,1,339.99,208.97,339.99,339.99,131.02
ITM-000012393,ORD-00008947,PRD-00073,1,84.49,28.1,84.49,84.49,56.39
ITM-000012394,ORD-00008947,PRD-00066,1,84.99,33.73,84.99,84.99,51.26
ITM-000012395,ORD-00008947,PRD-00033,1,27.99,11.51,27.99,27.99,16.48
ITM-000012396,ORD-00008948,PRD-00010,1,207.99,120.07,207.99,207.99,87.92
ITM-000012397,ORD-00008948,PRD-00030,1,67.99,29.21,67.99,67.99,38.78
ITM-000012398,ORD-00008948,PRD-00097,1,167.49,87.54,167.49,167.49,79.95
ITM-000012399,ORD-00008949,PRD-00016,1,129.99,78.72,129.99,129.99,51.27
ITM-000012400,ORD-00008950,PRD-00047,1,100.99,42.27,100.99,100.99,58.72
ITM-000012401,ORD-00008951,PRD-00048,1,33.49,15.83,33.49,33.49,17.66
ITM-000012402,ORD-00008952,PRD-00086,1,140.99,72.94,140.99,140.99,68.05
ITM-000012403,ORD-00008953,PRD-00003,1,350.49,212.61,350.49,350.49,137.88
ITM-000012404,ORD-00008954,PRD-00004,1,294.49,168.07,294.49,294.49,126.42
ITM-000012405,ORD-00008954,PRD-00043,1,105.99,49.95,105.99,105.99,56.04
ITM-000012406,ORD-00008955,PRD-00030,1,67.99,29.21,67.99,67.99,38.78
ITM-000012407,ORD-00008956,PRD-00014,1,337.99,200.36,337.99,337.99,137.63
ITM-000012408,ORD-00008957,PRD-00078,1,25.99,9.37,25.99,25.99,16.62
ITM-000012409,ORD-00008958,PRD-00047,1,100.99,42.27,100.99,100.99,58.72
ITM-000012410,ORD-00008959,PRD-00007,1,316.99,172.8,316.99,316.99,144.19
ITM-000012411,ORD-00008960,PRD-00079,1,46.49,15.84,46.49,46.49,30.65
ITM-000012412,ORD-00008960,PRD-00080,1,87.99,32.75,87.99,87.99,55.24
ITM-000012413,ORD-00008960,PRD-00091,1,42.99,22.68,42.99,42.99,20.31
ITM-000012414,ORD-00008961,PRD-00050,1,173.99,93.04,173.99,173.99,80.95
ITM-000012415,ORD-00008962,PRD-00051,3,52.99,21.94,158.97,158.97,93.15
ITM-000012416,ORD-00008963,PRD-00009,1,94.99,52.51,94.99,94.99,42.48
ITM-000012417,ORD-00008964,PRD-00060,1,176.49,84.75,176.49,176.49,91.74
ITM-000012418,ORD-00008965,PRD-00057,1,146.49,75.56,146.49,146.49,70.93
ITM-000012419,ORD-00008966,PRD-00016,1,129.99,78.72,129.99,129.99,51.27
ITM-000012420,ORD-00008966,PRD-00093,2,227.99,111.71,455.98,455.98,232.56
ITM-000012421,ORD-00008967,PRD-00094,1,245.99,110.0,245.99,245.99,135.99
ITM-000012422,ORD-00008968,PRD-00002,1,203.99,113.88,203.99,203.99,90.11
ITM-000012423,ORD-00008968,PRD-00082,1,151.49,68.21,151.49,151.49,83.28
ITM-000012424,ORD-00008969,PRD-00057,1,146.49,75.56,146.49,146.49,70.93
ITM-000012425,ORD-00008970,PRD-00092,1,214.99,101.72,214.99,214.99,113.27
ITM-000012426,ORD-00008971,PRD-00019,1,339.99,208.97,339.99,339.99,131.02
ITM-000012427,ORD-00008972,PRD-00009,1,94.99,52.51,94.99,94.99,42.48
ITM-000012428,ORD-00008973,PRD-00016,1,129.99,78.72,129.99,129.99,51.27
ITM-000012429,ORD-00008974,PRD-00082,1,151.49,68.21,151.49,151.49,83.28
ITM-000012430,ORD-00008974,PRD-00023,1,31.99,14.2,31.99,31.99,17.79
ITM-000012431,ORD-00008975,PRD-00007,1,316.99,172.8,316.99,316.99,144.19
ITM-000012432,ORD-00008976,PRD-00063,1,70.49,27.76,70.49,70.49,42.73
ITM-000012433,ORD-00008977,PRD-00063,1,70.49,27.76,70.49,70.49,42.73
ITM-000012434,ORD-00008978,PRD-00027,1,83.99,34.49,83.99,83.99,49.5
ITM-000012435,ORD-00008979,PRD-00057,1,146.49,75.56,146.49,146.49,70.93
ITM-000012436,ORD-00008980,PRD-00040,1,98.99,45.24,98.99,98.99,53.75
ITM-000012437,ORD-00008981,PRD-00033,2,27.99,11.51,55.98,55.98,32.96
ITM-000012438,ORD-00008982,PRD-00013,1,275.99,176.16,275.99,275.99,99.83
ITM-000012439,ORD-00008983,PRD-00093,3,227.99,111.71,683.97,683.97,348.84
ITM-000012440,ORD-00008984,PRD-00020,1,271.99,147.22,271.99,271.99,124.77
ITM-000012441,ORD-00008984,PRD-00049,1,162.99,86.22,162.99,162.99,76.77
ITM-000012442,ORD-00008984,PRD-00066,1,84.99,33.73,84.99,84.99,51.26
ITM-000012443,ORD-00008985,PRD-00023,1,31.99,14.2,31.99,31.99,17.79
ITM-000012444,ORD-00008986,PRD-00100,1,143.99,66.17,143.99,143.99,77.82
ITM-000012445,ORD-00008987,PRD-00020,1,271.99,147.22,271.99,271.99,124.77
ITM-000012446,ORD-00008987,PRD-00003,1,350.49,212.61,350.49,350.49,137.88
ITM-000012447,ORD-00008988,PRD-00049,2,162.99,86.22,325.98,325.98,153.54
ITM-000012448,ORD-00008988,PRD-00036,1,73.99,30.02,73.99,73.99,43.97
ITM-000012449,ORD-00008989,PRD-00076,1,62.99,25.51,62.99,62.99,37.48
ITM-000012450,ORD-00008990,PRD-00066,3,84.99,33.73,254.97,254.97,153.78
ITM-000012451,ORD-00008991,PRD-00093,1,227.99,111.71,227.99,227.99,116.28
ITM-000012452,ORD-00008992,PRD-00008,1,325.99,186.16,325.99,325.99,139.83
ITM-000012453,ORD-00008992,PRD-00036,1,73.99,30.02,73.99,73.99,43.97
ITM-000012454,ORD-00008993,PRD-00048,1,33.49,15.83,33.49,33.49,17.66
ITM-000012455,ORD-00008994,PRD-00022,1,49.99,20.52,49.99,49.99,29.47
ITM-000012456,ORD-00008995,PRD-00089,1,31.99,18.14,31.99,31.99,13.85
ITM-000012457,ORD-00008996,PRD-00093,1,227.99,111.71,227.99,227.99,116.28
ITM-000012458,ORD-00008997,PRD-00060,1,176.49,84.75,176.49,176.49,91.74
ITM-000012459,ORD-00008998,PRD-00010,1,207.99,120.07,207.99,207.99,87.92
ITM-000012460,ORD-00008998,PRD-00027,1,83.99,34.49,83.99,83.99,49.5
ITM-000012461,ORD-00008999,PRD-00031,1,110.99,51.16,110.99,110.99,59.83
ITM-000012462,ORD-00009000,PRD-00046,1,113.49,52.53,113.49,113.49,60.96
ITM-000012463,ORD-00009001,PRD-00092,1,214.99,101.72,214.99,214.99,113.27
ITM-000012464,ORD-00009002,PRD-00006,3,391.99,223.93,1175.97,1175.97,504.18
ITM-000012465,ORD-00009003,PRD-00077,1,22.99,8.27,22.99,22.99,14.72
ITM-000012466,ORD-00009004,PRD-00030,1,67.99,29.21,67.99,67.99,38.78
ITM-000012467,ORD-00009004,PRD-00006,1,391.99,223.93,391.99,391.99,168.06
ITM-000012468,ORD-00009005,PRD-00014,1,337.99,200.36,337.99,337.99,137.63
ITM-000012469,ORD-00009005,PRD-00065,1,24.99,5.84,24.99,24.99,19.15
ITM-000012470,ORD-00009006,PRD-00010,2,207.99,120.07,415.98,415.98,175.84
ITM-000012471,ORD-00009007,PRD-00009,3,94.99,52.51,284.97,284.97,127.44
ITM-000012472,ORD-00009008,PRD-00093,1,227.99,111.71,227.99,227.99,116.28
ITM-000012473,ORD-00009009,PRD-00034,1,34.99,12.79,34.99,34.99,22.2
ITM-000012474,ORD-00009010,PRD-00027,1,83.99,34.49,83.99,83.99,49.5
ITM-000012475,ORD-00009010,PRD-00067,1,44.99,16.41,44.99,44.99,28.58
ITM-000012476,ORD-00009010,PRD-00093,1,227.99,111.71,227.99,227.99,116.28
ITM-000012477,ORD-00009011,PRD-00059,1,47.49,23.54,47.49,47.49,23.95
ITM-000012478,ORD-00009012,PRD-00066,1,84.99,33.73,84.99,84.99,51.26
ITM-000012479,ORD-00009013,PRD-00089,2,31.99,18.14,63.98,63.98,27.7
ITM-000012480,ORD-00009014,PRD-00090,1,232.99,113.86,232.99,232.99,119.13
ITM-000012481,ORD-00009015,PRD-00002,2,203.99,113.88,407.98,407.98,180.22
ITM-000012482,ORD-00009016,PRD-00075,1,56.99,20.25,56.99,56.99,36.74
ITM-000012483,ORD-00009017,PRD-00069,1,51.99,14.6,51.99,51.99,37.39
ITM-000012484,ORD-00009017,PRD-00081,1,77.99,39.19,77.99,77.99,38.8
ITM-000012485,ORD-00009018,PRD-00097,2,167.49,87.54,334.98,334.98,159.9
ITM-000012486,ORD-00009019,PRD-00048,1,33.49,15.83,33.49,33.49,17.66
ITM-000012487,ORD-00009019,PRD-00050,2,173.99,93.04,347.98,347.98,161.9
ITM-000012488,ORD-00009019,PRD-00030,1,67.99,29.21,67.99,67.99,38.78
ITM-000012489,ORD-00009020,PRD-00053,1,47.99,23.38,47.99,47.99,24.61
ITM-000012490,ORD-00009020,PRD-00050,1,173.99,93.04,173.99,173.99,80.95
ITM-000012491,ORD-00009021,PRD-00052,1,118.49,48.71,118.49,118.49,69.78
ITM-000012492,ORD-00009022,PRD-00019,1,339.99,208.97,339.99,339.99,131.02
ITM-000012493,ORD-00009023,PRD-00023,1,31.99,14.2,31.99,31.99,17.79
ITM-000012494,ORD-00009024,PRD-00064,1,24.99,6.91,24.99,24.99,18.08
ITM-000012495,ORD-00009025,PRD-00010,1,207.99,120.07,207.99,207.99,87.92
ITM-000012496,ORD-00009026,PRD-00009,1,94.99,52.51,94.99,94.99,42.48
ITM-000012497,ORD-00009026,PRD-00070,1,64.99,25.31,64.99,64.99,39.68
ITM-000012498,ORD-00009027,PRD-00090,1,232.99,113.86,232.99,232.99,119.13
ITM-000012499,ORD-00009027,PRD-00065,1,24.99,5.84,24.99,24.99,19.15
ITM-000012500,ORD-00009027,PRD-00062,2,68.49,27.5,136.98,136.98,81.98
ITM-000012501,ORD-00009028,PRD-00068,1,37.49,12.61,37.49,37.49,24.88
ITM-000012502,ORD-00009029,PRD-00051,1,52.99,21.94,52.99,52.99,31.05
ITM-000012503,ORD-00009030,PRD-00027,1,83.99,34.49,83.99,83.99,49.5
ITM-000012504,ORD-00009031,PRD-00091,1,42.99,22.68,42.99,42.99,20.31
ITM-000012505,ORD-00009032,PRD-00007,1,316.99,172.8,316.99,316.99,144.19
ITM-000012506,ORD-00009033,PRD-00011,1,179.99,102.31,179.99,179.99,77.68
ITM-000012507,ORD-00009034,PRD-00019,1,339.99,208.97,339.99,339.99,131.02
ITM-000012508,ORD-00009035,PRD-00005,1,82.99,47.75,82.99,82.99,35.24
ITM-000012509,ORD-00009036,PRD-00008,1,325.99,186.16,325.99,325.99,139.83
ITM-000012510,ORD-00009037,PRD-00046,1,113.49,52.53,113.49,113.49,60.96
ITM-000012511,ORD-00009037,PRD-00084,1,31.99,15.58,31.99,31.99,16.41
ITM-000012512,ORD-00009037,PRD-00041,1,180.99,84.81,180.99,180.99,96.18
ITM-000012513,ORD-00009038,PRD-00094,1,245.99,110.0,245.99,245.99,135.99
ITM-000012514,ORD-00009038,PRD-00044,1,72.99,36.23,72.99,72.99,36.76
ITM-000012515,ORD-00009039,PRD-00059,1,47.49,23.54,47.49,47.49,23.95
ITM-000012516,ORD-00009040,PRD-00006,2,391.99,223.93,783.98,783.98,336.12
ITM-000012517,ORD-00009041,PRD-00034,1,34.99,12.79,34.99,34.99,22.2
ITM-000012518,ORD-00009042,PRD-00043,1,105.99,49.95,105.99,105.99,56.04
ITM-000012519,ORD-00009042,PRD-00048,1,33.49,15.83,33.49,33.49,17.66
ITM-000012520,ORD-00009043,PRD-00017,1,244.99,144.79,244.99,244.99,100.2
ITM-000012521,ORD-00009043,PRD-00047,1,100.99,42.27,100.99,100.99,58.72
ITM-000012522,ORD-00009044,PRD-00017,1,244.99,144.79,244.99,244.99,100.2
ITM-000012523,ORD-00009044,PRD-00091,1,42.99,22.68,42.99,42.99,20.31
ITM-000012524,ORD-00009044,PRD-00097,2,167.49,87.54,334.98,334.98,159.9
ITM-000012525,ORD-00009045,PRD-00061,1,75.99,20.12,75.99,75.99,55.87
ITM-000012526,ORD-00009046,PRD-00027,1,83.99,34.49,83.99,83.99,49.5
ITM-000012527,ORD-00009046,PRD-00058,1,152.99,69.5,152.99,152.99,83.49
ITM-000012528,ORD-00009047,PRD-00035,1,100.99,39.04,100.99,100.99,61.95
ITM-000012529,ORD-00009048,PRD-00077,1,22.99,8.27,22.99,22.99,14.72
ITM-000012530,ORD-00009049,PRD-00056,1,135.49,71.03,135.49,135.49,64.46
ITM-000012531,ORD-00009049,PRD-00027,1,83.99,34.49,83.99,83.99,49.5
ITM-000012532,ORD-00009050,PRD-00062,1,68.49,27.5,68.49,68.49,40.99
ITM-000012533,ORD-00009051,PRD-00007,1,316.99,172.8,316.99,316.99,144.19
ITM-000012534,ORD-00009052,PRD-00074,1,16.99,6.2,16.99,16.99,10.79
ITM-000012535,ORD-00009052,PRD-00004,1,294.49,168.07,294.49,294.49,126.42
ITM-000012536,ORD-00009053,PRD-00079,1,46.49,15.84,46.49,46.49,30.65
ITM-000012537,ORD-00009054,PRD-00078,2,25.99,9.37,51.98,51.98,33.24
ITM-000012538,ORD-00009055,PRD-00037,1,41.99,15.18,41.99,41.99,26.81
ITM-000012539,ORD-00009055,PRD-00002,1,203.99,113.88,203.99,203.99,90.11
ITM-000012540,ORD-00009055,PRD-00059,2,47.49,23.54,94.98,94.98,47.9
ITM-000012541,ORD-00009056,PRD-00006,2,391.99,223.93,783.98,783.98,336.12
ITM-000012542,ORD-00009057,PRD-00046,1,113.49,52.53,113.49,113.49,60.96
ITM-000012543,ORD-00009058,PRD-00028,1,107.49,45.05,107.49,107.49,62.44
ITM-000012544,ORD-00009059,PRD-00099,1,50.99,27.57,50.99,50.99,23.42
ITM-000012545,ORD-00009060,PRD-00057,1,146.49,75.56,146.49,146.49,70.93
ITM-000012546,ORD-00009061,PRD-00002,1,203.99,113.88,203.99,203.99,90.11
ITM-000012547,ORD-00009062,PRD-00071,1,86.99,31.3,86.99,86.99,55.69
ITM-000012548,ORD-00009063,PRD-00038,1,77.49,36.23,77.49,77.49,41.26
ITM-000012549,ORD-00009064,PRD-00099,1,50.99,27.57,50.99,50.99,23.42
ITM-000012550,ORD-00009064,PRD-00020,1,271.99,147.22,271.99,271.99,124.77
ITM-000012551,ORD-00009064,PRD-00085,1,105.99,56.37,105.99,105.99,49.62
ITM-000012552,ORD-00009065,PRD-00046,1,113.49,52.53,113.49,113.49,60.96
ITM-000012553,ORD-00009066,PRD-00079,2,46.49,15.84,92.98,92.98,61.3
ITM-000012554,ORD-00009066,PRD-00026,1,94.99,41.91,94.99,94.99,53.08
ITM-000012555,ORD-00009066,PRD-00002,1,203.99,113.88,203.99,203.99,90.11
ITM-000012556,ORD-00009067,PRD-00099,1,50.99,27.57,50.99,50.99,23.42
ITM-000012557,ORD-00009068,PRD-00095,1,204.99,100.6,204.99,204.99,104.39
ITM-000012558,ORD-00009068,PRD-00097,1,167.49,87.54,167.49,167.49,79.95
ITM-000012559,ORD-00009069,PRD-00014,1,337.99,200.36,337.99,337.99,137.63
ITM-000012560,ORD-00009069,PRD-00001,1,320.99,176.63,320.99,320.99,144.36
ITM-000012561,ORD-00009069,PRD-00063,1,70.49,27.76,70.49,70.49,42.73
ITM-000012562,ORD-00009070,PRD-00046,1,113.49,52.53,113.49,113.49,60.96
ITM-000012563,ORD-00009071,PRD-00072,1,36.99,11.8,36.99,36.99,25.19
ITM-000012564,ORD-00009072,PRD-00033,1,27.99,11.51,27.99,27.99,16.48
ITM-000012565,ORD-00009073,PRD-00001,1,320.99,176.63,320.99,320.99,144.36
ITM-000012566,ORD-00009074,PRD-00062,1,68.49,27.5,68.49,68.49,40.99
ITM-000012567,ORD-00009074,PRD-00014,1,337.99,200.36,337.99,337.99,137.63
ITM-000012568,ORD-00009075,PRD-00062,2,68.49,27.5,136.98,136.98,81.98
ITM-000012569,ORD-00009075,PRD-00025,1,55.99,23.35,55.99,55.99,32.64
ITM-000012570,ORD-00009076,PRD-00086,1,140.99,72.94,140.99,140.99,68.05
ITM-000012571,ORD-00009076,PRD-00061,1,75.99,20.12,75.99,75.99,55.87
ITM-000012572,ORD-00009077,PRD-00009,1,94.99,52.51,94.99,94.99,42.48
ITM-000012573,ORD-00009078,PRD-00047,1,100.99,42.27,100.99,100.99,58.72
ITM-000012574,ORD-00009079,PRD-00047,1,100.99,42.27,100.99,100.99,58.72
ITM-000012575,ORD-00009079,PRD-00028,1,107.49,45.05,107.49,107.49,62.44
ITM-000012576,ORD-00009079,PRD-00047,1,100.99,42.27,100.99,100.99,58.72
ITM-000012577,ORD-00009080,PRD-00087,1,43.99,24.1,43.99,43.99,19.89
ITM-000012578,ORD-00009081,PRD-00008,1,325.99,186.16,325.99,325.99,139.83
ITM-000012579,ORD-00009082,PRD-00083,1,115.99,58.28,115.99,115.99,57.71
ITM-000012580,ORD-00009083,PRD-00074,3,16.99,6.2,50.97,50.97,32.37
ITM-000012581,ORD-00009084,PRD-00036,1,73.99,30.02,73.99,73.99,43.97
ITM-000012582,ORD-00009085,PRD-00082,1,151.49,68.21,151.49,151.49,83.28
ITM-000012583,ORD-00009085,PRD-00056,1,135.49,71.03,135.49,135.49,64.46
ITM-000012584,ORD-00009085,PRD-00076,1,62.99,25.51,62.99,62.99,37.48
ITM-000012585,ORD-00009086,PRD-00015,1,205.99,123.35,205.99,205.99,82.64
ITM-000012586,ORD-00009087,PRD-00092,1,214.99,101.72,214.99,214.99,113.27
ITM-000012587,ORD-00009087,PRD-00026,1,94.99,41.91,94.99,94.99,53.08
ITM-000012588,ORD-00009087,PRD-00056,1,135.49,71.03,135.49,135.49,64.46
ITM-000012589,ORD-00009088,PRD-00088,1,211.99,101.84,211.99,211.99,110.15
ITM-000012590,ORD-00009088,PRD-00064,1,24.99,6.91,24.99,24.99,18.08
ITM-000012591,ORD-00009089,PRD-00053,1,47.99,23.38,47.99,47.99,24.61
ITM-000012592,ORD-00009090,PRD-00002,1,203.99,113.88,203.99,203.99,90.11
ITM-000012593,ORD-00009091,PRD-00014,3,337.99,200.36,1013.97,1013.97,412.89
ITM-000012594,ORD-00009091,PRD-00050,1,173.99,93.04,173.99,173.99,80.95
ITM-000012595,ORD-00009092,PRD-00058,1,152.99,69.5,152.99,152.99,83.49
ITM-000012596,ORD-00009093,PRD-00022,1,49.99,20.52,49.99,49.99,29.47
ITM-000012597,ORD-00009094,PRD-00044,2,72.99,36.23,145.98,145.98,73.52
ITM-000012598,ORD-00009094,PRD-00016,1,129.99,78.72,129.99,129.99,51.27
ITM-000012599,ORD-00009095,PRD-00028,1,107.49,45.05,107.49,107.49,62.44
ITM-000012600,ORD-00009096,PRD-00051,1,52.99,21.94,52.99,52.99,31.05
ITM-000012601,ORD-00009097,PRD-00091,1,42.99,22.68,42.99,42.99,20.31
ITM-000012602,ORD-00009097,PRD-00046,1,113.49,52.53,113.49,113.49,60.96
ITM-000012603,ORD-00009098,PRD-00073,1,84.49,28.1,84.49,84.49,56.39
ITM-000012604,ORD-00009098,PRD-00024,1,54.99,26.28,54.99,54.99,28.71
ITM-000012605,ORD-00009098,PRD-00045,1,83.49,36.38,83.49,83.49,47.11
ITM-000012606,ORD-00009099,PRD-00074,2,16.99,6.2,33.98,33.98,21.58
ITM-000012607,ORD-00009099,PRD-00019,1,339.99,208.97,339.99,339.99,131.02
ITM-000012608,ORD-00009099,PRD-00070,3,64.99,25.31,194.97,194.97,119.04
ITM-000012609,ORD-00009100,PRD-00069,1,51.99,14.6,51.99,51.99,37.39
ITM-000012610,ORD-00009100,PRD-00090,1,232.99,113.86,232.99,232.99,119.13
ITM-000012611,ORD-00009100,PRD-00024,1,54.99,26.28,54.99,54.99,28.71
ITM-000012612,ORD-00009101,PRD-00027,1,83.99,34.49,83.99,83.99,49.5
ITM-000012613,ORD-00009102,PRD-00088,1,211.99,101.84,211.99,211.99,110.15
ITM-000012614,ORD-00009102,PRD-00018,1,72.99,37.97,72.99,72.99,35.02
ITM-000012615,ORD-00009103,PRD-00008,1,325.99,186.16,325.99,325.99,139.83
ITM-000012616,ORD-00009104,PRD-00069,1,51.99,14.6,51.99,51.99,37.39
ITM-000012617,ORD-00009105,PRD-00087,2,43.99,24.1,87.98,87.98,39.78
ITM-000012618,ORD-00009105,PRD-00043,1,105.99,49.95,105.99,105.99,56.04
ITM-000012619,ORD-00009105,PRD-00001,1,320.99,176.63,320.99,320.99,144.36
ITM-000012620,ORD-00009106,PRD-00028,1,107.49,45.05,107.49,107.49,62.44
ITM-000012621,ORD-00009107,PRD-00041,1,180.99,84.81,180.99,180.99,96.18
ITM-000012622,ORD-00009108,PRD-00031,1,110.99,51.16,110.99,110.99,59.83
ITM-000012623,ORD-00009109,PRD-00027,1,83.99,34.49,83.99,83.99,49.5
ITM-000012624,ORD-00009110,PRD-00022,1,49.99,20.52,49.99,49.99,29.47
ITM-000012625,ORD-00009111,PRD-00054,3,137.99,68.35,413.97,413.97,208.92
ITM-000012626,ORD-00009112,PRD-00034,1,34.99,12.79,34.99,34.99,22.2
ITM-000012627,ORD-00009113,PRD-00053,1,47.99,23.38,47.99,47.99,24.61
ITM-000012628,ORD-00009114,PRD-00054,1,137.99,68.35,137.99,137.99,69.64
ITM-000012629,ORD-00009114,PRD-00066,1,84.99,33.73,84.99,84.99,51.26
ITM-000012630,ORD-00009115,PRD-00081,1,77.99,39.19,77.99,77.99,38.8
ITM-000012631,ORD-00009115,PRD-00043,1,105.99,49.95,105.99,105.99,56.04
ITM-000012632,ORD-00009115,PRD-00037,1,41.99,15.18,41.99,41.99,26.81
ITM-000012633,ORD-00009116,PRD-00067,2,44.99,16.41,89.98,89.98,57.16
ITM-000012634,ORD-00009116,PRD-00053,1,47.99,23.38,47.99,47.99,24.61
ITM-000012635,ORD-00009117,PRD-00077,1,22.99,8.27,22.99,22.99,14.72
ITM-000012636,ORD-00009118,PRD-00045,2,83.49,36.38,166.98,166.98,94.22
ITM-000012637,ORD-00009119,PRD-00051,1,52.99,21.94,52.99,52.99,31.05
ITM-000012638,ORD-00009120,PRD-00016,2,129.99,78.72,259.98,259.98,102.54
ITM-000012639,ORD-00009120,PRD-00034,1,34.99,12.79,34.99,34.99,22.2
ITM-000012640,ORD-00009121,PRD-00001,1,320.99,176.63,320.99,320.99,144.36
ITM-000012641,ORD-00009122,PRD-00073,1,84.49,28.1,84.49,84.49,56.39
ITM-000012642,ORD-00009122,PRD-00095,1,204.99,100.6,204.99,204.99,104.39
ITM-000012643,ORD-00009123,PRD-00068,2,37.49,12.61,74.98,74.98,49.76
ITM-000012644,ORD-00009123,PRD-00032,1,42.49,17.54,42.49,42.49,24.95
ITM-000012645,ORD-00009123,PRD-00055,1,74.99,31.61,74.99,74.99,43.38
ITM-000012646,ORD-00009124,PRD-00025,1,55.99,23.35,55.99,55.99,32.64
ITM-000012647,ORD-00009125,PRD-00055,1,74.99,31.61,74.99,74.99,43.38
ITM-000012648,ORD-00009126,PRD-00023,1,31.99,14.2,31.99,31.99,17.79
ITM-000012649,ORD-00009127,PRD-00001,1,320.99,176.63,320.99,320.99,144.36
ITM-000012650,ORD-00009127,PRD-00029,1,94.49,33.63,94.49,94.49,60.86
ITM-000012651,ORD-00009128,PRD-00053,2,47.99,23.38,95.98,95.98,49.22
ITM-000012652,ORD-00009128,PRD-00088,3,211.99,101.84,635.97,635.97,330.45
ITM-000012653,ORD-00009129,PRD-00059,1,47.49,23.54,47.49,47.49,23.95
ITM-000012654,ORD-00009130,PRD-00060,1,176.49,84.75,176.49,176.49,91.74
ITM-000012655,ORD-00009131,PRD-00031,1,110.99,51.16,110.99,110.99,59.83
ITM-000012656,ORD-00009132,PRD-00061,1,75.99,20.12,75.99,75.99,55.87
ITM-000012657,ORD-00009133,PRD-00074,1,16.99,6.2,16.99,16.99,10.79
ITM-000012658,ORD-00009134,PRD-00019,1,339.99,208.97,339.99,339.99,131.02
ITM-000012659,ORD-00009135,PRD-00015,2,205.99,123.35,411.98,411.98,165.28
ITM-000012660,ORD-00009136,PRD-00033,1,27.99,11.51,27.99,27.99,16.48
ITM-000012661,ORD-00009136,PRD-00077,1,22.99,8.27,22.99,22.99,14.72
ITM-000012662,ORD-00009137,PRD-00074,1,16.99,6.2,16.99,16.99,10.79
ITM-000012663,ORD-00009137,PRD-00038,1,77.49,36.23,77.49,77.49,41.26
ITM-000012664,ORD-00009137,PRD-00032,1,42.49,17.54,42.49,42.49,24.95
ITM-000012665,ORD-00009138,PRD-00080,1,87.99,32.75,87.99,87.99,55.24
ITM-000012666,ORD-00009138,PRD-00009,1,94.99,52.51,94.99,94.99,42.48
ITM-000012667,ORD-00009139,PRD-00033,1,27.99,11.51,27.99,27.99,16.48
ITM-000012668,ORD-00009140,PRD-00002,2,203.99,113.88,407.98,407.98,180.22
ITM-000012669,ORD-00009140,PRD-00026,1,94.99,41.91,94.99,94.99,53.08
ITM-000012670,ORD-00009141,PRD-00084,1,31.99,15.58,31.99,31.99,16.41
ITM-000012671,ORD-00009142,PRD-00073,1,84.49,28.1,84.49,84.49,56.39
ITM-000012672,ORD-00009143,PRD-00097,1,167.49,87.54,167.49,167.49,79.95
ITM-000012673,ORD-00009143,PRD-00067,1,44.99,16.41,44.99,44.99,28.58
ITM-000012674,ORD-00009143,PRD-00099,1,50.99,27.57,50.99,50.99,23.42
ITM-000012675,ORD-00009144,PRD-00093,1,227.99,111.71,227.99,227.99,116.28
ITM-000012676,ORD-00009144,PRD-00024,1,54.99,26.28,54.99,54.99,28.71
ITM-000012677,ORD-00009145,PRD-00090,1,232.99,113.86,232.99,232.99,119.13
ITM-000012678,ORD-00009146,PRD-00079,1,46.49,15.84,46.49,46.49,30.65
ITM-000012679,ORD-00009147,PRD-00089,1,31.99,18.14,31.99,31.99,13.85
ITM-000012680,ORD-00009148,PRD-00048,2,33.49,15.83,66.98,66.98,35.32
ITM-000012681,ORD-00009149,PRD-00023,3,31.99,14.2,95.97,95.97,53.37
ITM-000012682,ORD-00009150,PRD-00088,2,211.99,101.84,423.98,423.98,220.3
ITM-000012683,ORD-00009150,PRD-00053,1,47.99,23.38,47.99,47.99,24.61
ITM-000012684,ORD-00009151,PRD-00018,1,72.99,37.97,72.99,72.99,35.02
ITM-000012685,ORD-00009152,PRD-00075,1,56.99,20.25,56.99,56.99,36.74
ITM-000012686,ORD-00009153,PRD-00012,1,374.49,207.75,374.49,374.49,166.74
ITM-000012687,ORD-00009153,PRD-00085,1,105.99,56.37,105.99,105.99,49.62
ITM-000012688,ORD-00009153,PRD-00034,1,34.99,12.79,34.99,34.99,22.2
ITM-000012689,ORD-00009154,PRD-00084,1,31.99,15.58,31.99,31.99,16.41
ITM-000012690,ORD-00009155,PRD-00050,1,173.99,93.04,173.99,173.99,80.95
ITM-000012691,ORD-00009156,PRD-00087,2,43.99,24.1,87.98,87.98,39.78
ITM-000012692,ORD-00009157,PRD-00086,1,140.99,72.94,140.99,140.99,68.05
ITM-000012693,ORD-00009157,PRD-00011,1,179.99,102.31,179.99,179.99,77.68
ITM-000012694,ORD-00009158,PRD-00062,1,68.49,27.5,68.49,68.49,40.99
ITM-000012695,ORD-00009159,PRD-00085,1,105.99,56.37,105.99,105.99,49.62
ITM-000012696,ORD-00009160,PRD-00085,3,105.99,56.37,317.97,317.97,148.86
ITM-000012697,ORD-00009161,PRD-00075,1,56.99,20.25,56.99,56.99,36.74
ITM-000012698,ORD-00009161,PRD-00060,1,176.49,84.75,176.49,176.49,91.74
ITM-000012699,ORD-00009161,PRD-00045,1,83.49,36.38,83.49,83.49,47.11
ITM-000012700,ORD-00009162,PRD-00043,1,105.99,49.95,105.99,105.99,56.04
ITM-000012701,ORD-00009163,PRD-00073,1,84.49,28.1,84.49,84.49,56.39
ITM-000012702,ORD-00009164,PRD-00099,1,50.99,27.57,50.99,50.99,23.42
ITM-000012703,ORD-00009165,PRD-00092,1,214.99,101.72,214.99,214.99,113.27
ITM-000012704,ORD-00009166,PRD-00009,1,94.99,52.51,94.99,94.99,42.48
ITM-000012705,ORD-00009166,PRD-00041,1,180.99,84.81,180.99,180.99,96.18
ITM-000012706,ORD-00009167,PRD-00050,1,173.99,93.04,173.99,173.99,80.95
ITM-000012707,ORD-00009167,PRD-00043,1,105.99,49.95,105.99,105.99,56.04
ITM-000012708,ORD-00009167,PRD-00029,1,94.49,33.63,94.49,94.49,60.86
ITM-000012709,ORD-00009168,PRD-00083,1,115.99,58.28,115.99,115.99,57.71
ITM-000012710,ORD-00009169,PRD-00025,1,55.99,23.35,55.99,55.99,32.64
ITM-000012711,ORD-00009170,PRD-00097,3,167.49,87.54,502.47,502.47,239.85
ITM-000012712,ORD-00009171,PRD-00053,1,47.99,23.38,47.99,47.99,24.61
ITM-000012713,ORD-00009171,PRD-00023,1,31.99,14.2,31.99,31.99,17.79
ITM-000012714,ORD-00009172,PRD-00005,1,82.99,47.75,82.99,82.99,35.24
ITM-000012715,ORD-00009173,PRD-00031,1,110.99,51.16,110.99,110.99,59.83
ITM-000012716,ORD-00009174,PRD-00072,1,36.99,11.8,36.99,36.99,25.19
ITM-000012717,ORD-00009175,PRD-00033,1,27.99,11.51,27.99,27.99,16.48
ITM-000012718,ORD-00009176,PRD-00069,1,51.99,14.6,51.99,51.99,37.39
ITM-000012719,ORD-00009176,PRD-00076,1,62.99,25.51,62.99,62.99,37.48
ITM-000012720,ORD-00009177,PRD-00092,1,214.99,101.72,214.99,214.99,113.27
ITM-000012721,ORD-00009178,PRD-00073,1,84.49,28.1,84.49,84.49,56.39
ITM-000012722,ORD-00009179,PRD-00094,1,245.99,110.0,245.99,245.99,135.99
ITM-000012723,ORD-00009180,PRD-00034,1,34.99,12.79,34.99,34.99,22.2
ITM-000012724,ORD-00009181,PRD-00067,1,44.99,16.41,44.99,44.99,28.58
ITM-000012725,ORD-00009182,PRD-00082,1,151.49,68.21,151.49,151.49,83.28
ITM-000012726,ORD-00009183,PRD-00050,2,173.99,93.04,347.98,347.98,161.9
ITM-000012727,ORD-00009184,PRD-00080,1,87.99,32.75,87.99,87.99,55.24
ITM-000012728,ORD-00009185,PRD-00095,2,204.99,100.6,409.98,409.98,208.78
ITM-000012729,ORD-00009186,PRD-00079,1,46.49,15.84,46.49,46.49,30.65
ITM-000012730,ORD-00009187,PRD-00067,1,44.99,16.41,44.99,44.99,28.58
ITM-000012731,ORD-00009187,PRD-00060,1,176.49,84.75,176.49,176.49,91.74
ITM-000012732,ORD-00009187,PRD-00017,1,244.99,144.79,244.99,244.99,100.2
ITM-000012733,ORD-00009188,PRD-00047,1,100.99,42.27,100.99,100.99,58.72
ITM-000012734,ORD-00009188,PRD-00081,1,77.99,39.19,77.99,77.99,38.8
ITM-000012735,ORD-00009189,PRD-00073,1,84.49,28.1,84.49,84.49,56.39
ITM-000012736,ORD-00009189,PRD-00035,1,100.99,39.04,100.99,100.99,61.95
ITM-000012737,ORD-00009190,PRD-00041,1,180.99,84.81,180.99,180.99,96.18
ITM-000012738,ORD-00009190,PRD-00010,1,207.99,120.07,207.99,207.99,87.92
ITM-000012739,ORD-00009191,PRD-00010,2,207.99,120.07,415.98,415.98,175.84
ITM-000012740,ORD-00009192,PRD-00064,1,24.99,6.91,24.99,24.99,18.08
ITM-000012741,ORD-00009193,PRD-00005,2,82.99,47.75,165.98,165.98,70.48
ITM-000012742,ORD-00009194,PRD-00043,2,105.99,49.95,211.98,211.98,112.08
ITM-000012743,ORD-00009195,PRD-00061,1,75.99,20.12,75.99,75.99,55.87
ITM-000012744,ORD-00009195,PRD-00065,1,24.99,5.84,24.99,24.99,19.15
ITM-000012745,ORD-00009196,PRD-00010,1,207.99,120.07,207.99,207.99,87.92
ITM-000012746,ORD-00009197,PRD-00100,1,143.99,66.17,143.99,143.99,77.82
ITM-000012747,ORD-00009198,PRD-00064,1,24.99,6.91,24.99,24.99,18.08
ITM-000012748,ORD-00009199,PRD-00016,1,129.99,78.72,129.99,129.99,51.27
ITM-000012749,ORD-00009200,PRD-00086,1,140.99,72.94,140.99,140.99,68.05
ITM-000012750,ORD-00009200,PRD-00071,1,86.99,31.3,86.99,86.99,55.69
ITM-000012751,ORD-00009201,PRD-00054,1,137.99,68.35,137.99,137.99,69.64
ITM-000012752,ORD-00009201,PRD-00064,1,24.99,6.91,24.99,24.99,18.08
ITM-000012753,ORD-00009201,PRD-00083,1,115.99,58.28,115.99,115.99,57.71
ITM-000012754,ORD-00009202,PRD-00038,1,77.49,36.23,77.49,77.49,41.26
ITM-000012755,ORD-00009202,PRD-00075,2,56.99,20.25,113.98,113.98,73.48
ITM-000012756,ORD-00009202,PRD-00020,1,271.99,147.22,271.99,271.99,124.77
ITM-000012757,ORD-00009203,PRD-00093,2,227.99,111.71,455.98,455.98,232.56
ITM-000012758,ORD-00009204,PRD-00025,1,55.99,23.35,55.99,55.99,32.64
ITM-000012759,ORD-00009204,PRD-00037,1,41.99,15.18,41.99,41.99,26.81
ITM-000012760,ORD-00009205,PRD-00078,1,25.99,9.37,25.99,25.99,16.62
ITM-000012761,ORD-00009205,PRD-00025,1,55.99,23.35,55.99,55.99,32.64
ITM-000012762,ORD-00009206,PRD-00096,2,199.99,116.57,399.98,399.98,166.84
ITM-000012763,ORD-00009207,PRD-00028,1,107.49,45.05,107.49,107.49,62.44
ITM-000012764,ORD-00009208,PRD-00016,1,129.99,78.72,129.99,129.99,51.27
ITM-000012765,ORD-00009209,PRD-00018,1,72.99,37.97,72.99,72.99,35.02
ITM-000012766,ORD-00009210,PRD-00088,1,211.99,101.84,211.99,211.99,110.15
ITM-000012767,ORD-00009211,PRD-00019,1,339.99,208.97,339.99,339.99,131.02
ITM-000012768,ORD-00009212,PRD-00034,1,34.99,12.79,34.99,34.99,22.2
ITM-000012769,ORD-00009213,PRD-00022,1,49.99,20.52,49.99,49.99,29.47
ITM-000012770,ORD-00009214,PRD-00003,1,350.49,212.61,350.49,350.49,137.88
ITM-000012771,ORD-00009214,PRD-00079,1,46.49,15.84,46.49,46.49,30.65
ITM-000012772,ORD-00009215,PRD-00052,1,118.49,48.71,118.49,118.49,69.78
ITM-000012773,ORD-00009215,PRD-00012,1,374.49,207.75,374.49,374.49,166.74
ITM-000012774,ORD-00009216,PRD-00098,1,199.49,113.09,199.49,199.49,86.4
ITM-000012775,ORD-00009217,PRD-00090,1,232.99,113.86,232.99,232.99,119.13
ITM-000012776,ORD-00009218,PRD-00034,1,34.99,12.79,34.99,34.99,22.2
ITM-000012777,ORD-00009219,PRD-00028,1,107.49,45.05,107.49,107.49,62.44
ITM-000012778,ORD-00009220,PRD-00068,1,37.49,12.61,37.49,37.49,24.88
ITM-000012779,ORD-00009220,PRD-00004,2,294.49,168.07,588.98,588.98,252.84
ITM-000012780,ORD-00009221,PRD-00022,1,49.99,20.52,49.99,49.99,29.47
ITM-000012781,ORD-00009222,PRD-00096,1,199.99,116.57,199.99,199.99,83.42
ITM-000012782,ORD-00009223,PRD-00045,1,83.49,36.38,83.49,83.49,47.11
ITM-000012783,ORD-00009224,PRD-00006,1,391.99,223.93,391.99,391.99,168.06
ITM-000012784,ORD-00009225,PRD-00056,1,135.49,71.03,135.49,135.49,64.46
ITM-000012785,ORD-00009226,PRD-00004,1,294.49,168.07,294.49,294.49,126.42
ITM-000012786,ORD-00009226,PRD-00027,1,83.99,34.49,83.99,83.99,49.5
ITM-000012787,ORD-00009227,PRD-00055,2,74.99,31.61,149.98,149.98,86.76
ITM-000012788,ORD-00009227,PRD-00073,1,84.49,28.1,84.49,84.49,56.39
ITM-000012789,ORD-00009228,PRD-00058,2,152.99,69.5,305.98,305.98,166.98
ITM-000012790,ORD-00009229,PRD-00094,1,245.99,110.0,245.99,245.99,135.99
ITM-000012791,ORD-00009229,PRD-00045,1,83.49,36.38,83.49,83.49,47.11
ITM-000012792,ORD-00009229,PRD-00021,1,114.99,46.3,114.99,114.99,68.69
ITM-000012793,ORD-00009230,PRD-00027,1,83.99,34.49,83.99,83.99,49.5
ITM-000012794,ORD-00009231,PRD-00084,1,31.99,15.58,31.99,31.99,16.41
ITM-000012795,ORD-00009231,PRD-00066,1,84.99,33.73,84.99,84.99,51.26
ITM-000012796,ORD-00009232,PRD-00077,1,22.99,8.27,22.99,22.99,14.72
ITM-000012797,ORD-00009233,PRD-00071,1,86.99,31.3,86.99,86.99,55.69
ITM-000012798,ORD-00009234,PRD-00099,1,50.99,27.57,50.99,50.99,23.42
ITM-000012799,ORD-00009235,PRD-00015,1,205.99,123.35,205.99,205.99,82.64
ITM-000012800,ORD-00009236,PRD-00080,1,87.99,32.75,87.99,87.99,55.24
ITM-000012801,ORD-00009236,PRD-00088,1,211.99,101.84,211.99,211.99,110.15
ITM-000012802,ORD-00009236,PRD-00008,2,325.99,186.16,651.98,651.98,279.66
ITM-000012803,ORD-00009237,PRD-00010,1,207.99,120.07,207.99,207.99,87.92
ITM-000012804,ORD-00009238,PRD-00011,1,179.99,102.31,179.99,179.99,77.68
ITM-000012805,ORD-00009239,PRD-00091,1,42.99,22.68,42.99,42.99,20.31
ITM-000012806,ORD-00009240,PRD-00038,1,77.49,36.23,77.49,77.49,41.26
ITM-000012807,ORD-00009241,PRD-00020,1,271.99,147.22,271.99,271.99,124.77
ITM-000012808,ORD-00009242,PRD-00073,1,84.49,28.1,84.49,84.49,56.39
ITM-000012809,ORD-00009242,PRD-00037,1,41.99,15.18,41.99,41.99,26.81
ITM-000012810,ORD-00009242,PRD-00068,1,37.49,12.61,37.49,37.49,24.88
ITM-000012811,ORD-00009243,PRD-00091,1,42.99,22.68,42.99,42.99,20.31
ITM-000012812,ORD-00009244,PRD-00025,1,55.99,23.35,55.99,55.99,32.64
ITM-000012813,ORD-00009244,PRD-00004,1,294.49,168.07,294.49,294.49,126.42
ITM-000012814,ORD-00009244,PRD-00039,1,40.99,18.26,40.99,40.99,22.73
ITM-000012815,ORD-00009245,PRD-00051,1,52.99,21.94,52.99,52.99,31.05
ITM-000012816,ORD-00009246,PRD-00016,1,129.99,78.72,129.99,129.99,51.27
ITM-000012817,ORD-00009247,PRD-00086,1,140.99,72.94,140.99,140.99,68.05
ITM-000012818,ORD-00009248,PRD-00079,1,46.49,15.84,46.49,46.49,30.65
ITM-000012819,ORD-00009249,PRD-00028,1,107.49,45.05,107.49,107.49,62.44
ITM-000012820,ORD-00009249,PRD-00032,1,42.49,17.54,42.49,42.49,24.95
ITM-000012821,ORD-00009249,PRD-00010,1,207.99,120.07,207.99,207.99,87.92
ITM-000012822,ORD-00009250,PRD-00053,1,47.99,23.38,47.99,47.99,24.61
ITM-000012823,ORD-00009251,PRD-00056,1,135.49,71.03,135.49,135.49,64.46
ITM-000012824,ORD-00009252,PRD-00025,1,55.99,23.35,55.99,55.99,32.64
ITM-000012825,ORD-00009253,PRD-00038,1,77.49,36.23,77.49,77.49,41.26
ITM-000012826,ORD-00009253,PRD-00025,1,55.99,23.35,55.99,55.99,32.64
ITM-000012827,ORD-00009254,PRD-00095,1,204.99,100.6,204.99,204.99,104.39
ITM-000012828,ORD-00009255,PRD-00058,1,152.99,69.5,152.99,152.99,83.49
ITM-000012829,ORD-00009256,PRD-00082,1,151.49,68.21,151.49,151.49,83.28
ITM-000012830,ORD-00009256,PRD-00050,1,173.99,93.04,173.99,173.99,80.95
ITM-000012831,ORD-00009257,PRD-00040,1,98.99,45.24,98.99,98.99,53.75
ITM-000012832,ORD-00009257,PRD-00036,1,73.99,30.02,73.99,73.99,43.97
ITM-000012833,ORD-00009257,PRD-00098,1,199.49,113.09,199.49,199.49,86.4
ITM-000012834,ORD-00009258,PRD-00088,1,211.99,101.84,211.99,211.99,110.15
ITM-000012835,ORD-00009258,PRD-00099,1,50.99,27.57,50.99,50.99,23.42
ITM-000012836,ORD-00009259,PRD-00003,3,350.49,212.61,1051.47,1051.47,413.64
ITM-000012837,ORD-00009260,PRD-00066,1,84.99,33.73,84.99,84.99,51.26
ITM-000012838,ORD-00009260,PRD-00084,1,31.99,15.58,31.99,31.99,16.41
ITM-000012839,ORD-00009261,PRD-00049,1,162.99,86.22,162.99,162.99,76.77
ITM-000012840,ORD-00009262,PRD-00008,1,325.99,186.16,325.99,325.99,139.83
ITM-000012841,ORD-00009263,PRD-00022,2,49.99,20.52,99.98,99.98,58.94
ITM-000012842,ORD-00009264,PRD-00062,1,68.49,27.5,68.49,68.49,40.99
ITM-000012843,ORD-00009265,PRD-00038,2,77.49,36.23,154.98,154.98,82.52
ITM-000012844,ORD-00009266,PRD-00084,1,31.99,15.58,31.99,31.99,16.41
ITM-000012845,ORD-00009267,PRD-00060,1,176.49,84.75,176.49,176.49,91.74
ITM-000012846,ORD-00009268,PRD-00009,1,94.99,52.51,94.99,94.99,42.48
ITM-000012847,ORD-00009269,PRD-00039,1,40.99,18.26,40.99,40.99,22.73
ITM-000012848,ORD-00009270,PRD-00002,1,203.99,113.88,203.99,203.99,90.11
ITM-000012849,ORD-00009270,PRD-00016,1,129.99,78.72,129.99,129.99,51.27
ITM-000012850,ORD-00009271,PRD-00043,1,105.99,49.95,105.99,105.99,56.04
ITM-000012851,ORD-00009271,PRD-00056,1,135.49,71.03,135.49,135.49,64.46
ITM-000012852,ORD-00009272,PRD-00049,1,162.99,86.22,162.99,162.99,76.77
ITM-000012853,ORD-00009273,PRD-00080,1,87.99,32.75,87.99,87.99,55.24
ITM-000012854,ORD-00009274,PRD-00062,2,68.49,27.5,136.98,136.98,81.98
ITM-000012855,ORD-00009275,PRD-00004,1,294.49,168.07,294.49,294.49,126.42
ITM-000012856,ORD-00009276,PRD-00057,1,146.49,75.56,146.49,146.49,70.93
ITM-000012857,ORD-00009276,PRD-00005,1,82.99,47.75,82.99,82.99,35.24
ITM-000012858,ORD-00009277,PRD-00017,1,244.99,144.79,244.99,244.99,100.2
ITM-000012859,ORD-00009278,PRD-00040,1,98.99,45.24,98.99,98.99,53.75
ITM-000012860,ORD-00009279,PRD-00058,1,152.99,69.5,152.99,152.99,83.49
ITM-000012861,ORD-00009280,PRD-00040,1,98.99,45.24,98.99,98.99,53.75
ITM-000012862,ORD-00009281,PRD-00048,3,33.49,15.83,100.47,100.47,52.98
ITM-000012863,ORD-00009282,PRD-00034,1,34.99,12.79,34.99,34.99,22.2
ITM-000012864,ORD-00009282,PRD-00016,1,129.99,78.72,129.99,129.99,51.27
ITM-000012865,ORD-00009283,PRD-00021,1,114.99,46.3,114.99,114.99,68.69
ITM-000012866,ORD-00009283,PRD-00039,1,40.99,18.26,40.99,40.99,22.73
ITM-000012867,ORD-00009284,PRD-00026,1,94.99,41.91,94.99,94.99,53.08
ITM-000012868,ORD-00009285,PRD-00026,1,94.99,41.91,94.99,94.99,53.08
ITM-000012869,ORD-00009286,PRD-00014,1,337.99,200.36,337.99,337.99,137.63
ITM-000012870,ORD-00009287,PRD-00050,1,173.99,93.04,173.99,173.99,80.95
ITM-000012871,ORD-00009288,PRD-00074,1,16.99,6.2,16.99,16.99,10.79
ITM-000012872,ORD-00009289,PRD-00096,1,199.99,116.57,199.99,199.99,83.42
ITM-000012873,ORD-00009290,PRD-00006,1,391.99,223.93,391.99,391.99,168.06
ITM-000012874,ORD-00009291,PRD-00088,2,211.99,101.84,423.98,423.98,220.3
ITM-000012875,ORD-00009292,PRD-00033,1,27.99,11.51,27.99,27.99,16.48
ITM-000012876,ORD-00009293,PRD-00043,1,105.99,49.95,105.99,105.99,56.04
ITM-000012877,ORD-00009293,PRD-00018,1,72.99,37.97,72.99,72.99,35.02
ITM-000012878,ORD-00009294,PRD-00093,1,227.99,111.71,227.99,227.99,116.28
ITM-000012879,ORD-00009294,PRD-00038,1,77.49,36.23,77.49,77.49,41.26
ITM-000012880,ORD-00009295,PRD-00098,1,199.49,113.09,199.49,199.49,86.4
ITM-000012881,ORD-00009296,PRD-00052,1,118.49,48.71,118.49,118.49,69.78
ITM-000012882,ORD-00009297,PRD-00062,1,68.49,27.5,68.49,68.49,40.99
ITM-000012883,ORD-00009298,PRD-00012,1,374.49,207.75,374.49,374.49,166.74
ITM-000012884,ORD-00009299,PRD-00047,1,100.99,42.27,100.99,100.99,58.72
ITM-000012885,ORD-00009299,PRD-00098,1,199.49,113.09,199.49,199.49,86.4
ITM-000012886,ORD-00009300,PRD-00068,1,37.49,12.61,37.49,37.49,24.88
ITM-000012887,ORD-00009300,PRD-00076,1,62.99,25.51,62.99,62.99,37.48
ITM-000012888,ORD-00009300,PRD-00089,1,31.99,18.14,31.99,31.99,13.85
ITM-000012889,ORD-00009301,PRD-00088,1,211.99,101.84,211.99,211.99,110.15
ITM-000012890,ORD-00009301,PRD-00020,1,271.99,147.22,271.99,271.99,124.77
ITM-000012891,ORD-00009302,PRD-00079,1,46.49,15.84,46.49,46.49,30.65
ITM-000012892,ORD-00009303,PRD-00044,2,72.99,36.23,145.98,145.98,73.52
ITM-000012893,ORD-00009304,PRD-00072,1,36.99,11.8,36.99,36.99,25.19
ITM-000012894,ORD-00009304,PRD-00064,1,24.99,6.91,24.99,24.99,18.08
ITM-000012895,ORD-00009305,PRD-00089,1,31.99,18.14,31.99,31.99,13.85
ITM-000012896,ORD-00009306,PRD-00010,1,207.99,120.07,207.99,207.99,87.92
ITM-000012897,ORD-00009307,PRD-00082,3,151.49,68.21,454.47,454.47,249.84
ITM-000012898,ORD-00009307,PRD-00046,3,113.49,52.53,340.47,340.47,182.88
ITM-000012899,ORD-00009308,PRD-00019,1,339.99,208.97,339.99,339.99,131.02
ITM-000012900,ORD-00009308,PRD-00069,2,51.99,14.6,103.98,103.98,74.78
ITM-000012901,ORD-00009309,PRD-00052,1,118.49,48.71,118.49,118.49,69.78
ITM-000012902,ORD-00009309,PRD-00029,1,94.49,33.63,94.49,94.49,60.86
ITM-000012903,ORD-00009310,PRD-00071,1,86.99,31.3,86.99,86.99,55.69
ITM-000012904,ORD-00009310,PRD-00098,1,199.49,113.09,199.49,199.49,86.4
ITM-000012905,ORD-00009311,PRD-00010,1,207.99,120.07,207.99,207.99,87.92
ITM-000012906,ORD-00009311,PRD-00060,1,176.49,84.75,176.49,176.49,91.74
ITM-000012907,ORD-00009312,PRD-00024,1,54.99,26.28,54.99,54.99,28.71
ITM-000012908,ORD-00009313,PRD-00077,1,22.99,8.27,22.99,22.99,14.72
ITM-000012909,ORD-00009313,PRD-00063,1,70.49,27.76,70.49,70.49,42.73
ITM-000012910,ORD-00009313,PRD-00013,1,275.99,176.16,275.99,275.99,99.83
ITM-000012911,ORD-00009314,PRD-00078,1,25.99,9.37,25.99,25.99,16.62
ITM-000012912,ORD-00009315,PRD-00073,1,84.49,28.1,84.49,84.49,56.39
ITM-000012913,ORD-00009316,PRD-00047,3,100.99,42.27,302.97,302.97,176.16
ITM-000012914,ORD-00009317,PRD-00049,1,162.99,86.22,162.99,162.99,76.77
ITM-000012915,ORD-00009317,PRD-00038,2,77.49,36.23,154.98,154.98,82.52
ITM-000012916,ORD-00009318,PRD-00047,1,100.99,42.27,100.99,100.99,58.72
ITM-000012917,ORD-00009319,PRD-00022,2,49.99,20.52,99.98,99.98,58.94
ITM-000012918,ORD-00009320,PRD-00098,2,199.49,113.09,398.98,398.98,172.8
ITM-000012919,ORD-00009321,PRD-00058,1,152.99,69.5,152.99,152.99,83.49
ITM-000012920,ORD-00009322,PRD-00091,1,42.99,22.68,42.99,42.99,20.31
ITM-000012921,ORD-00009323,PRD-00090,1,232.99,113.86,232.99,232.99,119.13
ITM-000012922,ORD-00009324,PRD-00065,2,24.99,5.84,49.98,49.98,38.3
ITM-000012923,ORD-00009325,PRD-00051,1,52.99,21.94,52.99,52.99,31.05
ITM-000012924,ORD-00009326,PRD-00050,1,173.99,93.04,173.99,173.99,80.95
ITM-000012925,ORD-00009327,PRD-00044,1,72.99,36.23,72.99,72.99,36.76
ITM-000012926,ORD-00009327,PRD-00071,1,86.99,31.3,86.99,86.99,55.69
ITM-000012927,ORD-00009328,PRD-00035,1,100.99,39.04,100.99,100.99,61.95
ITM-000012928,ORD-00009328,PRD-00048,1,33.49,15.83,33.49,33.49,17.66
ITM-000012929,ORD-00009329,PRD-00063,1,70.49,27.76,70.49,70.49,42.73
ITM-000012930,ORD-00009330,PRD-00100,1,143.99,66.17,143.99,143.99,77.82
ITM-000012931,ORD-00009331,PRD-00096,1,199.99,116.57,199.99,199.99,83.42
ITM-000012932,ORD-00009332,PRD-00018,3,72.99,37.97,218.97,218.97,105.06
ITM-000012933,ORD-00009333,PRD-00027,3,83.99,34.49,251.97,251.97,148.5
ITM-000012934,ORD-00009333,PRD-00016,1,129.99,78.72,129.99,129.99,51.27
ITM-000012935,ORD-00009334,PRD-00095,1,204.99,100.6,204.99,204.99,104.39
ITM-000012936,ORD-00009334,PRD-00082,1,151.49,68.21,151.49,151.49,83.28
ITM-000012937,ORD-00009334,PRD-00024,1,54.99,26.28,54.99,54.99,28.71
ITM-000012938,ORD-00009335,PRD-00028,1,107.49,45.05,107.49,107.49,62.44
ITM-000012939,ORD-00009336,PRD-00036,1,73.99,30.02,73.99,73.99,43.97
ITM-000012940,ORD-00009336,PRD-00080,1,87.99,32.75,87.99,87.99,55.24
ITM-000012941,ORD-00009337,PRD-00095,1,204.99,100.6,204.99,204.99,104.39
ITM-000012942,ORD-00009338,PRD-00063,1,70.49,27.76,70.49,70.49,42.73
ITM-000012943,ORD-00009339,PRD-00087,1,43.99,24.1,43.99,43.99,19.89
ITM-000012944,ORD-00009339,PRD-00064,1,24.99,6.91,24.99,24.99,18.08
ITM-000012945,ORD-00009340,PRD-00095,1,204.99,100.6,204.99,204.99,104.39
ITM-000012946,ORD-00009341,PRD-00082,1,151.49,68.21,151.49,151.49,83.28
ITM-000012947,ORD-00009341,PRD-00037,3,41.99,15.18,125.97,125.97,80.43
ITM-000012948,ORD-00009342,PRD-00043,1,105.99,49.95,105.99,105.99,56.04
ITM-000012949,ORD-00009343,PRD-00030,1,67.99,29.21,67.99,67.99,38.78
ITM-000012950,ORD-00009344,PRD-00037,1,41.99,15.18,41.99,41.99,26.81
ITM-000012951,ORD-00009345,PRD-00059,1,47.49,23.54,47.49,47.49,23.95
ITM-000012952,ORD-00009346,PRD-00014,1,337.99,200.36,337.99,337.99,137.63
ITM-000012953,ORD-00009347,PRD-00078,1,25.99,9.37,25.99,25.99,16.62
ITM-000012954,ORD-00009348,PRD-00004,1,294.49,168.07,294.49,294.49,126.42
ITM-000012955,ORD-00009349,PRD-00061,1,75.99,20.12,75.99,75.99,55.87
ITM-000012956,ORD-00009350,PRD-00005,2,82.99,47.75,165.98,165.98,70.48
ITM-000012957,ORD-00009351,PRD-00049,1,162.99,86.22,162.99,162.99,76.77
ITM-000012958,ORD-00009352,PRD-00095,1,204.99,100.6,204.99,204.99,104.39
ITM-000012959,ORD-00009353,PRD-00100,1,143.99,66.17,143.99,143.99,77.82
ITM-000012960,ORD-00009354,PRD-00040,1,98.99,45.24,98.99,98.99,53.75
ITM-000012961,ORD-00009355,PRD-00022,1,49.99,20.52,49.99,49.99,29.47
ITM-000012962,ORD-00009356,PRD-00059,1,47.49,23.54,47.49,47.49,23.95
ITM-000012963,ORD-00009357,PRD-00038,1,77.49,36.23,77.49,77.49,41.26
ITM-000012964,ORD-00009358,PRD-00078,1,25.99,9.37,25.99,25.99,16.62
ITM-000012965,ORD-00009359,PRD-00026,1,94.99,41.91,94.99,94.99,53.08
ITM-000012966,ORD-00009360,PRD-00036,1,73.99,30.02,73.99,73.99,43.97
ITM-000012967,ORD-00009361,PRD-00022,1,49.99,20.52,49.99,49.99,29.47
ITM-000012968,ORD-00009362,PRD-00016,1,129.99,78.72,129.99,129.99,51.27
ITM-000012969,ORD-00009362,PRD-00026,1,94.99,41.91,94.99,94.99,53.08
ITM-000012970,ORD-00009363,PRD-00083,1,115.99,58.28,115.99,115.99,57.71
ITM-000012971,ORD-00009364,PRD-00053,1,47.99,23.38,47.99,47.99,24.61
ITM-000012972,ORD-00009365,PRD-00098,1,199.49,113.09,199.49,199.49,86.4
ITM-000012973,ORD-00009366,PRD-00043,3,105.99,49.95,317.97,317.97,168.12
ITM-000012974,ORD-00009367,PRD-00032,1,42.49,17.54,42.49,42.49,24.95
ITM-000012975,ORD-00009368,PRD-00061,1,75.99,20.12,75.99,75.99,55.87
ITM-000012976,ORD-00009369,PRD-00022,2,49.99,20.52,99.98,99.98,58.94
ITM-000012977,ORD-00009370,PRD-00060,2,176.49,84.75,352.98,352.98,183.48
ITM-000012978,ORD-00009371,PRD-00005,1,82.99,47.75,82.99,82.99,35.24
ITM-000012979,ORD-00009372,PRD-00066,1,84.99,33.73,84.99,84.99,51.26
ITM-000012980,ORD-00009372,PRD-00040,1,98.99,45.24,98.99,98.99,53.75
ITM-000012981,ORD-00009372,PRD-00032,1,42.49,17.54,42.49,42.49,24.95
ITM-000012982,ORD-00009373,PRD-00072,1,36.99,11.8,36.99,36.99,25.19
ITM-000012983,ORD-00009373,PRD-00066,1,84.99,33.73,84.99,84.99,51.26
ITM-000012984,ORD-00009374,PRD-00010,1,207.99,120.07,207.99,207.99,87.92
ITM-000012985,ORD-00009374,PRD-00081,1,77.99,39.19,77.99,77.99,38.8
ITM-000012986,ORD-00009375,PRD-00084,1,31.99,15.58,31.99,31.99,16.41
ITM-000012987,ORD-00009375,PRD-00072,1,36.99,11.8,36.99,36.99,25.19
ITM-000012988,ORD-00009376,PRD-00086,3,140.99,72.94,422.97,422.97,204.15
ITM-000012989,ORD-00009377,PRD-00017,1,244.99,144.79,244.99,244.99,100.2
ITM-000012990,ORD-00009378,PRD-00092,1,214.99,101.72,214.99,214.99,113.27
ITM-000012991,ORD-00009379,PRD-00042,1,121.99,52.18,121.99,121.99,69.81
ITM-000012992,ORD-00009380,PRD-00084,1,31.99,15.58,31.99,31.99,16.41
ITM-000012993,ORD-00009380,PRD-00016,1,129.99,78.72,129.99,129.99,51.27
ITM-000012994,ORD-00009380,PRD-00040,1,98.99,45.24,98.99,98.99,53.75
ITM-000012995,ORD-00009381,PRD-00015,1,205.99,123.35,205.99,205.99,82.64
ITM-000012996,ORD-00009382,PRD-00005,3,82.99,47.75,248.97,248.97,105.72
ITM-000012997,ORD-00009383,PRD-00014,1,337.99,200.36,337.99,337.99,137.63
ITM-000012998,ORD-00009384,PRD-00001,2,320.99,176.63,641.98,641.98,288.72
ITM-000012999,ORD-00009385,PRD-00029,1,94.49,33.63,94.49,94.49,60.86
ITM-000013000,ORD-00009386,PRD-00027,1,83.99,34.49,83.99,83.99,49.5
ITM-000013001,ORD-00009386,PRD-00047,1,100.99,42.27,100.99,100.99,58.72
ITM-000013002,ORD-00009387,PRD-00021,1,114.99,46.3,114.99,114.99,68.69
ITM-000013003,ORD-00009388,PRD-00029,3,94.49,33.63,283.47,283.47,182.58
ITM-000013004,ORD-00009389,PRD-00009,1,94.99,52.51,94.99,94.99,42.48
ITM-000013005,ORD-00009390,PRD-00044,1,72.99,36.23,72.99,72.99,36.76
ITM-000013006,ORD-00009391,PRD-00100,1,143.99,66.17,143.99,143.99,77.82
ITM-000013007,ORD-00009392,PRD-00007,3,316.99,172.8,950.97,950.97,432.57
ITM-000013008,ORD-00009393,PRD-00014,1,337.99,200.36,337.99,337.99,137.63
ITM-000013009,ORD-00009394,PRD-00038,1,77.49,36.23,77.49,77.49,41.26
ITM-000013010,ORD-00009395,PRD-00021,1,114.99,46.3,114.99,114.99,68.69
ITM-000013011,ORD-00009395,PRD-00021,1,114.99,46.3,114.99,114.99,68.69
ITM-000013012,ORD-00009396,PRD-00061,1,75.99,20.12,75.99,75.99,55.87
ITM-000013013,ORD-00009397,PRD-00058,1,152.99,69.5,152.99,152.99,83.49
ITM-000013014,ORD-00009398,PRD-00086,1,140.99,72.94,140.99,140.99,68.05
ITM-000013015,ORD-00009399,PRD-00028,1,107.49,45.05,107.49,107.49,62.44
ITM-000013016,ORD-00009400,PRD-00031,1,110.99,51.16,110.99,110.99,59.83
ITM-000013017,ORD-00009401,PRD-00066,1,84.99,33.73,84.99,84.99,51.26
ITM-000013018,ORD-00009402,PRD-00028,1,107.49,45.05,107.49,107.49,62.44
ITM-000013019,ORD-00009403,PRD-00057,1,146.49,75.56,146.49,146.49,70.93
ITM-000013020,ORD-00009404,PRD-00056,1,135.49,71.03,135.49,135.49,64.46
ITM-000013021,ORD-00009405,PRD-00034,1,34.99,12.79,34.99,34.99,22.2
ITM-000013022,ORD-00009406,PRD-00002,3,203.99,113.88,611.97,611.97,270.33
ITM-000013023,ORD-00009407,PRD-00006,1,391.99,223.93,391.99,391.99,168.06
ITM-000013024,ORD-00009408,PRD-00061,1,75.99,20.12,75.99,75.99,55.87
ITM-000013025,ORD-00009409,PRD-00031,1,110.99,51.16,110.99,110.99,59.83
ITM-000013026,ORD-00009410,PRD-00049,1,162.99,86.22,162.99,162.99,76.77
ITM-000013027,ORD-00009410,PRD-00045,2,83.49,36.38,166.98,166.98,94.22
ITM-000013028,ORD-00009411,PRD-00034,1,34.99,12.79,34.99,34.99,22.2
ITM-000013029,ORD-00009412,PRD-00003,1,350.49,212.61,350.49,350.49,137.88
ITM-000013030,ORD-00009413,PRD-00080,1,87.99,32.75,87.99,87.99,55.24
ITM-000013031,ORD-00009414,PRD-00075,1,56.99,20.25,56.99,56.99,36.74
ITM-000013032,ORD-00009414,PRD-00087,3,43.99,24.1,131.97,131.97,59.67
ITM-000013033,ORD-00009415,PRD-00097,1,167.49,87.54,167.49,167.49,79.95
ITM-000013034,ORD-00009416,PRD-00046,1,113.49,52.53,113.49,113.49,60.96
ITM-000013035,ORD-00009417,PRD-00047,3,100.99,42.27,302.97,302.97,176.16
ITM-000013036,ORD-00009418,PRD-00008,1,325.99,186.16,325.99,325.99,139.83
ITM-000013037,ORD-00009419,PRD-00023,1,31.99,14.2,31.99,31.99,17.79
ITM-000013038,ORD-00009420,PRD-00069,1,51.99,14.6,51.99,51.99,37.39
ITM-000013039,ORD-00009421,PRD-00044,1,72.99,36.23,72.99,72.99,36.76
ITM-000013040,ORD-00009422,PRD-00009,1,94.99,52.51,94.99,94.99,42.48
ITM-000013041,ORD-00009423,PRD-00008,1,325.99,186.16,325.99,325.99,139.83
ITM-000013042,ORD-00009424,PRD-00047,1,100.99,42.27,100.99,100.99,58.72
ITM-000013043,ORD-00009425,PRD-00073,1,84.49,28.1,84.49,84.49,56.39
ITM-000013044,ORD-00009425,PRD-00026,1,94.99,41.91,94.99,94.99,53.08
ITM-000013045,ORD-00009426,PRD-00096,1,199.99,116.57,199.99,199.99,83.42
ITM-000013046,ORD-00009427,PRD-00076,1,62.99,25.51,62.99,62.99,37.48
ITM-000013047,ORD-00009428,PRD-00080,1,87.99,32.75,87.99,87.99,55.24
ITM-000013048,ORD-00009429,PRD-00032,1,42.49,17.54,42.49,42.49,24.95
ITM-000013049,ORD-00009430,PRD-00041,1,180.99,84.81,180.99,180.99,96.18
ITM-000013050,ORD-00009431,PRD-00066,1,84.99,33.73,84.99,84.99,51.26
ITM-000013051,ORD-00009432,PRD-00098,1,199.49,113.09,199.49,199.49,86.4
ITM-000013052,ORD-00009433,PRD-00098,1,199.49,113.09,199.49,199.49,86.4
ITM-000013053,ORD-00009434,PRD-00042,1,121.99,52.18,121.99,121.99,69.81
ITM-000013054,ORD-00009435,PRD-00039,2,40.99,18.26,81.98,81.98,45.46
ITM-000013055,ORD-00009436,PRD-00025,1,55.99,23.35,55.99,55.99,32.64
ITM-000013056,ORD-00009436,PRD-00093,1,227.99,111.71,227.99,227.99,116.28
ITM-000013057,ORD-00009437,PRD-00019,1,339.99,208.97,339.99,339.99,131.02
ITM-000013058,ORD-00009438,PRD-00026,1,94.99,41.91,94.99,94.99,53.08
ITM-000013059,ORD-00009439,PRD-00074,2,16.99,6.2,33.98,33.98,21.58
ITM-000013060,ORD-00009440,PRD-00097,1,167.49,87.54,167.49,167.49,79.95
ITM-000013061,ORD-00009441,PRD-00045,1,83.49,36.38,83.49,83.49,47.11
ITM-000013062,ORD-00009442,PRD-00019,1,339.99,208.97,339.99,339.99,131.02
ITM-000013063,ORD-00009443,PRD-00025,2,55.99,23.35,111.98,111.98,65.28
ITM-000013064,ORD-00009444,PRD-00084,1,31.99,15.58,31.99,31.99,16.41
ITM-000013065,ORD-00009444,PRD-00090,2,232.99,113.86,465.98,465.98,238.26
ITM-000013066,ORD-00009445,PRD-00028,1,107.49,45.05,107.49,107.49,62.44
ITM-000013067,ORD-00009446,PRD-00036,1,73.99,30.02,73.99,73.99,43.97
ITM-000013068,ORD-00009446,PRD-00044,1,72.99,36.23,72.99,72.99,36.76
ITM-000013069,ORD-00009447,PRD-00068,1,37.49,12.61,37.49,37.49,24.88
ITM-000013070,ORD-00009447,PRD-00040,1,98.99,45.24,98.99,98.99,53.75
ITM-000013071,ORD-00009448,PRD-00017,1,244.99,144.79,244.99,244.99,100.2
ITM-000013072,ORD-00009448,PRD-00032,1,42.49,17.54,42.49,42.49,24.95
ITM-000013073,ORD-00009449,PRD-00019,3,339.99,208.97,1019.97,1019.97,393.06
ITM-000013074,ORD-00009450,PRD-00034,1,34.99,12.79,34.99,34.99,22.2
ITM-000013075,ORD-00009451,PRD-00032,1,42.49,17.54,42.49,42.49,24.95
ITM-000013076,ORD-00009452,PRD-00092,1,214.99,101.72,214.99,214.99,113.27
ITM-000013077,ORD-00009453,PRD-00093,1,227.99,111.71,227.99,227.99,116.28
ITM-000013078,ORD-00009454,PRD-00029,1,94.49,33.63,94.49,94.49,60.86
ITM-000013079,ORD-00009455,PRD-00046,1,113.49,52.53,113.49,113.49,60.96
ITM-000013080,ORD-00009456,PRD-00060,1,176.49,84.75,176.49,176.49,91.74
ITM-000013081,ORD-00009456,PRD-00007,1,316.99,172.8,316.99,316.99,144.19
ITM-000013082,ORD-00009456,PRD-00056,2,135.49,71.03,270.98,270.98,128.92
ITM-000013083,ORD-00009457,PRD-00054,1,137.99,68.35,137.99,137.99,69.64
ITM-000013084,ORD-00009458,PRD-00071,1,86.99,31.3,86.99,86.99,55.69
ITM-000013085,ORD-00009459,PRD-00085,2,105.99,56.37,211.98,211.98,99.24
ITM-000013086,ORD-00009460,PRD-00065,3,24.99,5.84,74.97,74.97,57.45
ITM-000013087,ORD-00009461,PRD-00025,1,55.99,23.35,55.99,55.99,32.64
ITM-000013088,ORD-00009462,PRD-00037,1,41.99,15.18,41.99,41.99,26.81
ITM-000013089,ORD-00009463,PRD-00086,2,140.99,72.94,281.98,281.98,136.1
ITM-000013090,ORD-00009463,PRD-00056,1,135.49,71.03,135.49,135.49,64.46
ITM-000013091,ORD-00009464,PRD-00075,1,56.99,20.25,56.99,56.99,36.74
ITM-000013092,ORD-00009464,PRD-00009,1,94.99,52.51,94.99,94.99,42.48
ITM-000013093,ORD-00009465,PRD-00002,1,203.99,113.88,203.99,203.99,90.11
ITM-000013094,ORD-00009465,PRD-00098,1,199.49,113.09,199.49,199.49,86.4
ITM-000013095,ORD-00009465,PRD-00019,1,339.99,208.97,339.99,339.99,131.02
ITM-000013096,ORD-00009466,PRD-00084,1,31.99,15.58,31.99,31.99,16.41
ITM-000013097,ORD-00009466,PRD-00077,1,22.99,8.27,22.99,22.99,14.72
ITM-000013098,ORD-00009467,PRD-00080,1,87.99,32.75,87.99,87.99,55.24
ITM-000013099,ORD-00009468,PRD-00073,1,84.49,28.1,84.49,84.49,56.39
ITM-000013100,ORD-00009468,PRD-00048,1,33.49,15.83,33.49,33.49,17.66
ITM-000013101,ORD-00009469,PRD-00008,1,325.99,186.16,325.99,325.99,139.83
ITM-000013102,ORD-00009470,PRD-00068,1,37.49,12.61,37.49,37.49,24.88
ITM-000013103,ORD-00009471,PRD-00098,1,199.49,113.09,199.49,199.49,86.4
ITM-000013104,ORD-00009472,PRD-00083,1,115.99,58.28,115.99,115.99,57.71
ITM-000013105,ORD-00009473,PRD-00019,2,339.99,208.97,679.98,679.98,262.04
ITM-000013106,ORD-00009473,PRD-00009,1,94.99,52.51,94.99,94.99,42.48
ITM-000013107,ORD-00009474,PRD-00098,1,199.49,113.09,199.49,199.49,86.4
ITM-000013108,ORD-00009475,PRD-00099,1,50.99,27.57,50.99,50.99,23.42
ITM-000013109,ORD-00009475,PRD-00071,1,86.99,31.3,86.99,86.99,55.69
ITM-000013110,ORD-00009475,PRD-00042,1,121.99,52.18,121.99,121.99,69.81
ITM-000013111,ORD-00009476,PRD-00029,1,94.49,33.63,94.49,94.49,60.86
ITM-000013112,ORD-00009477,PRD-00097,2,167.49,87.54,334.98,334.98,159.9
ITM-000013113,ORD-00009478,PRD-00086,1,140.99,72.94,140.99,140.99,68.05
ITM-000013114,ORD-00009479,PRD-00008,1,325.99,186.16,325.99,325.99,139.83
ITM-000013115,ORD-00009480,PRD-00053,1,47.99,23.38,47.99,47.99,24.61
ITM-000013116,ORD-00009481,PRD-00010,1,207.99,120.07,207.99,207.99,87.92
ITM-000013117,ORD-00009481,PRD-00029,1,94.49,33.63,94.49,94.49,60.86
ITM-000013118,ORD-00009482,PRD-00025,1,55.99,23.35,55.99,55.99,32.64
ITM-000013119,ORD-00009483,PRD-00025,1,55.99,23.35,55.99,55.99,32.64
ITM-000013120,ORD-00009484,PRD-00021,2,114.99,46.3,229.98,229.98,137.38
ITM-000013121,ORD-00009485,PRD-00042,2,121.99,52.18,243.98,243.98,139.62
ITM-000013122,ORD-00009485,PRD-00076,1,62.99,25.51,62.99,62.99,37.48
ITM-000013123,ORD-00009486,PRD-00028,1,107.49,45.05,107.49,107.49,62.44
ITM-000013124,ORD-00009487,PRD-00082,1,151.49,68.21,151.49,151.49,83.28
ITM-000013125,ORD-00009488,PRD-00005,1,82.99,47.75,82.99,82.99,35.24
ITM-000013126,ORD-00009488,PRD-00021,3,114.99,46.3,344.97,344.97,206.07
ITM-000013127,ORD-00009489,PRD-00040,1,98.99,45.24,98.99,98.99,53.75
ITM-000013128,ORD-00009489,PRD-00021,1,114.99,46.3,114.99,114.99,68.69
ITM-000013129,ORD-00009490,PRD-00089,1,31.99,18.14,31.99,31.99,13.85
ITM-000013130,ORD-00009491,PRD-00072,1,36.99,11.8,36.99,36.99,25.19
ITM-000013131,ORD-00009492,PRD-00019,1,339.99,208.97,339.99,339.99,131.02
ITM-000013132,ORD-00009493,PRD-00029,1,94.49,33.63,94.49,94.49,60.86
ITM-000013133,ORD-00009494,PRD-00014,1,337.99,200.36,337.99,337.99,137.63
ITM-000013134,ORD-00009495,PRD-00080,1,87.99,32.75,87.99,87.99,55.24
ITM-000013135,ORD-00009496,PRD-00083,1,115.99,58.28,115.99,115.99,57.71
ITM-000013136,ORD-00009497,PRD-00097,1,167.49,87.54,167.49,167.49,79.95
ITM-000013137,ORD-00009497,PRD-00021,1,114.99,46.3,114.99,114.99,68.69
ITM-000013138,ORD-00009498,PRD-00006,1,391.99,223.93,391.99,391.99,168.06
ITM-000013139,ORD-00009499,PRD-00077,1,22.99,8.27,22.99,22.99,14.72
ITM-000013140,ORD-00009499,PRD-00084,3,31.99,15.58,95.97,95.97,49.23
ITM-000013141,ORD-00009500,PRD-00014,1,337.99,200.36,337.99,337.99,137.63
ITM-000013142,ORD-00009500,PRD-00025,1,55.99,23.35,55.99,55.99,32.64
ITM-000013143,ORD-00009501,PRD-00055,1,74.99,31.61,74.99,74.99,43.38
ITM-000013144,ORD-00009502,PRD-00075,1,56.99,20.25,56.99,56.99,36.74
ITM-000013145,ORD-00009503,PRD-00048,2,33.49,15.83,66.98,66.98,35.32
ITM-000013146,ORD-00009503,PRD-00045,1,83.49,36.38,83.49,83.49,47.11
ITM-000013147,ORD-00009504,PRD-00017,1,244.99,144.79,244.99,244.99,100.2
ITM-000013148,ORD-00009504,PRD-00026,1,94.99,41.91,94.99,94.99,53.08
ITM-000013149,ORD-00009505,PRD-00008,1,325.99,186.16,325.99,325.99,139.83
ITM-000013150,ORD-00009506,PRD-00064,1,24.99,6.91,24.99,24.99,18.08
ITM-000013151,ORD-00009506,PRD-00084,1,31.99,15.58,31.99,31.99,16.41
ITM-000013152,ORD-00009506,PRD-00098,1,199.49,113.09,199.49,199.49,86.4
ITM-000013153,ORD-00009507,PRD-00063,1,70.49,27.76,70.49,70.49,42.73
ITM-000013154,ORD-00009507,PRD-00036,1,73.99,30.02,73.99,73.99,43.97
ITM-000013155,ORD-00009508,PRD-00034,1,34.99,12.79,34.99,34.99,22.2
ITM-000013156,ORD-00009509,PRD-00064,2,24.99,6.91,49.98,49.98,36.16
ITM-000013157,ORD-00009509,PRD-00074,1,16.99,6.2,16.99,16.99,10.79
ITM-000013158,ORD-00009510,PRD-00032,1,42.49,17.54,42.49,42.49,24.95
ITM-000013159,ORD-00009511,PRD-00013,1,275.99,176.16,275.99,275.99,99.83
ITM-000013160,ORD-00009512,PRD-00020,1,271.99,147.22,271.99,271.99,124.77
ITM-000013161,ORD-00009513,PRD-00029,2,94.49,33.63,188.98,188.98,121.72
ITM-000013162,ORD-00009514,PRD-00018,1,72.99,37.97,72.99,72.99,35.02
ITM-000013163,ORD-00009515,PRD-00100,1,143.99,66.17,143.99,143.99,77.82
ITM-000013164,ORD-00009515,PRD-00005,2,82.99,47.75,165.98,165.98,70.48
ITM-000013165,ORD-00009516,PRD-00004,1,294.49,168.07,294.49,294.49,126.42
ITM-000013166,ORD-00009517,PRD-00014,1,337.99,200.36,337.99,337.99,137.63
ITM-000013167,ORD-00009518,PRD-00017,1,244.99,144.79,244.99,244.99,100.2
ITM-000013168,ORD-00009519,PRD-00019,1,339.99,208.97,339.99,339.99,131.02
ITM-000013169,ORD-00009520,PRD-00090,1,232.99,113.86,232.99,232.99,119.13
ITM-000013170,ORD-00009521,PRD-00087,1,43.99,24.1,43.99,43.99,19.89
ITM-000013171,ORD-00009521,PRD-00020,1,271.99,147.22,271.99,271.99,124.77
ITM-000013172,ORD-00009522,PRD-00094,1,245.99,110.0,245.99,245.99,135.99
ITM-000013173,ORD-00009522,PRD-00027,2,83.99,34.49,167.98,167.98,99.0
ITM-000013174,ORD-00009523,PRD-00057,1,146.49,75.56,146.49,146.49,70.93
ITM-000013175,ORD-00009524,PRD-00086,1,140.99,72.94,140.99,140.99,68.05
ITM-000013176,ORD-00009525,PRD-00012,1,374.49,207.75,374.49,374.49,166.74
ITM-000013177,ORD-00009525,PRD-00003,1,350.49,212.61,350.49,350.49,137.88
ITM-000013178,ORD-00009525,PRD-00044,1,72.99,36.23,72.99,72.99,36.76
ITM-000013179,ORD-00009526,PRD-00099,2,50.99,27.57,101.98,101.98,46.84
ITM-000013180,ORD-00009527,PRD-00054,1,137.99,68.35,137.99,137.99,69.64
ITM-000013181,ORD-00009528,PRD-00100,3,143.99,66.17,431.97,431.97,233.46
ITM-000013182,ORD-00009529,PRD-00033,1,27.99,11.51,27.99,27.99,16.48
ITM-000013183,ORD-00009529,PRD-00026,1,94.99,41.91,94.99,94.99,53.08
ITM-000013184,ORD-00009530,PRD-00063,1,70.49,27.76,70.49,70.49,42.73
ITM-000013185,ORD-00009531,PRD-00012,1,374.49,207.75,374.49,374.49,166.74
ITM-000013186,ORD-00009531,PRD-00094,1,245.99,110.0,245.99,245.99,135.99
ITM-000013187,ORD-00009532,PRD-00071,1,86.99,31.3,86.99,86.99,55.69
ITM-000013188,ORD-00009533,PRD-00045,2,83.49,36.38,166.98,166.98,94.22
ITM-000013189,ORD-00009534,PRD-00075,1,56.99,20.25,56.99,56.99,36.74
ITM-000013190,ORD-00009535,PRD-00088,1,211.99,101.84,211.99,211.99,110.15
ITM-000013191,ORD-00009535,PRD-00057,1,146.49,75.56,146.49,146.49,70.93
ITM-000013192,ORD-00009535,PRD-00093,2,227.99,111.71,455.98,455.98,232.56
ITM-000013193,ORD-00009536,PRD-00099,1,50.99,27.57,50.99,50.99,23.42
ITM-000013194,ORD-00009537,PRD-00091,1,42.99,22.68,42.99,42.99,20.31
ITM-000013195,ORD-00009537,PRD-00098,2,199.49,113.09,398.98,398.98,172.8
ITM-000013196,ORD-00009538,PRD-00008,1,325.99,186.16,325.99,325.99,139.83
ITM-000013197,ORD-00009539,PRD-00077,1,22.99,8.27,22.99,22.99,14.72
ITM-000013198,ORD-00009540,PRD-00089,1,31.99,18.14,31.99,31.99,13.85
ITM-000013199,ORD-00009541,PRD-00027,1,83.99,34.49,83.99,83.99,49.5
ITM-000013200,ORD-00009542,PRD-00051,1,52.99,21.94,52.99,52.99,31.05
ITM-000013201,ORD-00009542,PRD-00072,1,36.99,11.8,36.99,36.99,25.19
ITM-000013202,ORD-00009543,PRD-00030,3,67.99,29.21,203.97,203.97,116.34
ITM-000013203,ORD-00009544,PRD-00012,1,374.49,207.75,374.49,374.49,166.74
ITM-000013204,ORD-00009545,PRD-00006,3,391.99,223.93,1175.97,1175.97,504.18
ITM-000013205,ORD-00009545,PRD-00033,1,27.99,11.51,27.99,27.99,16.48
ITM-000013206,ORD-00009546,PRD-00100,1,143.99,66.17,143.99,143.99,77.82
ITM-000013207,ORD-00009546,PRD-00009,2,94.99,52.51,189.98,189.98,84.96
ITM-000013208,ORD-00009547,PRD-00074,2,16.99,6.2,33.98,33.98,21.58
ITM-000013209,ORD-00009547,PRD-00098,1,199.49,113.09,199.49,199.49,86.4
ITM-000013210,ORD-00009548,PRD-00036,1,73.99,30.02,73.99,73.99,43.97
ITM-000013211,ORD-00009549,PRD-00049,3,162.99,86.22,488.97,488.97,230.31
ITM-000013212,ORD-00009550,PRD-00035,1,100.99,39.04,100.99,100.99,61.95
ITM-000013213,ORD-00009551,PRD-00063,1,70.49,27.76,70.49,70.49,42.73
ITM-000013214,ORD-00009552,PRD-00062,3,68.49,27.5,205.47,205.47,122.97
ITM-000013215,ORD-00009553,PRD-00041,1,180.99,84.81,180.99,180.99,96.18
ITM-000013216,ORD-00009554,PRD-00082,1,151.49,68.21,151.49,151.49,83.28
ITM-000013217,ORD-00009555,PRD-00050,1,173.99,93.04,173.99,173.99,80.95
ITM-000013218,ORD-00009555,PRD-00074,1,16.99,6.2,16.99,16.99,10.79
ITM-000013219,ORD-00009556,PRD-00078,1,25.99,9.37,25.99,25.99,16.62
ITM-000013220,ORD-00009556,PRD-00010,1,207.99,120.07,207.99,207.99,87.92
ITM-000013221,ORD-00009556,PRD-00087,1,43.99,24.1,43.99,43.99,19.89
ITM-000013222,ORD-00009557,PRD-00097,1,167.49,87.54,167.49,167.49,79.95
ITM-000013223,ORD-00009558,PRD-00014,1,337.99,200.36,337.99,337.99,137.63
ITM-000013224,ORD-00009559,PRD-00040,1,98.99,45.24,98.99,98.99,53.75
ITM-000013225,ORD-00009559,PRD-00019,1,339.99,208.97,339.99,339.99,131.02
ITM-000013226,ORD-00009560,PRD-00001,1,320.99,176.63,320.99,320.99,144.36
ITM-000013227,ORD-00009560,PRD-00089,1,31.99,18.14,31.99,31.99,13.85
ITM-000013228,ORD-00009560,PRD-00063,1,70.49,27.76,70.49,70.49,42.73
ITM-000013229,ORD-00009561,PRD-00074,1,16.99,6.2,16.99,16.99,10.79
ITM-000013230,ORD-00009562,PRD-00073,1,84.49,28.1,84.49,84.49,56.39
ITM-000013231,ORD-00009563,PRD-00078,1,25.99,9.37,25.99,25.99,16.62
ITM-000013232,ORD-00009564,PRD-00005,1,82.99,47.75,82.99,82.99,35.24
ITM-000013233,ORD-00009565,PRD-00072,1,36.99,11.8,36.99,36.99,25.19
ITM-000013234,ORD-00009565,PRD-00087,1,43.99,24.1,43.99,43.99,19.89
ITM-000013235,ORD-00009566,PRD-00017,1,244.99,144.79,244.99,244.99,100.2
ITM-000013236,ORD-00009566,PRD-00043,1,105.99,49.95,105.99,105.99,56.04
ITM-000013237,ORD-00009567,PRD-00063,1,70.49,27.76,70.49,70.49,42.73
ITM-000013238,ORD-00009568,PRD-00087,1,43.99,24.1,43.99,43.99,19.89
ITM-000013239,ORD-00009569,PRD-00090,3,232.99,113.86,698.97,698.97,357.39
ITM-000013240,ORD-00009569,PRD-00042,1,121.99,52.18,121.99,121.99,69.81
ITM-000013241,ORD-00009570,PRD-00075,1,56.99,20.25,56.99,56.99,36.74
ITM-000013242,ORD-00009570,PRD-00013,1,275.99,176.16,275.99,275.99,99.83
ITM-000013243,ORD-00009571,PRD-00012,1,374.49,207.75,374.49,374.49,166.74
ITM-000013244,ORD-00009572,PRD-00010,1,207.99,120.07,207.99,207.99,87.92
ITM-000013245,ORD-00009573,PRD-00062,2,68.49,27.5,136.98,136.98,81.98
ITM-000013246,ORD-00009574,PRD-00018,1,72.99,37.97,72.99,72.99,35.02
ITM-000013247,ORD-00009574,PRD-00034,1,34.99,12.79,34.99,34.99,22.2
ITM-000013248,ORD-00009575,PRD-00055,1,74.99,31.61,74.99,74.99,43.38
ITM-000013249,ORD-00009576,PRD-00064,1,24.99,6.91,24.99,24.99,18.08
ITM-000013250,ORD-00009577,PRD-00054,1,137.99,68.35,137.99,137.99,69.64
ITM-000013251,ORD-00009578,PRD-00099,2,50.99,27.57,101.98,101.98,46.84
ITM-000013252,ORD-00009578,PRD-00099,2,50.99,27.57,101.98,101.98,46.84
ITM-000013253,ORD-00009579,PRD-00023,1,31.99,14.2,31.99,31.99,17.79
ITM-000013254,ORD-00009580,PRD-00050,1,173.99,93.04,173.99,173.99,80.95
ITM-000013255,ORD-00009581,PRD-00073,3,84.49,28.1,253.47,253.47,169.17
ITM-000013256,ORD-00009581,PRD-00048,1,33.49,15.83,33.49,33.49,17.66
ITM-000013257,ORD-00009582,PRD-00012,1,374.49,207.75,374.49,374.49,166.74
ITM-000013258,ORD-00009583,PRD-00073,1,84.49,28.1,84.49,84.49,56.39
ITM-000013259,ORD-00009583,PRD-00052,2,118.49,48.71,236.98,236.98,139.56
ITM-000013260,ORD-00009584,PRD-00046,1,113.49,52.53,113.49,113.49,60.96
ITM-000013261,ORD-00009585,PRD-00067,3,44.99,16.41,134.97,134.97,85.74
ITM-000013262,ORD-00009585,PRD-00006,1,391.99,223.93,391.99,391.99,168.06
ITM-000013263,ORD-00009586,PRD-00097,2,167.49,87.54,334.98,334.98,159.9
ITM-000013264,ORD-00009587,PRD-00005,2,82.99,47.75,165.98,165.98,70.48
ITM-000013265,ORD-00009588,PRD-00057,1,146.49,75.56,146.49,146.49,70.93
ITM-000013266,ORD-00009589,PRD-00059,1,47.49,23.54,47.49,47.49,23.95
ITM-000013267,ORD-00009590,PRD-00022,1,49.99,20.52,49.99,49.99,29.47
ITM-000013268,ORD-00009590,PRD-00098,1,199.49,113.09,199.49,199.49,86.4
ITM-000013269,ORD-00009590,PRD-00081,1,77.99,39.19,77.99,77.99,38.8
ITM-000013270,ORD-00009591,PRD-00033,2,27.99,11.51,55.98,55.98,32.96
ITM-000013271,ORD-00009592,PRD-00002,1,203.99,113.88,203.99,203.99,90.11
ITM-000013272,ORD-00009593,PRD-00048,1,33.49,15.83,33.49,33.49,17.66
ITM-000013273,ORD-00009594,PRD-00006,1,391.99,223.93,391.99,391.99,168.06
ITM-000013274,ORD-00009595,PRD-00053,1,47.99,23.38,47.99,47.99,24.61
ITM-000013275,ORD-00009596,PRD-00035,1,100.99,39.04,100.99,100.99,61.95
ITM-000013276,ORD-00009596,PRD-00012,2,374.49,207.75,748.98,748.98,333.48
ITM-000013277,ORD-00009597,PRD-00083,2,115.99,58.28,231.98,231.98,115.42
ITM-000013278,ORD-00009598,PRD-00086,1,140.99,72.94,140.99,140.99,68.05
ITM-000013279,ORD-00009599,PRD-00079,1,46.49,15.84,46.49,46.49,30.65
ITM-000013280,ORD-00009599,PRD-00062,1,68.49,27.5,68.49,68.49,40.99
ITM-000013281,ORD-00009599,PRD-00026,1,94.99,41.91,94.99,94.99,53.08
ITM-000013282,ORD-00009600,PRD-00019,1,339.99,208.97,339.99,339.99,131.02
ITM-000013283,ORD-00009601,PRD-00051,1,52.99,21.94,52.99,52.99,31.05
ITM-000013284,ORD-00009601,PRD-00077,1,22.99,8.27,22.99,22.99,14.72
ITM-000013285,ORD-00009602,PRD-00040,1,98.99,45.24,98.99,98.99,53.75
ITM-000013286,ORD-00009603,PRD-00077,1,22.99,8.27,22.99,22.99,14.72
ITM-000013287,ORD-00009603,PRD-00088,1,211.99,101.84,211.99,211.99,110.15
ITM-000013288,ORD-00009604,PRD-00086,1,140.99,72.94,140.99,140.99,68.05
ITM-000013289,ORD-00009605,PRD-00038,1,77.49,36.23,77.49,77.49,41.26
ITM-000013290,ORD-00009605,PRD-00096,1,199.99,116.57,199.99,199.99,83.42
ITM-000013291,ORD-00009606,PRD-00005,1,82.99,47.75,82.99,82.99,35.24
ITM-000013292,ORD-00009606,PRD-00039,1,40.99,18.26,40.99,40.99,22.73
ITM-000013293,ORD-00009607,PRD-00081,1,77.99,39.19,77.99,77.99,38.8
ITM-000013294,ORD-00009608,PRD-00076,1,62.99,25.51,62.99,62.99,37.48
ITM-000013295,ORD-00009608,PRD-00012,1,374.49,207.75,374.49,374.49,166.74
ITM-000013296,ORD-00009609,PRD-00027,1,83.99,34.49,83.99,83.99,49.5
ITM-000013297,ORD-00009610,PRD-00047,2,100.99,42.27,201.98,201.98,117.44
ITM-000013298,ORD-00009610,PRD-00094,1,245.99,110.0,245.99,245.99,135.99
ITM-000013299,ORD-00009611,PRD-00056,1,135.49,71.03,135.49,135.49,64.46
ITM-000013300,ORD-00009612,PRD-00086,1,140.99,72.94,140.99,140.99,68.05
ITM-000013301,ORD-00009613,PRD-00090,1,232.99,113.86,232.99,232.99,119.13
ITM-000013302,ORD-00009614,PRD-00027,1,83.99,34.49,83.99,83.99,49.5
ITM-000013303,ORD-00009615,PRD-00036,2,73.99,30.02,147.98,147.98,87.94
ITM-000013304,ORD-00009616,PRD-00046,1,113.49,52.53,113.49,113.49,60.96
ITM-000013305,ORD-00009616,PRD-00004,1,294.49,168.07,294.49,294.49,126.42
ITM-000013306,ORD-00009617,PRD-00067,1,44.99,16.41,44.99,44.99,28.58
ITM-000013307,ORD-00009617,PRD-00031,1,110.99,51.16,110.99,110.99,59.83
ITM-000013308,ORD-00009618,PRD-00025,1,55.99,23.35,55.99,55.99,32.64
ITM-000013309,ORD-00009618,PRD-00088,2,211.99,101.84,423.98,423.98,220.3
ITM-000013310,ORD-00009619,PRD-00007,1,316.99,172.8,316.99,316.99,144.19
ITM-000013311,ORD-00009620,PRD-00020,1,271.99,147.22,271.99,271.99,124.77
ITM-000013312,ORD-00009621,PRD-00035,1,100.99,39.04,100.99,100.99,61.95
ITM-000013313,ORD-00009621,PRD-00019,1,339.99,208.97,339.99,339.99,131.02
ITM-000013314,ORD-00009622,PRD-00010,1,207.99,120.07,207.99,207.99,87.92
ITM-000013315,ORD-00009623,PRD-00086,1,140.99,72.94,140.99,140.99,68.05
ITM-000013316,ORD-00009623,PRD-00034,2,34.99,12.79,69.98,69.98,44.4
ITM-000013317,ORD-00009623,PRD-00017,2,244.99,144.79,489.98,489.98,200.4
ITM-000013318,ORD-00009624,PRD-00085,1,105.99,56.37,105.99,105.99,49.62
ITM-000013319,ORD-00009625,PRD-00068,1,37.49,12.61,37.49,37.49,24.88
ITM-000013320,ORD-00009625,PRD-00010,1,207.99,120.07,207.99,207.99,87.92
ITM-000013321,ORD-00009626,PRD-00070,2,64.99,25.31,129.98,129.98,79.36
ITM-000013322,ORD-00009626,PRD-00039,2,40.99,18.26,81.98,81.98,45.46
ITM-000013323,ORD-00009627,PRD-00070,1,64.99,25.31,64.99,64.99,39.68
ITM-000013324,ORD-00009627,PRD-00048,1,33.49,15.83,33.49,33.49,17.66
ITM-000013325,ORD-00009628,PRD-00079,1,46.49,15.84,46.49,46.49,30.65
ITM-000013326,ORD-00009628,PRD-00034,1,34.99,12.79,34.99,34.99,22.2
ITM-000013327,ORD-00009629,PRD-00009,1,94.99,52.51,94.99,94.99,42.48
ITM-000013328,ORD-00009630,PRD-00020,1,271.99,147.22,271.99,271.99,124.77
ITM-000013329,ORD-00009631,PRD-00090,2,232.99,113.86,465.98,465.98,238.26
ITM-000013330,ORD-00009632,PRD-00087,1,43.99,24.1,43.99,43.99,19.89
ITM-000013331,ORD-00009633,PRD-00097,1,167.49,87.54,167.49,167.49,79.95
ITM-000013332,ORD-00009633,PRD-00024,1,54.99,26.28,54.99,54.99,28.71
ITM-000013333,ORD-00009634,PRD-00010,1,207.99,120.07,207.99,207.99,87.92
ITM-000013334,ORD-00009634,PRD-00008,1,325.99,186.16,325.99,325.99,139.83
ITM-000013335,ORD-00009635,PRD-00035,1,100.99,39.04,100.99,100.99,61.95
ITM-000013336,ORD-00009636,PRD-00010,1,207.99,120.07,207.99,207.99,87.92
ITM-000013337,ORD-00009636,PRD-00091,1,42.99,22.68,42.99,42.99,20.31
ITM-000013338,ORD-00009636,PRD-00010,1,207.99,120.07,207.99,207.99,87.92
ITM-000013339,ORD-00009637,PRD-00074,1,16.99,6.2,16.99,16.99,10.79
ITM-000013340,ORD-00009638,PRD-00056,1,135.49,71.03,135.49,135.49,64.46
ITM-000013341,ORD-00009639,PRD-00004,1,294.49,168.07,294.49,294.49,126.42
ITM-000013342,ORD-00009640,PRD-00071,1,86.99,31.3,86.99,86.99,55.69
ITM-000013343,ORD-00009641,PRD-00037,1,41.99,15.18,41.99,41.99,26.81
ITM-000013344,ORD-00009642,PRD-00099,2,50.99,27.57,101.98,101.98,46.84
ITM-000013345,ORD-00009642,PRD-00067,2,44.99,16.41,89.98,89.98,57.16
ITM-000013346,ORD-00009642,PRD-00045,1,83.49,36.38,83.49,83.49,47.11
ITM-000013347,ORD-00009643,PRD-00021,2,114.99,46.3,229.98,229.98,137.38
ITM-000013348,ORD-00009643,PRD-00082,1,151.49,68.21,151.49,151.49,83.28
ITM-000013349,ORD-00009643,PRD-00096,1,199.99,116.57,199.99,199.99,83.42
ITM-000013350,ORD-00009644,PRD-00051,1,52.99,21.94,52.99,52.99,31.05
ITM-000013351,ORD-00009644,PRD-00078,1,25.99,9.37,25.99,25.99,16.62
ITM-000013352,ORD-00009645,PRD-00034,1,34.99,12.79,34.99,34.99,22.2
ITM-000013353,ORD-00009646,PRD-00008,1,325.99,186.16,325.99,325.99,139.83
ITM-000013354,ORD-00009646,PRD-00011,1,179.99,102.31,179.99,179.99,77.68
ITM-000013355,ORD-00009647,PRD-00018,1,72.99,37.97,72.99,72.99,35.02
ITM-000013356,ORD-00009648,PRD-00017,1,244.99,144.79,244.99,244.99,100.2
ITM-000013357,ORD-00009649,PRD-00092,2,214.99,101.72,429.98,429.98,226.54
ITM-000013358,ORD-00009650,PRD-00093,1,227.99,111.71,227.99,227.99,116.28
ITM-000013359,ORD-00009651,PRD-00073,1,84.49,28.1,84.49,84.49,56.39
ITM-000013360,ORD-00009652,PRD-00041,1,180.99,84.81,180.99,180.99,96.18
ITM-000013361,ORD-00009652,PRD-00057,1,146.49,75.56,146.49,146.49,70.93
ITM-000013362,ORD-00009653,PRD-00062,1,68.49,27.5,68.49,68.49,40.99
ITM-000013363,ORD-00009653,PRD-00047,1,100.99,42.27,100.99,100.99,58.72
ITM-000013364,ORD-00009654,PRD-00069,1,51.99,14.6,51.99,51.99,37.39
ITM-000013365,ORD-00009655,PRD-00011,1,179.99,102.31,179.99,179.99,77.68
ITM-000013366,ORD-00009656,PRD-00077,2,22.99,8.27,45.98,45.98,29.44
ITM-000013367,ORD-00009656,PRD-00018,1,72.99,37.97,72.99,72.99,35.02
ITM-000013368,ORD-00009657,PRD-00038,1,77.49,36.23,77.49,77.49,41.26
ITM-000013369,ORD-00009657,PRD-00094,3,245.99,110.0,737.97,737.97,407.97
ITM-000013370,ORD-00009657,PRD-00039,1,40.99,18.26,40.99,40.99,22.73
ITM-000013371,ORD-00009658,PRD-00037,1,41.99,15.18,41.99,41.99,26.81
ITM-000013372,ORD-00009658,PRD-00034,1,34.99,12.79,34.99,34.99,22.2
ITM-000013373,ORD-00009659,PRD-00011,1,179.99,102.31,179.99,179.99,77.68
ITM-000013374,ORD-00009660,PRD-00005,1,82.99,47.75,82.99,82.99,35.24
ITM-000013375,ORD-00009661,PRD-00022,1,49.99,20.52,49.99,49.99,29.47
ITM-000013376,ORD-00009662,PRD-00079,1,46.49,15.84,46.49,46.49,30.65
ITM-000013377,ORD-00009663,PRD-00065,1,24.99,5.84,24.99,24.99,19.15
ITM-000013378,ORD-00009663,PRD-00041,1,180.99,84.81,180.99,180.99,96.18
ITM-000013379,ORD-00009664,PRD-00068,1,37.49,12.61,37.49,37.49,24.88
ITM-000013380,ORD-00009664,PRD-00033,1,27.99,11.51,27.99,27.99,16.48
ITM-000013381,ORD-00009664,PRD-00006,1,391.99,223.93,391.99,391.99,168.06
ITM-000013382,ORD-00009665,PRD-00079,1,46.49,15.84,46.49,46.49,30.65
ITM-000013383,ORD-00009666,PRD-00063,1,70.49,27.76,70.49,70.49,42.73
ITM-000013384,ORD-00009666,PRD-00044,1,72.99,36.23,72.99,72.99,36.76
ITM-000013385,ORD-00009667,PRD-00061,1,75.99,20.12,75.99,75.99,55.87
ITM-000013386,ORD-00009668,PRD-00044,1,72.99,36.23,72.99,72.99,36.76
ITM-000013387,ORD-00009668,PRD-00037,1,41.99,15.18,41.99,41.99,26.81
ITM-000013388,ORD-00009669,PRD-00022,1,49.99,20.52,49.99,49.99,29.47
ITM-000013389,ORD-00009670,PRD-00053,1,47.99,23.38,47.99,47.99,24.61
ITM-000013390,ORD-00009671,PRD-00069,1,51.99,14.6,51.99,51.99,37.39
ITM-000013391,ORD-00009672,PRD-00015,1,205.99,123.35,205.99,205.99,82.64
ITM-000013392,ORD-00009673,PRD-00085,1,105.99,56.37,105.99,105.99,49.62
ITM-000013393,ORD-00009674,PRD-00099,1,50.99,27.57,50.99,50.99,23.42
ITM-000013394,ORD-00009674,PRD-00077,1,22.99,8.27,22.99,22.99,14.72
ITM-000013395,ORD-00009675,PRD-00094,1,245.99,110.0,245.99,245.99,135.99
ITM-000013396,ORD-00009676,PRD-00065,1,24.99,5.84,24.99,24.99,19.15
ITM-000013397,ORD-00009676,PRD-00042,1,121.99,52.18,121.99,121.99,69.81
ITM-000013398,ORD-00009677,PRD-00026,1,94.99,41.91,94.99,94.99,53.08
ITM-000013399,ORD-00009678,PRD-00047,1,100.99,42.27,100.99,100.99,58.72
ITM-000013400,ORD-00009678,PRD-00052,1,118.49,48.71,118.49,118.49,69.78
ITM-000013401,ORD-00009678,PRD-00030,1,67.99,29.21,67.99,67.99,38.78
ITM-000013402,ORD-00009679,PRD-00033,1,27.99,11.51,27.99,27.99,16.48
ITM-000013403,ORD-00009680,PRD-00068,1,37.49,12.61,37.49,37.49,24.88
ITM-000013404,ORD-00009681,PRD-00043,1,105.99,49.95,105.99,105.99,56.04
ITM-000013405,ORD-00009681,PRD-00032,1,42.49,17.54,42.49,42.49,24.95
ITM-000013406,ORD-00009681,PRD-00072,1,36.99,11.8,36.99,36.99,25.19
ITM-000013407,ORD-00009682,PRD-00010,1,207.99,120.07,207.99,207.99,87.92
ITM-000013408,ORD-00009682,PRD-00084,1,31.99,15.58,31.99,31.99,16.41
ITM-000013409,ORD-00009683,PRD-00051,1,52.99,21.94,52.99,52.99,31.05
ITM-000013410,ORD-00009684,PRD-00045,1,83.49,36.38,83.49,83.49,47.11
ITM-000013411,ORD-00009685,PRD-00046,1,113.49,52.53,113.49,113.49,60.96
ITM-000013412,ORD-00009686,PRD-00093,1,227.99,111.71,227.99,227.99,116.28
ITM-000013413,ORD-00009686,PRD-00071,1,86.99,31.3,86.99,86.99,55.69
ITM-000013414,ORD-00009686,PRD-00007,1,316.99,172.8,316.99,316.99,144.19
ITM-000013415,ORD-00009687,PRD-00079,2,46.49,15.84,92.98,92.98,61.3
ITM-000013416,ORD-00009688,PRD-00017,1,244.99,144.79,244.99,244.99,100.2
ITM-000013417,ORD-00009688,PRD-00036,1,73.99,30.02,73.99,73.99,43.97
ITM-000013418,ORD-00009689,PRD-00088,1,211.99,101.84,211.99,211.99,110.15
ITM-000013419,ORD-00009689,PRD-00065,1,24.99,5.84,24.99,24.99,19.15
ITM-000013420,ORD-00009690,PRD-00006,1,391.99,223.93,391.99,391.99,168.06
ITM-000013421,ORD-00009691,PRD-00062,2,68.49,27.5,136.98,136.98,81.98
ITM-000013422,ORD-00009692,PRD-00077,2,22.99,8.27,45.98,45.98,29.44
ITM-000013423,ORD-00009693,PRD-00027,1,83.99,34.49,83.99,83.99,49.5
ITM-000013424,ORD-00009694,PRD-00075,2,56.99,20.25,113.98,113.98,73.48
ITM-000013425,ORD-00009695,PRD-00093,2,227.99,111.71,455.98,455.98,232.56
ITM-000013426,ORD-00009696,PRD-00073,1,84.49,28.1,84.49,84.49,56.39
ITM-000013427,ORD-00009697,PRD-00024,1,54.99,26.28,54.99,54.99,28.71
ITM-000013428,ORD-00009697,PRD-00076,1,62.99,25.51,62.99,62.99,37.48
ITM-000013429,ORD-00009697,PRD-00072,1,36.99,11.8,36.99,36.99,25.19
ITM-000013430,ORD-00009698,PRD-00031,1,110.99,51.16,110.99,110.99,59.83
ITM-000013431,ORD-00009699,PRD-00071,1,86.99,31.3,86.99,86.99,55.69
ITM-000013432,ORD-00009699,PRD-00095,1,204.99,100.6,204.99,204.99,104.39
ITM-000013433,ORD-00009700,PRD-00089,1,31.99,18.14,31.99,31.99,13.85
ITM-000013434,ORD-00009701,PRD-00022,1,49.99,20.52,49.99,49.99,29.47
ITM-000013435,ORD-00009702,PRD-00063,1,70.49,27.76,70.49,70.49,42.73
ITM-000013436,ORD-00009703,PRD-00047,1,100.99,42.27,100.99,100.99,58.72
ITM-000013437,ORD-00009703,PRD-00076,1,62.99,25.51,62.99,62.99,37.48
ITM-000013438,ORD-00009704,PRD-00074,1,16.99,6.2,16.99,16.99,10.79
ITM-000013439,ORD-00009705,PRD-00019,1,339.99,208.97,339.99,339.99,131.02
ITM-000013440,ORD-00009706,PRD-00023,1,31.99,14.2,31.99,31.99,17.79
ITM-000013441,ORD-00009707,PRD-00032,1,42.49,17.54,42.49,42.49,24.95
ITM-000013442,ORD-00009708,PRD-00086,1,140.99,72.94,140.99,140.99,68.05
ITM-000013443,ORD-00009709,PRD-00086,1,140.99,72.94,140.99,140.99,68.05
ITM-000013444,ORD-00009710,PRD-00085,1,105.99,56.37,105.99,105.99,49.62
ITM-000013445,ORD-00009711,PRD-00064,1,24.99,6.91,24.99,24.99,18.08
ITM-000013446,ORD-00009712,PRD-00053,1,47.99,23.38,47.99,47.99,24.61
ITM-000013447,ORD-00009713,PRD-00049,1,162.99,86.22,162.99,162.99,76.77
ITM-000013448,ORD-00009714,PRD-00032,1,42.49,17.54,42.49,42.49,24.95
ITM-000013449,ORD-00009714,PRD-00054,1,137.99,68.35,137.99,137.99,69.64
ITM-000013450,ORD-00009714,PRD-00099,1,50.99,27.57,50.99,50.99,23.42
ITM-000013451,ORD-00009715,PRD-00034,1,34.99,12.79,34.99,34.99,22.2
ITM-000013452,ORD-00009716,PRD-00075,1,56.99,20.25,56.99,56.99,36.74
ITM-000013453,ORD-00009716,PRD-00088,1,211.99,101.84,211.99,211.99,110.15
ITM-000013454,ORD-00009716,PRD-00071,1,86.99,31.3,86.99,86.99,55.69
ITM-000013455,ORD-00009717,PRD-00049,1,162.99,86.22,162.99,162.99,76.77
ITM-000013456,ORD-00009717,PRD-00047,1,100.99,42.27,100.99,100.99,58.72
ITM-000013457,ORD-00009718,PRD-00028,1,107.49,45.05,107.49,107.49,62.44
ITM-000013458,ORD-00009719,PRD-00056,1,135.49,71.03,135.49,135.49,64.46
ITM-000013459,ORD-00009720,PRD-00067,1,44.99,16.41,44.99,44.99,28.58
ITM-000013460,ORD-00009721,PRD-00098,1,199.49,113.09,199.49,199.49,86.4
ITM-000013461,ORD-00009721,PRD-00038,1,77.49,36.23,77.49,77.49,41.26
ITM-000013462,ORD-00009722,PRD-00068,1,37.49,12.61,37.49,37.49,24.88
ITM-000013463,ORD-00009723,PRD-00087,1,43.99,24.1,43.99,43.99,19.89
ITM-000013464,ORD-00009724,PRD-00026,1,94.99,41.91,94.99,94.99,53.08
ITM-000013465,ORD-00009725,PRD-00090,1,232.99,113.86,232.99,232.99,119.13
ITM-000013466,ORD-00009726,PRD-00013,1,275.99,176.16,275.99,275.99,99.83
ITM-000013467,ORD-00009727,PRD-00078,2,25.99,9.37,51.98,51.98,33.24
ITM-000013468,ORD-00009728,PRD-00043,1,105.99,49.95,105.99,105.99,56.04
ITM-000013469,ORD-00009729,PRD-00024,1,54.99,26.28,54.99,54.99,28.71
ITM-000013470,ORD-00009729,PRD-00076,1,62.99,25.51,62.99,62.99,37.48
ITM-000013471,ORD-00009730,PRD-00001,1,320.99,176.63,320.99,320.99,144.36
ITM-000013472,ORD-00009730,PRD-00043,1,105.99,49.95,105.99,105.99,56.04
ITM-000013473,ORD-00009730,PRD-00040,1,98.99,45.24,98.99,98.99,53.75
ITM-000013474,ORD-00009731,PRD-00058,1,152.99,69.5,152.99,152.99,83.49
ITM-000013475,ORD-00009731,PRD-00056,1,135.49,71.03,135.49,135.49,64.46
ITM-000013476,ORD-00009732,PRD-00049,1,162.99,86.22,162.99,162.99,76.77
ITM-000013477,ORD-00009733,PRD-00028,1,107.49,45.05,107.49,107.49,62.44
ITM-000013478,ORD-00009734,PRD-00080,1,87.99,32.75,87.99,87.99,55.24
ITM-000013479,ORD-00009735,PRD-00039,1,40.99,18.26,40.99,40.99,22.73
ITM-000013480,ORD-00009736,PRD-00009,1,94.99,52.51,94.99,94.99,42.48
ITM-000013481,ORD-00009737,PRD-00057,2,146.49,75.56,292.98,292.98,141.86
ITM-000013482,ORD-00009738,PRD-00026,3,94.99,41.91,284.97,284.97,159.24
ITM-000013483,ORD-00009738,PRD-00023,1,31.99,14.2,31.99,31.99,17.79
ITM-000013484,ORD-00009738,PRD-00044,1,72.99,36.23,72.99,72.99,36.76
ITM-000013485,ORD-00009739,PRD-00079,1,46.49,15.84,46.49,46.49,30.65
ITM-000013486,ORD-00009739,PRD-00051,2,52.99,21.94,105.98,105.98,62.1
ITM-000013487,ORD-00009740,PRD-00059,1,47.49,23.54,47.49,47.49,23.95
ITM-000013488,ORD-00009740,PRD-00024,1,54.99,26.28,54.99,54.99,28.71
ITM-000013489,ORD-00009741,PRD-00067,1,44.99,16.41,44.99,44.99,28.58
ITM-000013490,ORD-00009742,PRD-00100,1,143.99,66.17,143.99,143.99,77.82
ITM-000013491,ORD-00009743,PRD-00081,2,77.99,39.19,155.98,155.98,77.6
ITM-000013492,ORD-00009743,PRD-00094,1,245.99,110.0,245.99,245.99,135.99
ITM-000013493,ORD-00009744,PRD-00046,1,113.49,52.53,113.49,113.49,60.96
ITM-000013494,ORD-00009744,PRD-00071,1,86.99,31.3,86.99,86.99,55.69
ITM-000013495,ORD-00009745,PRD-00078,1,25.99,9.37,25.99,25.99,16.62
ITM-000013496,ORD-00009746,PRD-00005,1,82.99,47.75,82.99,82.99,35.24
ITM-000013497,ORD-00009746,PRD-00032,1,42.49,17.54,42.49,42.49,24.95
ITM-000013498,ORD-00009746,PRD-00036,1,73.99,30.02,73.99,73.99,43.97
ITM-000013499,ORD-00009747,PRD-00003,1,350.49,212.61,350.49,350.49,137.88
ITM-000013500,ORD-00009748,PRD-00099,1,50.99,27.57,50.99,50.99,23.42
ITM-000013501,ORD-00009749,PRD-00042,1,121.99,52.18,121.99,121.99,69.81
ITM-000013502,ORD-00009750,PRD-00007,1,316.99,172.8,316.99,316.99,144.19
ITM-000013503,ORD-00009751,PRD-00020,1,271.99,147.22,271.99,271.99,124.77
ITM-000013504,ORD-00009752,PRD-00094,2,245.99,110.0,491.98,491.98,271.98
ITM-000013505,ORD-00009753,PRD-00041,1,180.99,84.81,180.99,180.99,96.18
ITM-000013506,ORD-00009753,PRD-00064,1,24.99,6.91,24.99,24.99,18.08
ITM-000013507,ORD-00009754,PRD-00097,1,167.49,87.54,167.49,167.49,79.95
ITM-000013508,ORD-00009754,PRD-00023,1,31.99,14.2,31.99,31.99,17.79
ITM-000013509,ORD-00009755,PRD-00059,1,47.49,23.54,47.49,47.49,23.95
ITM-000013510,ORD-00009755,PRD-00026,1,94.99,41.91,94.99,94.99,53.08
ITM-000013511,ORD-00009756,PRD-00085,3,105.99,56.37,317.97,317.97,148.86
ITM-000013512,ORD-00009757,PRD-00013,3,275.99,176.16,827.97,827.97,299.49
ITM-000013513,ORD-00009758,PRD-00071,1,86.99,31.3,86.99,86.99,55.69
ITM-000013514,ORD-00009758,PRD-00093,1,227.99,111.71,227.99,227.99,116.28
ITM-000013515,ORD-00009759,PRD-00097,1,167.49,87.54,167.49,167.49,79.95
ITM-000013516,ORD-00009760,PRD-00082,1,151.49,68.21,151.49,151.49,83.28
ITM-000013517,ORD-00009761,PRD-00055,1,74.99,31.61,74.99,74.99,43.38
ITM-000013518,ORD-00009762,PRD-00039,1,40.99,18.26,40.99,40.99,22.73
ITM-000013519,ORD-00009762,PRD-00083,1,115.99,58.28,115.99,115.99,57.71
ITM-000013520,ORD-00009763,PRD-00061,1,75.99,20.12,75.99,75.99,55.87
ITM-000013521,ORD-00009764,PRD-00011,1,179.99,102.31,179.99,179.99,77.68
ITM-000013522,ORD-00009765,PRD-00002,1,203.99,113.88,203.99,203.99,90.11
ITM-000013523,ORD-00009766,PRD-00093,1,227.99,111.71,227.99,227.99,116.28
ITM-000013524,ORD-00009766,PRD-00042,1,121.99,52.18,121.99,121.99,69.81
ITM-000013525,ORD-00009766,PRD-00029,1,94.49,33.63,94.49,94.49,60.86
ITM-000013526,ORD-00009767,PRD-00041,2,180.99,84.81,361.98,361.98,192.36
ITM-000013527,ORD-00009767,PRD-00007,1,316.99,172.8,316.99,316.99,144.19
ITM-000013528,ORD-00009768,PRD-00088,1,211.99,101.84,211.99,211.99,110.15
ITM-000013529,ORD-00009768,PRD-00062,1,68.49,27.5,68.49,68.49,40.99
ITM-000013530,ORD-00009769,PRD-00038,1,77.49,36.23,77.49,77.49,41.26
ITM-000013531,ORD-00009770,PRD-00005,1,82.99,47.75,82.99,82.99,35.24
ITM-000013532,ORD-00009771,PRD-00054,1,137.99,68.35,137.99,137.99,69.64
ITM-000013533,ORD-00009772,PRD-00045,1,83.49,36.38,83.49,83.49,47.11
ITM-000013534,ORD-00009773,PRD-00099,1,50.99,27.57,50.99,50.99,23.42
ITM-000013535,ORD-00009773,PRD-00065,1,24.99,5.84,24.99,24.99,19.15
ITM-000013536,ORD-00009774,PRD-00059,1,47.49,23.54,47.49,47.49,23.95
ITM-000013537,ORD-00009774,PRD-00032,1,42.49,17.54,42.49,42.49,24.95
ITM-000013538,ORD-00009775,PRD-00012,1,374.49,207.75,374.49,374.49,166.74
ITM-000013539,ORD-00009775,PRD-00050,1,173.99,93.04,173.99,173.99,80.95
ITM-000013540,ORD-00009776,PRD-00007,1,316.99,172.8,316.99,316.99,144.19
ITM-000013541,ORD-00009777,PRD-00084,2,31.99,15.58,63.98,63.98,32.82
ITM-000013542,ORD-00009777,PRD-00067,1,44.99,16.41,44.99,44.99,28.58
ITM-000013543,ORD-00009778,PRD-00028,1,107.49,45.05,107.49,107.49,62.44
ITM-000013544,ORD-00009779,PRD-00081,2,77.99,39.19,155.98,155.98,77.6
ITM-000013545,ORD-00009780,PRD-00056,1,135.49,71.03,135.49,135.49,64.46
ITM-000013546,ORD-00009780,PRD-00084,3,31.99,15.58,95.97,95.97,49.23
ITM-000013547,ORD-00009780,PRD-00062,2,68.49,27.5,136.98,136.98,81.98
ITM-000013548,ORD-00009781,PRD-00004,1,294.49,168.07,294.49,294.49,126.42
ITM-000013549,ORD-00009782,PRD-00024,1,54.99,26.28,54.99,54.99,28.71
ITM-000013550,ORD-00009783,PRD-00089,1,31.99,18.14,31.99,31.99,13.85
ITM-000013551,ORD-00009783,PRD-00052,1,118.49,48.71,118.49,118.49,69.78
ITM-000013552,ORD-00009783,PRD-00023,1,31.99,14.2,31.99,31.99,17.79
ITM-000013553,ORD-00009784,PRD-00085,1,105.99,56.37,105.99,105.99,49.62
ITM-000013554,ORD-00009784,PRD-00043,1,105.99,49.95,105.99,105.99,56.04
ITM-000013555,ORD-00009784,PRD-00002,1,203.99,113.88,203.99,203.99,90.11
ITM-000013556,ORD-00009785,PRD-00026,1,94.99,41.91,94.99,94.99,53.08
ITM-000013557,ORD-00009785,PRD-00042,1,121.99,52.18,121.99,121.99,69.81
ITM-000013558,ORD-00009786,PRD-00042,1,121.99,52.18,121.99,121.99,69.81
ITM-000013559,ORD-00009786,PRD-00018,2,72.99,37.97,145.98,145.98,70.04
ITM-000013560,ORD-00009786,PRD-00090,1,232.99,113.86,232.99,232.99,119.13
ITM-000013561,ORD-00009787,PRD-00066,1,84.99,33.73,84.99,84.99,51.26
ITM-000013562,ORD-00009788,PRD-00003,1,350.49,212.61,350.49,350.49,137.88
ITM-000013563,ORD-00009788,PRD-00070,1,64.99,25.31,64.99,64.99,39.68
ITM-000013564,ORD-00009788,PRD-00085,1,105.99,56.37,105.99,105.99,49.62
ITM-000013565,ORD-00009789,PRD-00090,1,232.99,113.86,232.99,232.99,119.13
ITM-000013566,ORD-00009789,PRD-00004,1,294.49,168.07,294.49,294.49,126.42
ITM-000013567,ORD-00009790,PRD-00065,1,24.99,5.84,24.99,24.99,19.15
ITM-000013568,ORD-00009790,PRD-00062,1,68.49,27.5,68.49,68.49,40.99
ITM-000013569,ORD-00009791,PRD-00009,1,94.99,52.51,94.99,94.99,42.48
ITM-000013570,ORD-00009791,PRD-00095,1,204.99,100.6,204.99,204.99,104.39
ITM-000013571,ORD-00009791,PRD-00042,1,121.99,52.18,121.99,121.99,69.81
ITM-000013572,ORD-00009792,PRD-00030,1,67.99,29.21,67.99,67.99,38.78
ITM-000013573,ORD-00009792,PRD-00057,1,146.49,75.56,146.49,146.49,70.93
ITM-000013574,ORD-00009793,PRD-00007,1,316.99,172.8,316.99,316.99,144.19
ITM-000013575,ORD-00009794,PRD-00075,1,56.99,20.25,56.99,56.99,36.74
ITM-000013576,ORD-00009794,PRD-00051,2,52.99,21.94,105.98,105.98,62.1
ITM-000013577,ORD-00009794,PRD-00046,1,113.49,52.53,113.49,113.49,60.96
ITM-000013578,ORD-00009795,PRD-00085,1,105.99,56.37,105.99,105.99,49.62
ITM-000013579,ORD-00009796,PRD-00066,1,84.99,33.73,84.99,84.99,51.26
ITM-000013580,ORD-00009797,PRD-00086,1,140.99,72.94,140.99,140.99,68.05
ITM-000013581,ORD-00009797,PRD-00013,1,275.99,176.16,275.99,275.99,99.83
ITM-000013582,ORD-00009797,PRD-00090,1,232.99,113.86,232.99,232.99,119.13
ITM-000013583,ORD-00009798,PRD-00017,1,244.99,144.79,244.99,244.99,100.2
ITM-000013584,ORD-00009799,PRD-00077,2,22.99,8.27,45.98,45.98,29.44
ITM-000013585,ORD-00009799,PRD-00004,2,294.49,168.07,588.98,588.98,252.84
ITM-000013586,ORD-00009799,PRD-00098,1,199.49,113.09,199.49,199.49,86.4
ITM-000013587,ORD-00009800,PRD-00004,1,294.49,168.07,294.49,294.49,126.42
ITM-000013588,ORD-00009801,PRD-00016,1,129.99,78.72,129.99,129.99,51.27
ITM-000013589,ORD-00009802,PRD-00057,1,146.49,75.56,146.49,146.49,70.93
ITM-000013590,ORD-00009803,PRD-00096,1,199.99,116.57,199.99,199.99,83.42
ITM-000013591,ORD-00009804,PRD-00079,1,46.49,15.84,46.49,46.49,30.65
ITM-000013592,ORD-00009805,PRD-00067,1,44.99,16.41,44.99,44.99,28.58
ITM-000013593,ORD-00009806,PRD-00042,1,121.99,52.18,121.99,121.99,69.81
ITM-000013594,ORD-00009807,PRD-00077,1,22.99,8.27,22.99,22.99,14.72
ITM-000013595,ORD-00009808,PRD-00066,1,84.99,33.73,84.99,84.99,51.26
ITM-000013596,ORD-00009809,PRD-00056,1,135.49,71.03,135.49,135.49,64.46
ITM-000013597,ORD-00009810,PRD-00047,1,100.99,42.27,100.99,100.99,58.72
ITM-000013598,ORD-00009810,PRD-00060,1,176.49,84.75,176.49,176.49,91.74
ITM-000013599,ORD-00009811,PRD-00025,1,55.99,23.35,55.99,55.99,32.64
ITM-000013600,ORD-00009811,PRD-00043,1,105.99,49.95,105.99,105.99,56.04
ITM-000013601,ORD-00009811,PRD-00091,1,42.99,22.68,42.99,42.99,20.31
ITM-000013602,ORD-00009812,PRD-00001,1,320.99,176.63,320.99,320.99,144.36
ITM-000013603,ORD-00009813,PRD-00039,1,40.99,18.26,40.99,40.99,22.73
ITM-000013604,ORD-00009813,PRD-00058,2,152.99,69.5,305.98,305.98,166.98
ITM-000013605,ORD-00009814,PRD-00064,1,24.99,6.91,24.99,24.99,18.08
ITM-000013606,ORD-00009814,PRD-00030,1,67.99,29.21,67.99,67.99,38.78
ITM-000013607,ORD-00009814,PRD-00080,2,87.99,32.75,175.98,175.98,110.48
ITM-000013608,ORD-00009815,PRD-00022,1,49.99,20.52,49.99,49.99,29.47
ITM-000013609,ORD-00009815,PRD-00003,1,350.49,212.61,350.49,350.49,137.88
ITM-000013610,ORD-00009815,PRD-00081,1,77.99,39.19,77.99,77.99,38.8
ITM-000013611,ORD-00009816,PRD-00039,1,40.99,18.26,40.99,40.99,22.73
ITM-000013612,ORD-00009817,PRD-00071,1,86.99,31.3,86.99,86.99,55.69
ITM-000013613,ORD-00009818,PRD-00030,1,67.99,29.21,67.99,67.99,38.78
ITM-000013614,ORD-00009819,PRD-00046,1,113.49,52.53,113.49,113.49,60.96
ITM-000013615,ORD-00009820,PRD-00024,1,54.99,26.28,54.99,54.99,28.71
ITM-000013616,ORD-00009821,PRD-00030,2,67.99,29.21,135.98,135.98,77.56
ITM-000013617,ORD-00009821,PRD-00065,1,24.99,5.84,24.99,24.99,19.15
ITM-000013618,ORD-00009822,PRD-00039,1,40.99,18.26,40.99,40.99,22.73
ITM-000013619,ORD-00009822,PRD-00070,1,64.99,25.31,64.99,64.99,39.68
ITM-000013620,ORD-00009822,PRD-00016,1,129.99,78.72,129.99,129.99,51.27
ITM-000013621,ORD-00009823,PRD-00054,1,137.99,68.35,137.99,137.99,69.64
ITM-000013622,ORD-00009824,PRD-00057,1,146.49,75.56,146.49,146.49,70.93
ITM-000013623,ORD-00009824,PRD-00030,2,67.99,29.21,135.98,135.98,77.56
ITM-000013624,ORD-00009825,PRD-00089,1,31.99,18.14,31.99,31.99,13.85
ITM-000013625,ORD-00009826,PRD-00085,1,105.99,56.37,105.99,105.99,49.62
ITM-000013626,ORD-00009826,PRD-00098,2,199.49,113.09,398.98,398.98,172.8
ITM-000013627,ORD-00009826,PRD-00006,1,391.99,223.93,391.99,391.99,168.06
ITM-000013628,ORD-00009827,PRD-00056,1,135.49,71.03,135.49,135.49,64.46
ITM-000013629,ORD-00009828,PRD-00076,1,62.99,25.51,62.99,62.99,37.48
ITM-000013630,ORD-00009828,PRD-00005,2,82.99,47.75,165.98,165.98,70.48
ITM-000013631,ORD-00009829,PRD-00062,1,68.49,27.5,68.49,68.49,40.99
ITM-000013632,ORD-00009829,PRD-00034,1,34.99,12.79,34.99,34.99,22.2
ITM-000013633,ORD-00009829,PRD-00071,1,86.99,31.3,86.99,86.99,55.69
ITM-000013634,ORD-00009830,PRD-00026,2,94.99,41.91,189.98,189.98,106.16
ITM-000013635,ORD-00009831,PRD-00042,1,121.99,52.18,121.99,121.99,69.81
ITM-000013636,ORD-00009832,PRD-00047,1,100.99,42.27,100.99,100.99,58.72
ITM-000013637,ORD-00009833,PRD-00083,1,115.99,58.28,115.99,115.99,57.71
ITM-000013638,ORD-00009834,PRD-00052,3,118.49,48.71,355.47,355.47,209.34
ITM-000013639,ORD-00009835,PRD-00016,1,129.99,78.72,129.99,129.99,51.27
ITM-000013640,ORD-00009836,PRD-00003,1,350.49,212.61,350.49,350.49,137.88
ITM-000013641,ORD-00009836,PRD-00021,1,114.99,46.3,114.99,114.99,68.69
ITM-000013642,ORD-00009837,PRD-00050,1,173.99,93.04,173.99,173.99,80.95
ITM-000013643,ORD-00009838,PRD-00038,1,77.49,36.23,77.49,77.49,41.26
ITM-000013644,ORD-00009839,PRD-00055,1,74.99,31.61,74.99,74.99,43.38
ITM-000013645,ORD-00009839,PRD-00049,1,162.99,86.22,162.99,162.99,76.77
ITM-000013646,ORD-00009840,PRD-00094,1,245.99,110.0,245.99,245.99,135.99
ITM-000013647,ORD-00009840,PRD-00077,1,22.99,8.27,22.99,22.99,14.72
ITM-000013648,ORD-00009841,PRD-00055,1,74.99,31.61,74.99,74.99,43.38
ITM-000013649,ORD-00009842,PRD-00066,1,84.99,33.73,84.99,84.99,51.26
ITM-000013650,ORD-00009842,PRD-00045,1,83.49,36.38,83.49,83.49,47.11
ITM-000013651,ORD-00009842,PRD-00096,2,199.99,116.57,399.98,399.98,166.84
ITM-000013652,ORD-00009843,PRD-00014,3,337.99,200.36,1013.97,1013.97,412.89
ITM-000013653,ORD-00009843,PRD-00056,1,135.49,71.03,135.49,135.49,64.46
ITM-000013654,ORD-00009844,PRD-00051,1,52.99,21.94,52.99,52.99,31.05
ITM-000013655,ORD-00009845,PRD-00092,1,214.99,101.72,214.99,214.99,113.27
ITM-000013656,ORD-00009845,PRD-00032,2,42.49,17.54,84.98,84.98,49.9
ITM-000013657,ORD-00009846,PRD-00043,1,105.99,49.95,105.99,105.99,56.04
ITM-000013658,ORD-00009846,PRD-00044,1,72.99,36.23,72.99,72.99,36.76
ITM-000013659,ORD-00009847,PRD-00002,1,203.99,113.88,203.99,203.99,90.11
ITM-000013660,ORD-00009848,PRD-00024,2,54.99,26.28,109.98,109.98,57.42
ITM-000013661,ORD-00009848,PRD-00041,2,180.99,84.81,361.98,361.98,192.36
ITM-000013662,ORD-00009849,PRD-00014,1,337.99,200.36,337.99,337.99,137.63
ITM-000013663,ORD-00009850,PRD-00061,1,75.99,20.12,75.99,75.99,55.87
ITM-000013664,ORD-00009851,PRD-00022,3,49.99,20.52,149.97,149.97,88.41
ITM-000013665,ORD-00009852,PRD-00003,1,350.49,212.61,350.49,350.49,137.88
ITM-000013666,ORD-00009853,PRD-00030,1,67.99,29.21,67.99,67.99,38.78
ITM-000013667,ORD-00009854,PRD-00025,1,55.99,23.35,55.99,55.99,32.64
ITM-000013668,ORD-00009855,PRD-00004,2,294.49,168.07,588.98,588.98,252.84
ITM-000013669,ORD-00009855,PRD-00059,1,47.49,23.54,47.49,47.49,23.95
ITM-000013670,ORD-00009856,PRD-00054,1,137.99,68.35,137.99,137.99,69.64
ITM-000013671,ORD-00009856,PRD-00093,1,227.99,111.71,227.99,227.99,116.28
ITM-000013672,ORD-00009857,PRD-00093,1,227.99,111.71,227.99,227.99,116.28
ITM-000013673,ORD-00009858,PRD-00043,2,105.99,49.95,211.98,211.98,112.08
ITM-000013674,ORD-00009859,PRD-00034,1,34.99,12.79,34.99,34.99,22.2
ITM-000013675,ORD-00009860,PRD-00026,2,94.99,41.91,189.98,189.98,106.16
ITM-000013676,ORD-00009861,PRD-00060,1,176.49,84.75,176.49,176.49,91.74
ITM-000013677,ORD-00009862,PRD-00062,2,68.49,27.5,136.98,136.98,81.98
ITM-000013678,ORD-00009863,PRD-00082,1,151.49,68.21,151.49,151.49,83.28
ITM-000013679,ORD-00009864,PRD-00087,1,43.99,24.1,43.99,43.99,19.89
ITM-000013680,ORD-00009864,PRD-00057,1,146.49,75.56,146.49,146.49,70.93
ITM-000013681,ORD-00009864,PRD-00079,1,46.49,15.84,46.49,46.49,30.65
ITM-000013682,ORD-00009865,PRD-00040,1,98.99,45.24,98.99,98.99,53.75
ITM-000013683,ORD-00009866,PRD-00025,2,55.99,23.35,111.98,111.98,65.28
ITM-000013684,ORD-00009867,PRD-00095,1,204.99,100.6,204.99,204.99,104.39
ITM-000013685,ORD-00009868,PRD-00013,1,275.99,176.16,275.99,275.99,99.83
ITM-000013686,ORD-00009869,PRD-00011,1,179.99,102.31,179.99,179.99,77.68
ITM-000013687,ORD-00009870,PRD-00078,1,25.99,9.37,25.99,25.99,16.62
ITM-000013688,ORD-00009870,PRD-00029,1,94.49,33.63,94.49,94.49,60.86
ITM-000013689,ORD-00009870,PRD-00081,1,77.99,39.19,77.99,77.99,38.8
ITM-000013690,ORD-00009871,PRD-00049,1,162.99,86.22,162.99,162.99,76.77
ITM-000013691,ORD-00009871,PRD-00089,2,31.99,18.14,63.98,63.98,27.7
ITM-000013692,ORD-00009872,PRD-00029,1,94.49,33.63,94.49,94.49,60.86
ITM-000013693,ORD-00009873,PRD-00062,1,68.49,27.5,68.49,68.49,40.99
ITM-000013694,ORD-00009874,PRD-00050,1,173.99,93.04,173.99,173.99,80.95
ITM-000013695,ORD-00009875,PRD-00033,1,27.99,11.51,27.99,27.99,16.48
ITM-000013696,ORD-00009875,PRD-00041,1,180.99,84.81,180.99,180.99,96.18
ITM-000013697,ORD-00009875,PRD-00020,2,271.99,147.22,543.98,543.98,249.54
ITM-000013698,ORD-00009876,PRD-00029,1,94.49,33.63,94.49,94.49,60.86
ITM-000013699,ORD-00009877,PRD-00059,1,47.49,23.54,47.49,47.49,23.95
ITM-000013700,ORD-00009878,PRD-00098,1,199.49,113.09,199.49,199.49,86.4
ITM-000013701,ORD-00009878,PRD-00079,1,46.49,15.84,46.49,46.49,30.65
ITM-000013702,ORD-00009879,PRD-00097,1,167.49,87.54,167.49,167.49,79.95
ITM-000013703,ORD-00009880,PRD-00047,1,100.99,42.27,100.99,100.99,58.72
ITM-000013704,ORD-00009881,PRD-00019,1,339.99,208.97,339.99,339.99,131.02
ITM-000013705,ORD-00009882,PRD-00087,1,43.99,24.1,43.99,43.99,19.89
ITM-000013706,ORD-00009882,PRD-00097,1,167.49,87.54,167.49,167.49,79.95
ITM-000013707,ORD-00009883,PRD-00058,1,152.99,69.5,152.99,152.99,83.49
ITM-000013708,ORD-00009883,PRD-00044,1,72.99,36.23,72.99,72.99,36.76
ITM-000013709,ORD-00009884,PRD-00012,1,374.49,207.75,374.49,374.49,166.74
ITM-000013710,ORD-00009884,PRD-00061,1,75.99,20.12,75.99,75.99,55.87
ITM-000013711,ORD-00009884,PRD-00008,1,325.99,186.16,325.99,325.99,139.83
ITM-000013712,ORD-00009885,PRD-00096,1,199.99,116.57,199.99,199.99,83.42
ITM-000013713,ORD-00009885,PRD-00013,1,275.99,176.16,275.99,275.99,99.83
ITM-000013714,ORD-00009886,PRD-00075,1,56.99,20.25,56.99,56.99,36.74
ITM-000013715,ORD-00009887,PRD-00072,3,36.99,11.8,110.97,110.97,75.57
ITM-000013716,ORD-00009888,PRD-00044,2,72.99,36.23,145.98,145.98,73.52
ITM-000013717,ORD-00009889,PRD-00064,1,24.99,6.91,24.99,24.99,18.08
ITM-000013718,ORD-00009890,PRD-00058,1,152.99,69.5,152.99,152.99,83.49
ITM-000013719,ORD-00009891,PRD-00086,1,140.99,72.94,140.99,140.99,68.05
ITM-000013720,ORD-00009892,PRD-00031,1,110.99,51.16,110.99,110.99,59.83
ITM-000013721,ORD-00009893,PRD-00081,1,77.99,39.19,77.99,77.99,38.8
ITM-000013722,ORD-00009893,PRD-00060,1,176.49,84.75,176.49,176.49,91.74
ITM-000013723,ORD-00009894,PRD-00066,1,84.99,33.73,84.99,84.99,51.26
ITM-000013724,ORD-00009894,PRD-00022,1,49.99,20.52,49.99,49.99,29.47
ITM-000013725,ORD-00009895,PRD-00093,1,227.99,111.71,227.99,227.99,116.28
ITM-000013726,ORD-00009896,PRD-00072,1,36.99,11.8,36.99,36.99,25.19
ITM-000013727,ORD-00009897,PRD-00029,1,94.49,33.63,94.49,94.49,60.86
ITM-000013728,ORD-00009897,PRD-00062,1,68.49,27.5,68.49,68.49,40.99
ITM-000013729,ORD-00009898,PRD-00070,1,64.99,25.31,64.99,64.99,39.68
ITM-000013730,ORD-00009898,PRD-00013,1,275.99,176.16,275.99,275.99,99.83
ITM-000013731,ORD-00009899,PRD-00081,1,77.99,39.19,77.99,77.99,38.8
ITM-000013732,ORD-00009899,PRD-00091,1,42.99,22.68,42.99,42.99,20.31
ITM-000013733,ORD-00009900,PRD-00057,1,146.49,75.56,146.49,146.49,70.93
ITM-000013734,ORD-00009901,PRD-00002,1,203.99,113.88,203.99,203.99,90.11
ITM-000013735,ORD-00009902,PRD-00061,1,75.99,20.12,75.99,75.99,55.87
ITM-000013736,ORD-00009902,PRD-00066,2,84.99,33.73,169.98,169.98,102.52
ITM-000013737,ORD-00009903,PRD-00095,2,204.99,100.6,409.98,409.98,208.78
ITM-000013738,ORD-00009903,PRD-00003,1,350.49,212.61,350.49,350.49,137.88
ITM-000013739,ORD-00009904,PRD-00031,1,110.99,51.16,110.99,110.99,59.83
ITM-000013740,ORD-00009905,PRD-00017,1,244.99,144.79,244.99,244.99,100.2
ITM-000013741,ORD-00009906,PRD-00029,1,94.49,33.63,94.49,94.49,60.86
ITM-000013742,ORD-00009907,PRD-00094,1,245.99,110.0,245.99,245.99,135.99
ITM-000013743,ORD-00009908,PRD-00002,1,203.99,113.88,203.99,203.99,90.11
ITM-000013744,ORD-00009909,PRD-00044,1,72.99,36.23,72.99,72.99,36.76
ITM-000013745,ORD-00009909,PRD-00090,1,232.99,113.86,232.99,232.99,119.13
ITM-000013746,ORD-00009910,PRD-00054,1,137.99,68.35,137.99,137.99,69.64
ITM-000013747,ORD-00009911,PRD-00056,1,135.49,71.03,135.49,135.49,64.46
ITM-000013748,ORD-00009911,PRD-00050,1,173.99,93.04,173.99,173.99,80.95
ITM-000013749,ORD-00009912,PRD-00025,1,55.99,23.35,55.99,55.99,32.64
ITM-000013750,ORD-00009913,PRD-00090,3,232.99,113.86,698.97,698.97,357.39
ITM-000013751,ORD-00009913,PRD-00013,1,275.99,176.16,275.99,275.99,99.83
ITM-000013752,ORD-00009914,PRD-00046,1,113.49,52.53,113.49,113.49,60.96
ITM-000013753,ORD-00009914,PRD-00063,1,70.49,27.76,70.49,70.49,42.73
ITM-000013754,ORD-00009915,PRD-00071,1,86.99,31.3,86.99,86.99,55.69
ITM-000013755,ORD-00009916,PRD-00062,2,68.49,27.5,136.98,136.98,81.98
ITM-000013756,ORD-00009916,PRD-00072,2,36.99,11.8,73.98,73.98,50.38
ITM-000013757,ORD-00009917,PRD-00089,1,31.99,18.14,31.99,31.99,13.85
ITM-000013758,ORD-00009918,PRD-00039,1,40.99,18.26,40.99,40.99,22.73
ITM-000013759,ORD-00009918,PRD-00068,3,37.49,12.61,112.47,112.47,74.64
ITM-000013760,ORD-00009919,PRD-00061,1,75.99,20.12,75.99,75.99,55.87
ITM-000013761,ORD-00009919,PRD-00008,2,325.99,186.16,651.98,651.98,279.66
ITM-000013762,ORD-00009920,PRD-00052,1,118.49,48.71,118.49,118.49,69.78
ITM-000013763,ORD-00009921,PRD-00085,1,105.99,56.37,105.99,105.99,49.62
ITM-000013764,ORD-00009922,PRD-00067,1,44.99,16.41,44.99,44.99,28.58
ITM-000013765,ORD-00009923,PRD-00085,1,105.99,56.37,105.99,105.99,49.62
ITM-000013766,ORD-00009924,PRD-00044,3,72.99,36.23,218.97,218.97,110.28
ITM-000013767,ORD-00009925,PRD-00031,1,110.99,51.16,110.99,110.99,59.83
ITM-000013768,ORD-00009925,PRD-00045,1,83.49,36.38,83.49,83.49,47.11
ITM-000013769,ORD-00009926,PRD-00037,1,41.99,15.18,41.99,41.99,26.81
ITM-000013770,ORD-00009927,PRD-00091,1,42.99,22.68,42.99,42.99,20.31
ITM-000013771,ORD-00009928,PRD-00044,2,72.99,36.23,145.98,145.98,73.52
ITM-000013772,ORD-00009929,PRD-00064,1,24.99,6.91,24.99,24.99,18.08
ITM-000013773,ORD-00009929,PRD-00045,1,83.49,36.38,83.49,83.49,47.11
ITM-000013774,ORD-00009930,PRD-00064,1,24.99,6.91,24.99,24.99,18.08
ITM-000013775,ORD-00009930,PRD-00087,1,43.99,24.1,43.99,43.99,19.89
ITM-000013776,ORD-00009930,PRD-00065,1,24.99,5.84,24.99,24.99,19.15
ITM-000013777,ORD-00009931,PRD-00033,1,27.99,11.51,27.99,27.99,16.48
ITM-000013778,ORD-00009932,PRD-00037,1,41.99,15.18,41.99,41.99,26.81
ITM-000013779,ORD-00009933,PRD-00079,1,46.49,15.84,46.49,46.49,30.65
ITM-000013780,ORD-00009934,PRD-00020,1,271.99,147.22,271.99,271.99,124.77
ITM-000013781,ORD-00009935,PRD-00005,1,82.99,47.75,82.99,82.99,35.24
ITM-000013782,ORD-00009936,PRD-00039,1,40.99,18.26,40.99,40.99,22.73
ITM-000013783,ORD-00009937,PRD-00030,1,67.99,29.21,67.99,67.99,38.78
ITM-000013784,ORD-00009938,PRD-00097,1,167.49,87.54,167.49,167.49,79.95
ITM-000013785,ORD-00009939,PRD-00091,1,42.99,22.68,42.99,42.99,20.31
ITM-000013786,ORD-00009940,PRD-00097,1,167.49,87.54,167.49,167.49,79.95
ITM-000013787,ORD-00009941,PRD-00055,2,74.99,31.61,149.98,149.98,86.76
ITM-000013788,ORD-00009941,PRD-00017,1,244.99,144.79,244.99,244.99,100.2
ITM-000013789,ORD-00009941,PRD-00013,1,275.99,176.16,275.99,275.99,99.83
ITM-000013790,ORD-00009942,PRD-00039,1,40.99,18.26,40.99,40.99,22.73
ITM-000013791,ORD-00009943,PRD-00064,1,24.99,6.91,24.99,24.99,18.08
ITM-000013792,ORD-00009943,PRD-00080,1,87.99,32.75,87.99,87.99,55.24
ITM-000013793,ORD-00009944,PRD-00037,1,41.99,15.18,41.99,41.99,26.81
ITM-000013794,ORD-00009945,PRD-00069,1,51.99,14.6,51.99,51.99,37.39
ITM-000013795,ORD-00009946,PRD-00025,1,55.99,23.35,55.99,55.99,32.64
ITM-000013796,ORD-00009947,PRD-00039,1,40.99,18.26,40.99,40.99,22.73
ITM-000013797,ORD-00009948,PRD-00046,1,113.49,52.53,113.49,113.49,60.96
ITM-000013798,ORD-00009948,PRD-00043,1,105.99,49.95,105.99,105.99,56.04
ITM-000013799,ORD-00009948,PRD-00068,2,37.49,12.61,74.98,74.98,49.76
ITM-000013800,ORD-00009949,PRD-00082,1,151.49,68.21,151.49,151.49,83.28
ITM-000013801,ORD-00009950,PRD-00097,1,167.49,87.54,167.49,167.49,79.95
ITM-000013802,ORD-00009950,PRD-00005,1,82.99,47.75,82.99,82.99,35.24
ITM-000013803,ORD-00009951,PRD-00030,1,67.99,29.21,67.99,67.99,38.78
ITM-000013804,ORD-00009951,PRD-00029,1,94.49,33.63,94.49,94.49,60.86
ITM-000013805,ORD-00009952,PRD-00073,2,84.49,28.1,168.98,168.98,112.78
ITM-000013806,ORD-00009953,PRD-00064,1,24.99,6.91,24.99,24.99,18.08
ITM-000013807,ORD-00009953,PRD-00014,3,337.99,200.36,1013.97,1013.97,412.89
ITM-000013808,ORD-00009953,PRD-00036,1,73.99,30.02,73.99,73.99,43.97
ITM-000013809,ORD-00009954,PRD-00005,1,82.99,47.75,82.99,82.99,35.24
ITM-000013810,ORD-00009954,PRD-00042,1,121.99,52.18,121.99,121.99,69.81
ITM-000013811,ORD-00009954,PRD-00070,2,64.99,25.31,129.98,129.98,79.36
ITM-000013812,ORD-00009955,PRD-00007,1,316.99,172.8,316.99,316.99,144.19
ITM-000013813,ORD-00009955,PRD-00100,1,143.99,66.17,143.99,143.99,77.82
ITM-000013814,ORD-00009956,PRD-00033,3,27.99,11.51,83.97,83.97,49.44
ITM-000013815,ORD-00009956,PRD-00048,1,33.49,15.83,33.49,33.49,17.66
ITM-000013816,ORD-00009957,PRD-00033,1,27.99,11.51,27.99,27.99,16.48
ITM-000013817,ORD-00009958,PRD-00035,1,100.99,39.04,100.99,100.99,61.95
ITM-000013818,ORD-00009959,PRD-00064,1,24.99,6.91,24.99,24.99,18.08
ITM-000013819,ORD-00009960,PRD-00074,1,16.99,6.2,16.99,16.99,10.79
ITM-000013820,ORD-00009961,PRD-00071,1,86.99,31.3,86.99,86.99,55.69
ITM-000013821,ORD-00009961,PRD-00067,1,44.99,16.41,44.99,44.99,28.58
ITM-000013822,ORD-00009961,PRD-00065,1,24.99,5.84,24.99,24.99,19.15
ITM-000013823,ORD-00009962,PRD-00100,1,143.99,66.17,143.99,143.99,77.82
ITM-000013824,ORD-00009963,PRD-00084,1,31.99,15.58,31.99,31.99,16.41
ITM-000013825,ORD-00009963,PRD-00088,1,211.99,101.84,211.99,211.99,110.15
ITM-000013826,ORD-00009963,PRD-00081,2,77.99,39.19,155.98,155.98,77.6
ITM-000013827,ORD-00009964,PRD-00041,1,180.99,84.81,180.99,180.99,96.18
ITM-000013828,ORD-00009965,PRD-00090,1,232.99,113.86,232.99,232.99,119.13
ITM-000013829,ORD-00009966,PRD-00025,1,55.99,23.35,55.99,55.99,32.64
ITM-000013830,ORD-00009967,PRD-00081,2,77.99,39.19,155.98,155.98,77.6
ITM-000013831,ORD-00009968,PRD-00075,1,56.99,20.25,56.99,56.99,36.74
ITM-000013832,ORD-00009968,PRD-00029,1,94.49,33.63,94.49,94.49,60.86
ITM-000013833,ORD-00009968,PRD-00020,1,271.99,147.22,271.99,271.99,124.77
ITM-000013834,ORD-00009969,PRD-00100,2,143.99,66.17,287.98,287.98,155.64
ITM-000013835,ORD-00009970,PRD-00091,1,42.99,22.68,42.99,42.99,20.31
ITM-000013836,ORD-00009971,PRD-00065,1,24.99,5.84,24.99,24.99,19.15
ITM-000013837,ORD-00009972,PRD-00010,1,207.99,120.07,207.99,207.99,87.92
ITM-000013838,ORD-00009973,PRD-00096,1,199.99,116.57,199.99,199.99,83.42
ITM-000013839,ORD-00009974,PRD-00018,1,72.99,37.97,72.99,72.99,35.02
ITM-000013840,ORD-00009975,PRD-00056,1,135.49,71.03,135.49,135.49,64.46
ITM-000013841,ORD-00009975,PRD-00082,1,151.49,68.21,151.49,151.49,83.28
ITM-000013842,ORD-00009975,PRD-00006,2,391.99,223.93,783.98,783.98,336.12
ITM-000013843,ORD-00009976,PRD-00059,1,47.49,23.54,47.49,47.49,23.95
ITM-000013844,ORD-00009977,PRD-00094,1,245.99,110.0,245.99,245.99,135.99
ITM-000013845,ORD-00009977,PRD-00018,1,72.99,37.97,72.99,72.99,35.02
ITM-000013846,ORD-00009978,PRD-00033,1,27.99,11.51,27.99,27.99,16.48
ITM-000013847,ORD-00009979,PRD-00094,1,245.99,110.0,245.99,245.99,135.99
ITM-000013848,ORD-00009980,PRD-00008,1,325.99,186.16,325.99,325.99,139.83
ITM-000013849,ORD-00009981,PRD-00025,1,55.99,23.35,55.99,55.99,32.64
ITM-000013850,ORD-00009982,PRD-00080,1,87.99,32.75,87.99,87.99,55.24
ITM-000013851,ORD-00009982,PRD-00091,3,42.99,22.68,128.97,128.97,60.93
ITM-000013852,ORD-00009983,PRD-00068,1,37.49,12.61,37.49,37.49,24.88
ITM-000013853,ORD-00009984,PRD-00021,1,114.99,46.3,114.99,114.99,68.69
ITM-000013854,ORD-00009984,PRD-00066,2,84.99,33.73,169.98,169.98,102.52
ITM-000013855,ORD-00009985,PRD-00058,1,152.99,69.5,152.99,152.99,83.49
ITM-000013856,ORD-00009986,PRD-00040,1,98.99,45.24,98.99,98.99,53.75
ITM-000013857,ORD-00009987,PRD-00055,1,74.99,31.61,74.99,74.99,43.38
ITM-000013858,ORD-00009987,PRD-00050,1,173.99,93.04,173.99,173.99,80.95
ITM-000013859,ORD-00009988,PRD-00008,1,325.99,186.16,325.99,325.99,139.83
ITM-000013860,ORD-00009989,PRD-00040,1,98.99,45.24,98.99,98.99,53.75
ITM-000013861,ORD-00009990,PRD-00085,1,105.99,56.37,105.99,105.99,49.62
ITM-000013862,ORD-00009991,PRD-00016,1,129.99,78.72,129.99,129.99,51.27
ITM-000013863,ORD-00009992,PRD-00001,1,320.99,176.63,320.99,320.99,144.36
ITM-000013864,ORD-00009993,PRD-00046,3,113.49,52.53,340.47,340.47,182.88
ITM-000013865,ORD-00009994,PRD-00026,1,94.99,41.91,94.99,94.99,53.08
ITM-000013866,ORD-00009995,PRD-00024,1,54.99,26.28,54.99,54.99,28.71
ITM-000013867,ORD-00009995,PRD-00035,1,100.99,39.04,100.99,100.99,61.95
ITM-000013868,ORD-00009996,PRD-00083,1,115.99,58.28,115.99,115.99,57.71
ITM-000013869,ORD-00009997,PRD-00072,1,36.99,11.8,36.99,36.99,25.19
ITM-000013870,ORD-00009998,PRD-00036,1,73.99,30.02,73.99,73.99,43.97
ITM-000013871,ORD-00009998,PRD-00080,2,87.99,32.75,175.98,175.98,110.48
ITM-000013872,ORD-00009999,PRD-00057,1,146.49,75.56,146.49,146.49,70.93
ITM-000013873,ORD-00009999,PRD-00059,1,47.49,23.54,47.49,47.49,23.95
ITM-000013874,ORD-00009999,PRD-00063,1,70.49,27.76,70.49,70.49,42.73
ITM-000013875,ORD-00010000,PRD-00098,1,199.49,113.09,199.49,199.49,86.4
ITM-000013876,ORD-00010000,PRD-00036,1,73.99,30.02,73.99,73.99,43.97
ITM-000013877,ORD-00010001,PRD-00069,1,51.99,14.6,51.99,51.99,37.39
ITM-000013878,ORD-00010002,PRD-00069,1,51.99,14.6,51.99,51.99,37.39
ITM-000013879,ORD-00010003,PRD-00099,1,50.99,27.57,50.99,50.99,23.42
ITM-000013880,ORD-00010004,PRD-00011,1,179.99,102.31,179.99,179.99,77.68
ITM-000013881,ORD-00010005,PRD-00100,2,143.99,66.17,287.98,287.98,155.64
ITM-000013882,ORD-00010006,PRD-00047,2,100.99,42.27,201.98,201.98,117.44
ITM-000013883,ORD-00010007,PRD-00099,1,50.99,27.57,50.99,50.99,23.42
ITM-000013884,ORD-00010008,PRD-00029,1,94.49,33.63,94.49,94.49,60.86
ITM-000013885,ORD-00010009,PRD-00047,1,100.99,42.27,100.99,100.99,58.72
ITM-000013886,ORD-00010010,PRD-00034,1,34.99,12.79,34.99,34.99,22.2
ITM-000013887,ORD-00010011,PRD-00033,1,27.99,11.51,27.99,27.99,16.48
ITM-000013888,ORD-00010011,PRD-00069,1,51.99,14.6,51.99,51.99,37.39
ITM-000013889,ORD-00010012,PRD-00042,2,121.99,52.18,243.98,243.98,139.62
ITM-000013890,ORD-00010013,PRD-00002,1,203.99,113.88,203.99,203.99,90.11
ITM-000013891,ORD-00010014,PRD-00014,1,337.99,200.36,337.99,337.99,137.63
ITM-000013892,ORD-00010015,PRD-00081,1,77.99,39.19,77.99,77.99,38.8
ITM-000013893,ORD-00010016,PRD-00088,1,211.99,101.84,211.99,211.99,110.15
ITM-000013894,ORD-00010017,PRD-00022,1,49.99,20.52,49.99,49.99,29.47
ITM-000013895,ORD-00010018,PRD-00030,2,67.99,29.21,135.98,135.98,77.56
ITM-000013896,ORD-00010018,PRD-00053,1,47.99,23.38,47.99,47.99,24.61
ITM-000013897,ORD-00010019,PRD-00088,1,211.99,101.84,211.99,211.99,110.15
ITM-000013898,ORD-00010019,PRD-00012,1,374.49,207.75,374.49,374.49,166.74
ITM-000013899,ORD-00010020,PRD-00026,1,94.99,41.91,94.99,94.99,53.08
ITM-000013900,ORD-00010021,PRD-00069,1,51.99,14.6,51.99,51.99,37.39
ITM-000013901,ORD-00010021,PRD-00048,1,33.49,15.83,33.49,33.49,17.66
ITM-000013902,ORD-00010022,PRD-00050,1,173.99,93.04,173.99,173.99,80.95
